audio_id,audio_path,transcript,sample_rate,source,split
librispeech_0000,data\raw\librispeech_sample\librispeech_0000.wav,HE WAS IN A FEVERED STATE OF MIND OWING TO THE BLIGHT HIS WIFE'S ACTION THREATENED TO CAST UPON HIS ENTIRE FUTURE,16000,LibriSpeech dev-clean,validation
librispeech_0001,data\raw\librispeech_sample\librispeech_0001.wav,HE WOULD HAVE TO PAY HER THE MONEY WHICH SHE WOULD NOW REGULARLY DEMAND OR THERE WOULD BE TROUBLE IT DID NOT MATTER WHAT HE DID,16000,LibriSpeech dev-clean,validation
librispeech_0002,data\raw\librispeech_sample\librispeech_0002.wav,HURSTWOOD WALKED THE FLOOR MENTALLY ARRANGING THE CHIEF POINTS OF HIS SITUATION,16000,LibriSpeech dev-clean,validation
librispeech_0003,data\raw\librispeech_sample\librispeech_0003.wav,HE ALSO THOUGHT OF HIS MANAGERIAL POSITION,16000,LibriSpeech dev-clean,validation
librispeech_0004,data\raw\librispeech_sample\librispeech_0004.wav,HOW WOULD THE PAPERS TALK ABOUT IT,16000,LibriSpeech dev-clean,validation
librispeech_0005,data\raw\librispeech_sample\librispeech_0005.wav,MANY LITTLE WRINKLES GATHERED BETWEEN HIS EYES AS HE CONTEMPLATED THIS AND HIS BROW MOISTENED,16000,LibriSpeech dev-clean,validation
librispeech_0006,data\raw\librispeech_sample\librispeech_0006.wav,HE COULD ARRANGE THAT SATISFACTORILY FOR CARRIE WOULD BE GLAD TO WAIT IF NECESSARY,16000,LibriSpeech dev-clean,validation
librispeech_0007,data\raw\librispeech_sample\librispeech_0007.wav,HE WOULD SEE HOW THINGS TURNED OUT TO MORROW AND THEN HE WOULD TALK TO HER THEY WERE GOING TO MEET AS USUAL,16000,LibriSpeech dev-clean,validation
librispeech_0008,data\raw\librispeech_sample\librispeech_0008.wav,FOR SOME REASON HE FELT AS IF SOMETHING MIGHT COME THAT WAY AND WAS RELIEVED WHEN ALL THE ENVELOPES HAD BEEN SCANNED AND NOTHING SUSPICIOUS NOTICED,16000,LibriSpeech dev-clean,validation
librispeech_0009,data\raw\librispeech_sample\librispeech_0009.wav,WHILE THE DANGER HAD NOT LESSENED IT HAD NOT AS YET MATERIALISED AND WITH HIM NO NEWS WAS GOOD NEWS,16000,LibriSpeech dev-clean,validation
librispeech_0010,data\raw\librispeech_sample\librispeech_0010.wav,SO LITTLE DID HE CONSIDER DROUET THAT IT NEVER ONCE OCCURRED TO HIM TO WORRY ABOUT HIS FINDING OUT,16000,LibriSpeech dev-clean,validation
librispeech_0011,data\raw\librispeech_sample\librispeech_0011.wav,HE GREW RESTLESS AS HE RUMINATED AND THEN DECIDED THAT PERHAPS IT WAS NOTHING,16000,LibriSpeech dev-clean,validation
librispeech_0012,data\raw\librispeech_sample\librispeech_0012.wav,SHE HAD NOT BEEN ABLE TO GET AWAY THIS MORNING,16000,LibriSpeech dev-clean,validation
librispeech_0013,data\raw\librispeech_sample\librispeech_0013.wav,HE WOULD GET ONE TO DAY IT WOULD PROBABLY BE ON HIS DESK WHEN HE GOT BACK HE WOULD LOOK FOR IT AT ONCE,16000,LibriSpeech dev-clean,validation
librispeech_0014,data\raw\librispeech_sample\librispeech_0014.wav,AFTER A TIME HE GAVE UP WAITING AND DREARILY HEADED FOR THE MADISON CAR,16000,LibriSpeech dev-clean,validation
librispeech_0015,data\raw\librispeech_sample\librispeech_0015.wav,HE WENT IN AND EXAMINED HIS LETTERS BUT THERE WAS NOTHING FROM CARRIE,16000,LibriSpeech dev-clean,validation
librispeech_0016,data\raw\librispeech_sample\librispeech_0016.wav,FORTUNATELY THERE WAS NOTHING FROM HIS WIFE EITHER,16000,LibriSpeech dev-clean,validation
librispeech_0017,data\raw\librispeech_sample\librispeech_0017.wav,AT ONE THIRTY HE WENT TO RECTOR'S FOR LUNCH AND WHEN HE RETURNED A MESSENGER WAS WAITING FOR HIM,16000,LibriSpeech dev-clean,validation
librispeech_0018,data\raw\librispeech_sample\librispeech_0018.wav,HIS FIRST IMPULSE WAS TO WRITE BUT FOUR WORDS IN REPLY GO TO THE DEVIL,16000,LibriSpeech dev-clean,validation
librispeech_0019,data\raw\librispeech_sample\librispeech_0019.wav,BUT HE COMPROMISED BY TELLING THE BOY THAT THERE WOULD BE NO REPLY,16000,LibriSpeech dev-clean,validation
librispeech_0020,data\raw\librispeech_sample\librispeech_0020.wav,THEN HE SAT DOWN IN HIS CHAIR AND GAZED WITHOUT SEEING CONTEMPLATING THE RESULT OF HIS WORK,16000,LibriSpeech dev-clean,validation
librispeech_0021,data\raw\librispeech_sample\librispeech_0021.wav,WHAT WOULD SHE DO ABOUT THAT THE CONFOUNDED WRETCH,16000,LibriSpeech dev-clean,validation
librispeech_0022,data\raw\librispeech_sample\librispeech_0022.wav,LATER HOWEVER HIS OLD DISCRETION ASSERTED ITSELF,16000,LibriSpeech dev-clean,validation
librispeech_0023,data\raw\librispeech_sample\librispeech_0023.wav,SOMETHING HAD TO BE DONE A CLIMAX WAS NEAR AND SHE WOULD NOT SIT IDLE,16000,LibriSpeech dev-clean,validation
librispeech_0024,data\raw\librispeech_sample\librispeech_0024.wav,HE KNEW HER WELL ENOUGH TO KNOW THAT WHEN SHE HAD DECIDED UPON A PLAN SHE WOULD FOLLOW IT UP,16000,LibriSpeech dev-clean,validation
librispeech_0025,data\raw\librispeech_sample\librispeech_0025.wav,HE AROSE FROM HIS CHAIR AND WENT AND LOOKED OUT INTO THE STREET,16000,LibriSpeech dev-clean,validation
librispeech_0026,data\raw\librispeech_sample\librispeech_0026.wav,THE LONG DRIZZLE HAD BEGUN PEDESTRIANS HAD TURNED UP COLLARS AND TROUSERS AT THE BOTTOM,16000,LibriSpeech dev-clean,validation
librispeech_0027,data\raw\librispeech_sample\librispeech_0027.wav,HURSTWOOD ALMOST EXCLAIMED OUT LOUD AT THE INSISTENCY OF THIS THING,16000,LibriSpeech dev-clean,validation
librispeech_0028,data\raw\librispeech_sample\librispeech_0028.wav,HE PUT ON HIS HAT AND LOOKED AROUND FOR HIS UMBRELLA,16000,LibriSpeech dev-clean,validation
librispeech_0029,data\raw\librispeech_sample\librispeech_0029.wav,HE WOULD HAVE SOME ARRANGEMENT OF THIS THING,16000,LibriSpeech dev-clean,validation
librispeech_0030,data\raw\librispeech_sample\librispeech_0030.wav,HE BEGAN TO WISH THAT HE HAD COMPROMISED IN SOME WAY OR OTHER THAT HE HAD SENT THE MONEY PERHAPS HE COULD DO IT UP HERE,16000,LibriSpeech dev-clean,validation
librispeech_0031,data\raw\librispeech_sample\librispeech_0031.wav,HE WOULD GO IN AND SEE ANYHOW HE WOULD HAVE NO ROW,16000,LibriSpeech dev-clean,validation
librispeech_0032,data\raw\librispeech_sample\librispeech_0032.wav,BY THE TIME HE REACHED HIS OWN STREET HE WAS KEENLY ALIVE TO THE DIFFICULTIES OF HIS SITUATION AND WISHED OVER AND OVER THAT SOME SOLUTION WOULD OFFER ITSELF THAT HE COULD SEE HIS WAY OUT,16000,LibriSpeech dev-clean,validation
librispeech_0033,data\raw\librispeech_sample\librispeech_0033.wav,THEN HE RANG THE BELL NO ANSWER,16000,LibriSpeech dev-clean,validation
librispeech_0034,data\raw\librispeech_sample\librispeech_0034.wav,HE RANG AGAIN THIS TIME HARDER STILL NO ANSWER,16000,LibriSpeech dev-clean,validation
librispeech_0035,data\raw\librispeech_sample\librispeech_0035.wav,WHEN HURSTWOOD GOT BACK TO HIS OFFICE AGAIN HE WAS IN A GREATER QUANDARY THAN EVER,16000,LibriSpeech dev-clean,validation
librispeech_0036,data\raw\librispeech_sample\librispeech_0036.wav,HE COULD HARDLY REALISE HOW IT HAD ALL COME ABOUT,16000,LibriSpeech dev-clean,validation
librispeech_0037,data\raw\librispeech_sample\librispeech_0037.wav,NO LETTER HAD COME NO WORD OF ANY KIND AND YET HERE IT WAS LATE IN THE EVENING AND SHE HAD AGREED TO MEET HIM THAT MORNING,16000,LibriSpeech dev-clean,validation
librispeech_0038,data\raw\librispeech_sample\librispeech_0038.wav,HE SAW THAT IN THE EXCITEMENT OF RECENT EVENTS HE HAD NOT FORMULATED A PLAN UPON THAT SCORE,16000,LibriSpeech dev-clean,validation
librispeech_0039,data\raw\librispeech_sample\librispeech_0039.wav,HE WAS GETTING SOME VAGUE COMFORT OUT OF A GOOD CIGAR BUT IT WAS NO PANACEA FOR THE ILL WHICH AFFECTED HIM,16000,LibriSpeech dev-clean,validation
librispeech_0040,data\raw\librispeech_sample\librispeech_0040.wav,IT WAS WITH GREAT OPPOSITION AFTER TWO OR THREE HOURS OF THE MOST URGENT MENTAL AFFIRMATION AND DENIAL THAT AT LAST HE GOT AN ENVELOPE PLACED IN IT THE REQUESTED AMOUNT AND SLOWLY SEALED IT UP,16000,LibriSpeech dev-clean,validation
librispeech_0041,data\raw\librispeech_sample\librispeech_0041.wav,THEN HE CALLED HARRY THE BOY OF ALL WORK AROUND THE PLACE,16000,LibriSpeech dev-clean,validation
librispeech_0042,data\raw\librispeech_sample\librispeech_0042.wav,YOU TAKE THIS TO THIS ADDRESS HE SAID HANDING HIM THE ENVELOPE AND GIVE IT TO MISSUS HURSTWOOD YES SIR SAID THE BOY,16000,LibriSpeech dev-clean,validation
librispeech_0043,data\raw\librispeech_sample\librispeech_0043.wav,ANY ANSWER I GUESS NOT,16000,LibriSpeech dev-clean,validation
librispeech_0044,data\raw\librispeech_sample\librispeech_0044.wav,THE BOY HASTENED AWAY AND THE MANAGER FELL TO HIS MUSINGS,16000,LibriSpeech dev-clean,validation
librispeech_0045,data\raw\librispeech_sample\librispeech_0045.wav,HE WAS BEATEN FOR TO NIGHT AND HE MIGHT JUST AS WELL MAKE THE BEST OF IT,16000,LibriSpeech dev-clean,validation
librispeech_0046,data\raw\librispeech_sample\librispeech_0046.wav,SHE WOULD TAKE THE ENVELOPE AND KNOW THAT SHE HAD TRIUMPHED,16000,LibriSpeech dev-clean,validation
librispeech_0047,data\raw\librispeech_sample\librispeech_0047.wav,IF HE ONLY HAD THAT LETTER BACK HE WOULDN'T SEND IT,16000,LibriSpeech dev-clean,validation
librispeech_0048,data\raw\librispeech_sample\librispeech_0048.wav,FOR RELIEF HE AROSE AND JOINED IN CONVERSATION WITH A FEW FRIENDS WHO WERE DRINKING,16000,LibriSpeech dev-clean,validation
librispeech_0049,data\raw\librispeech_sample\librispeech_0049.wav,ALL THE TIME HIS THOUGHTS WOULD RUN OUT TO HIS HOME AND SEE THE SCENE BEING THEREIN ENACTED,16000,LibriSpeech dev-clean,validation
librispeech_0050,data\raw\librispeech_sample\librispeech_0050.wav,IN ABOUT AN HOUR AND THREE QUARTERS THE BOY RETURNED,16000,LibriSpeech dev-clean,validation
librispeech_0051,data\raw\librispeech_sample\librispeech_0051.wav,HE FANCIED AS HE SAT AT HIS DESK THAT NOTHING WOULD BE DONE FOR A WEEK OR TWO MEANWHILE HE WOULD HAVE TIME TO THINK,16000,LibriSpeech dev-clean,validation
librispeech_0052,data\raw\librispeech_sample\librispeech_0052.wav,HOW ABOUT THAT NOW HIS PAIN AT HER FAILURE TO MEET OR WRITE HIM RAPIDLY INCREASED AS HE DEVOTED HIMSELF TO THIS SUBJECT,16000,LibriSpeech dev-clean,validation
librispeech_0053,data\raw\librispeech_sample\librispeech_0053.wav,HE DECIDED TO WRITE HER CARE OF THE WEST SIDE POST OFFICE AND ASK FOR AN EXPLANATION AS WELL AS TO HAVE HER MEET HIM,16000,LibriSpeech dev-clean,validation
librispeech_0054,data\raw\librispeech_sample\librispeech_0054.wav,THREE O'CLOCK CAME FOUR FIVE SIX AND NO LETTER,16000,LibriSpeech dev-clean,validation
librispeech_0055,data\raw\librispeech_sample\librispeech_0055.wav,THE HELPLESS MANAGER PACED THE FLOOR AND GRIMLY ENDURED THE GLOOM OF DEFEAT,16000,LibriSpeech dev-clean,validation
librispeech_0056,data\raw\librispeech_sample\librispeech_0056.wav,HE SAW A BUSY SATURDAY USHERED OUT THE SABBATH IN AND NOTHING DONE,16000,LibriSpeech dev-clean,validation
librispeech_0057,data\raw\librispeech_sample\librispeech_0057.wav,ALL DAY THE BAR BEING CLOSED HE BROODED ALONE SHUT OUT FROM HOME FROM THE EXCITEMENT OF HIS RESORT FROM CARRIE AND WITHOUT THE ABILITY TO ALTER HIS CONDITION ONE IOTA,16000,LibriSpeech dev-clean,validation
librispeech_0058,data\raw\librispeech_sample\librispeech_0058.wav,IT WAS THE WORST SUNDAY HE HAD SPENT IN HIS LIFE,16000,LibriSpeech dev-clean,validation
librispeech_0059,data\raw\librispeech_sample\librispeech_0059.wav,IT SEEMED AS IF HIS FAMILY TROUBLES WERE JUST BEGINNING,16000,LibriSpeech dev-clean,validation
librispeech_0060,data\raw\librispeech_sample\librispeech_0060.wav,HE WAS QUITE CERTAIN NOW THAT SHE KNEW HE WAS MARRIED AND WAS ANGERED AT HIS PERFIDY,16000,LibriSpeech dev-clean,validation
librispeech_0061,data\raw\librispeech_sample\librispeech_0061.wav,HE HAD LOVED HER EARNESTLY ENOUGH BUT NOW THAT THE POSSIBILITY OF LOSING HER STARED HIM IN THE FACE SHE SEEMED MUCH MORE ATTRACTIVE,16000,LibriSpeech dev-clean,validation
librispeech_0062,data\raw\librispeech_sample\librispeech_0062.wav,HE WOULD GO TO HER AND TELL HER ALL HIS FAMILY COMPLICATIONS,16000,LibriSpeech dev-clean,validation
librispeech_0063,data\raw\librispeech_sample\librispeech_0063.wav,HE WOULD EXPLAIN TO HER JUST WHERE HE STOOD AND HOW MUCH HE NEEDED HER,16000,LibriSpeech dev-clean,validation
librispeech_0064,data\raw\librispeech_sample\librispeech_0064.wav,HE DID MANAGE TO BRING HIMSELF INTO THE MOOD TO GO OUT TO CARRIE BUT WHEN HE GOT IN OGDEN PLACE HE THOUGHT HE SAW A MAN WATCHING HIM AND WENT AWAY,16000,LibriSpeech dev-clean,validation
librispeech_0065,data\raw\librispeech_sample\librispeech_0065.wav,HE DID NOT GO WITHIN A BLOCK OF THE HOUSE,16000,LibriSpeech dev-clean,validation
librispeech_0066,data\raw\librispeech_sample\librispeech_0066.wav,HE TROUBLED OVER MANY LITTLE DETAILS AND TALKED PERFUNCTORILY TO EVERYBODY,16000,LibriSpeech dev-clean,validation
librispeech_0067,data\raw\librispeech_sample\librispeech_0067.wav,HE STAYED AT HIS DESK LONG AFTER ALL OTHERS HAD GONE AND ONLY QUITTED IT WHEN THE NIGHT WATCHMAN ON HIS ROUND PULLED AT THE FRONT DOOR TO SEE IF IT WAS SAFELY LOCKED,16000,LibriSpeech dev-clean,validation
librispeech_0068,data\raw\librispeech_sample\librispeech_0068.wav,ON WEDNESDAY HE RECEIVED ANOTHER POLITE NOTE FROM MC GREGOR JAMES AND HAY IT READ,16000,LibriSpeech dev-clean,validation
librispeech_0069,data\raw\librispeech_sample\librispeech_0069.wav,DEAR SIR WE BEG TO INFORM YOU THAT WE ARE INSTRUCTED TO WAIT UNTIL TO MORROW THURSDAY AT ONE O'CLOCK BEFORE FILING SUIT AGAINST YOU ON BEHALF OF MISSUS JULIA HURSTWOOD FOR DIVORCE AND ALIMONY,16000,LibriSpeech dev-clean,validation
librispeech_0070,data\raw\librispeech_sample\librispeech_0070.wav,VERY TRULY YOURS ET CETERA COMPROMISE,16000,LibriSpeech dev-clean,validation
librispeech_0071,data\raw\librispeech_sample\librispeech_0071.wav,SO HERE IT WAS SPREAD OUT CLEAR BEFORE HIM AND NOW HE KNEW WHAT TO EXPECT,16000,LibriSpeech dev-clean,validation
librispeech_0072,data\raw\librispeech_sample\librispeech_0072.wav,IF HE DIDN'T GO AND SEE THEM THEY WOULD SUE HIM PROMPTLY,16000,LibriSpeech dev-clean,validation
librispeech_0073,data\raw\librispeech_sample\librispeech_0073.wav,MINNIE'S FLAT AS THE ONE FLOOR RESIDENT APARTMENTS WERE THEN BEING CALLED WAS IN A PART OF WEST VAN BUREN STREET INHABITED BY FAMILIES OF LABOURERS AND CLERKS MEN WHO HAD COME AND WERE STILL COMING WITH THE RUSH OF POPULATION POURING IN AT THE RATE OF FIFTY THOUSAND A YEAR,16000,LibriSpeech dev-clean,validation
librispeech_0074,data\raw\librispeech_sample\librispeech_0074.wav,TO CARRIE THE SOUND OF THE LITTLE BELLS UPON THE HORSE CARS AS THEY TINKLED IN AND OUT OF HEARING WAS AS PLEASING AS IT WAS NOVEL,16000,LibriSpeech dev-clean,validation
librispeech_0075,data\raw\librispeech_sample\librispeech_0075.wav,TO HIM THE PRESENCE OR ABSENCE OF HIS WIFE'S SISTER WAS A MATTER OF INDIFFERENCE,16000,LibriSpeech dev-clean,validation
librispeech_0076,data\raw\librispeech_sample\librispeech_0076.wav,HE WAS OF A CLEAN SAVING DISPOSITION AND HAD ALREADY PAID A NUMBER OF MONTHLY INSTALMENTS ON TWO LOTS FAR OUT ON THE WEST SIDE,16000,LibriSpeech dev-clean,validation
librispeech_0077,data\raw\librispeech_sample\librispeech_0077.wav,HIS AMBITION WAS SOME DAY TO BUILD A HOUSE ON THEM,16000,LibriSpeech dev-clean,validation
librispeech_0078,data\raw\librispeech_sample\librispeech_0078.wav,SHE HAD SOME SLIGHT GIFT OF OBSERVATION AND THAT SENSE SO RICH IN EVERY WOMAN INTUITION,16000,LibriSpeech dev-clean,validation
librispeech_0079,data\raw\librispeech_sample\librispeech_0079.wav,THE WALLS OF THE ROOMS WERE DISCORDANTLY PAPERED,16000,LibriSpeech dev-clean,validation
librispeech_0080,data\raw\librispeech_sample\librispeech_0080.wav,THE FLOORS WERE COVERED WITH MATTING AND THE HALL LAID WITH A THIN RAG CARPET,16000,LibriSpeech dev-clean,validation
librispeech_0081,data\raw\librispeech_sample\librispeech_0081.wav,THEN SHE WALKED AND SANG TO IT UNTIL HANSON DISTURBED IN HIS READING CAME AND TOOK IT,16000,LibriSpeech dev-clean,validation
librispeech_0082,data\raw\librispeech_sample\librispeech_0082.wav,ONE COULD SEE THAT HE WAS VERY MUCH WRAPPED UP IN HIS OFFSPRING,16000,LibriSpeech dev-clean,validation
librispeech_0083,data\raw\librispeech_sample\librispeech_0083.wav,NOW NOW HE SAID WALKING THERE THERE AND THERE WAS A CERTAIN SWEDISH ACCENT NOTICEABLE IN HIS VOICE,16000,LibriSpeech dev-clean,validation
librispeech_0084,data\raw\librispeech_sample\librispeech_0084.wav,HE SEEMED TO BE THINKING OF SOMETHING ELSE,16000,LibriSpeech dev-clean,validation
librispeech_0085,data\raw\librispeech_sample\librispeech_0085.wav,MINNIE BEGAN TO EXPLAIN BUT HER HUSBAND TOOK THIS PART OF THE CONVERSATION TO HIMSELF,16000,LibriSpeech dev-clean,validation
librispeech_0086,data\raw\librispeech_sample\librispeech_0086.wav,YOU COULD GET HOME EASY TOO IT ISN'T VERY FAR,16000,LibriSpeech dev-clean,validation
librispeech_0087,data\raw\librispeech_sample\librispeech_0087.wav,SHE ASKED MINNIE FOR INK AND PAPER WHICH WERE UPON THE MANTEL IN THE DINING ROOM AND WHEN THE LATTER HAD GONE TO BED AT TEN GOT OUT DROUET'S CARD AND WROTE HIM,16000,LibriSpeech dev-clean,validation
librispeech_0088,data\raw\librispeech_sample\librispeech_0088.wav,SHE WANTED TO MAKE SOME REFERENCE TO THEIR RELATIONS UPON THE TRAIN BUT WAS TOO TIMID,16000,LibriSpeech dev-clean,validation
librispeech_0089,data\raw\librispeech_sample\librispeech_0089.wav,ANYTHING WAS GOOD ENOUGH SO LONG AS IT PAID SAY FIVE DOLLARS A WEEK TO BEGIN WITH,16000,LibriSpeech dev-clean,validation
librispeech_0090,data\raw\librispeech_sample\librispeech_0090.wav,A SHOP GIRL WAS THE DESTINY PREFIGURED FOR THE NEWCOMER,16000,LibriSpeech dev-clean,validation
librispeech_0091,data\raw\librispeech_sample\librispeech_0091.wav,IT WAS UNDER SUCH AUSPICIOUS CIRCUMSTANCES THAT SHE STARTED OUT THIS MORNING TO LOOK FOR WORK,16000,LibriSpeech dev-clean,validation
librispeech_0092,data\raw\librispeech_sample\librispeech_0092.wav,NARROW BOARD WALKS EXTENDED OUT PASSING HERE A HOUSE AND THERE A STORE AT FAR INTERVALS EVENTUALLY ENDING ON THE OPEN PRAIRIE,16000,LibriSpeech dev-clean,validation
librispeech_0093,data\raw\librispeech_sample\librispeech_0093.wav,IT GAVE AN IMPOSING APPEARANCE TO MOST OF THE WHOLESALE HOUSES WHOSE OFFICES WERE UPON THE GROUND FLOOR AND IN PLAIN VIEW OF THE STREET,16000,LibriSpeech dev-clean,validation
librispeech_0094,data\raw\librispeech_sample\librispeech_0094.wav,THESE VAST BUILDINGS WHAT WERE THEY,16000,LibriSpeech dev-clean,validation
librispeech_0095,data\raw\librispeech_sample\librispeech_0095.wav,SHE WAS FOUR YEARS OLDER THAN I TO BE SURE AND HAD SEEN MORE OF THE WORLD BUT I WAS A BOY AND SHE WAS A GIRL AND I RESENTED HER PROTECTING MANNER,16000,LibriSpeech dev-clean,validation
librispeech_0096,data\raw\librispeech_sample\librispeech_0096.wav,THIS CHANGE CAME ABOUT FROM AN ADVENTURE WE HAD TOGETHER,16000,LibriSpeech dev-clean,validation
librispeech_0097,data\raw\librispeech_sample\librispeech_0097.wav,ONE DAY WHEN I RODE OVER TO THE SHIMERDAS I FOUND ANTONIA STARTING OFF ON FOOT FOR RUSSIAN PETER'S HOUSE TO BORROW A SPADE AMBROSCH NEEDED,16000,LibriSpeech dev-clean,validation
librispeech_0098,data\raw\librispeech_sample\librispeech_0098.wav,THERE HAD BEEN ANOTHER BLACK FROST THE NIGHT BEFORE AND THE AIR WAS CLEAR AND HEADY AS WINE,16000,LibriSpeech dev-clean,validation
librispeech_0099,data\raw\librispeech_sample\librispeech_0099.wav,IT WAS ON ONE OF THESE GRAVEL BEDS THAT I MET MY ADVENTURE,16000,LibriSpeech dev-clean,validation
librispeech_0100,data\raw\librispeech_sample\librispeech_0100.wav,I WHIRLED ROUND AND THERE ON ONE OF THOSE DRY GRAVEL BEDS WAS THE BIGGEST SNAKE I HAD EVER SEEN,16000,LibriSpeech dev-clean,validation
librispeech_0101,data\raw\librispeech_sample\librispeech_0101.wav,I KNOW I AM JUST AWFUL JIM I WAS SO SCARED,16000,LibriSpeech dev-clean,validation
librispeech_0102,data\raw\librispeech_sample\librispeech_0102.wav,I NEVER KNOW YOU WAS SO BRAVE JIM SHE WENT ON COMFORTINGLY,16000,LibriSpeech dev-clean,validation
librispeech_0103,data\raw\librispeech_sample\librispeech_0103.wav,A FAINT FETID SMELL CAME FROM HIM AND A THREAD OF GREEN LIQUID OOZED FROM HIS CRUSHED HEAD,16000,LibriSpeech dev-clean,validation
librispeech_0104,data\raw\librispeech_sample\librispeech_0104.wav,LOOK TONY THAT'S HIS POISON I SAID,16000,LibriSpeech dev-clean,validation
librispeech_0105,data\raw\librispeech_sample\librispeech_0105.wav,I EXPLAINED TO ANTONIA HOW THIS MEANT THAT HE WAS TWENTY FOUR YEARS OLD THAT HE MUST HAVE BEEN THERE WHEN WHITE MEN FIRST CAME LEFT ON FROM BUFFALO AND INDIAN TIMES,16000,LibriSpeech dev-clean,validation
librispeech_0106,data\raw\librispeech_sample\librispeech_0106.wav,WE DECIDED THAT ANTONIA SHOULD RIDE DUDE HOME AND I WOULD WALK,16000,LibriSpeech dev-clean,validation
librispeech_0107,data\raw\librispeech_sample\librispeech_0107.wav,I FOLLOWED WITH THE SPADE OVER MY SHOULDER DRAGGING MY SNAKE,16000,LibriSpeech dev-clean,validation
librispeech_0108,data\raw\librispeech_sample\librispeech_0108.wav,OTTO FUCHS WAS THE FIRST ONE WE MET,16000,LibriSpeech dev-clean,validation
librispeech_0109,data\raw\librispeech_sample\librispeech_0109.wav,HE COULD STAND RIGHT UP AND TALK TO YOU HE COULD DID HE FIGHT HARD,16000,LibriSpeech dev-clean,validation
librispeech_0110,data\raw\librispeech_sample\librispeech_0110.wav,OTTO WINKED AT ME,16000,LibriSpeech dev-clean,validation
librispeech_0111,data\raw\librispeech_sample\librispeech_0111.wav,A SNAKE OF HIS SIZE IN FIGHTING TRIM WOULD BE MORE THAN ANY BOY COULD HANDLE,16000,LibriSpeech dev-clean,validation
librispeech_0112,data\raw\librispeech_sample\librispeech_0112.wav,THROUGHOUT THIS CENTURY THE POWER OF THE CHURCH WAS CONSTANTLY ON THE INCREASE AND IS VISIBLE IN MANY IMPORTANT CHANGES,16000,LibriSpeech dev-clean,validation
librispeech_0113,data\raw\librispeech_sample\librispeech_0113.wav,THE ANCESTORS OF THE PRESENT PRETENDER CONGAL SURNAMED THE SQUINT EYED HAD TWICE RECEIVED AND CHERISHED THE LICENTIOUS BARDS WHEN UNDER THE BAN OF TARA AND HIS POPULARITY WITH THAT STILL POWERFUL ORDER WAS ONE PROP OF HIS AMBITION,16000,LibriSpeech dev-clean,validation
librispeech_0114,data\raw\librispeech_sample\librispeech_0114.wav,IT IS PRETTY CLEAR ALSO THAT THE LAST RALLY OF DRUIDISM AGAINST CHRISTIANITY TOOK PLACE BEHIND HIS BANNER ON THE PLAIN OF MOIRA,16000,LibriSpeech dev-clean,validation
librispeech_0115,data\raw\librispeech_sample\librispeech_0115.wav,THE POETS OF SUCCEEDING AGES HAVE DWELT MUCH IN DETAIL ON THE OCCURRENCES OF THIS MEMORABLE DAY,16000,LibriSpeech dev-clean,validation
librispeech_0116,data\raw\librispeech_sample\librispeech_0116.wav,LIKE THE TWO KINGS OF SPARTA THEY REIGNED JOINTLY DIVIDING BETWEEN THEM THE LABOURS AND CARES OF STATE,16000,LibriSpeech dev-clean,validation
librispeech_0117,data\raw\librispeech_sample\librispeech_0117.wav,IT WAS THE SEASON WHEN THE ANCIENT SUN GOD HAD BEEN ACCUSTOMED TO RECEIVE HIS ANNUAL OBLATIONS AND WE CAN WELL BELIEVE THAT THOSE WHOSE HEARTS STILL TREMBLED AT THE NAME OF BEL MUST HAVE CONNECTED THE ECLIPSE AND THE PLAGUE WITH THE REVOLUTION IN THE NATIONAL WORSHIP AND THE OVERTHROW OF THE ANCIENT GODS ON THAT PLAIN OF PROSTRATION WHERE THEY HAD SO LONG RECEIVED THE HOMAGE OF AN ENTIRE PEOPLE,16000,LibriSpeech dev-clean,validation
librispeech_0118,data\raw\librispeech_sample\librispeech_0118.wav,LASTLY THE ROYAL BROTHERS FELL THEMSELVES VICTIMS TO THE EPIDEMIC WHICH SO SADLY SIGNALIZES THEIR REIGN,16000,LibriSpeech dev-clean,validation
librispeech_0119,data\raw\librispeech_sample\librispeech_0119.wav,THE ONLY CONFLICTS THAT OCCURRED ON IRISH SOIL WITH A PICTISH OR AN ANGLO SAXON FORCE IF WE EXCEPT THOSE WHO FORMED A CONTINGENT OF CONGAL'S ARMY AT MOIRA OCCURRED IN THE TIME OF THE HOSPITABLE FINNACTA,16000,LibriSpeech dev-clean,validation
librispeech_0120,data\raw\librispeech_sample\librispeech_0120.wav,AS LEADING TO THE MENTION OF OTHER INTERESTING EVENTS WE MUST SET THIS INROAD CLEARLY BEFORE THE READER,16000,LibriSpeech dev-clean,validation
librispeech_0121,data\raw\librispeech_sample\librispeech_0121.wav,THE SAXONS OF KENT AND THE SOUTHERN KINGDOMS GENERALLY WERE CONVERTED BY MISSIONARIES FROM FRANCE OR ROME OR NATIVE PREACHERS OF THE FIRST OR SECOND CHRISTIAN GENERATION THOSE OF NORTHUMBRIA RECOGNISE AS THEIR APOSTLES SAINT AIDAN AND SAINT CUTHBERT TWO FATHERS FROM IONA,16000,LibriSpeech dev-clean,validation
librispeech_0122,data\raw\librispeech_sample\librispeech_0122.wav,THE KINGDOM OF NORTHUMBRIA AS THE NAME IMPLIES EMBRACED NEARLY ALL THE COUNTRY FROM THE HUMBER TO THE PICTISH BORDER,16000,LibriSpeech dev-clean,validation
librispeech_0123,data\raw\librispeech_sample\librispeech_0123.wav,THE BARREN ROCK ABOUT THREE MILES IN LENGTH WAS COVERED WITH MONASTIC BUILDINGS AND ITS CEMETERY WAS ALREADY ADORNED WITH THE TOMBS OF SAINTS AND KINGS,16000,LibriSpeech dev-clean,validation
librispeech_0124,data\raw\librispeech_sample\librispeech_0124.wav,NOW EVERY MISSIONARY THAT EVER WENT OUT FROM IONA HAD TAUGHT THAT TO REDUCE CHRISTIANS TO SLAVERY WAS WHOLLY INCONSISTENT WITH A BELIEF IN THE DOCTRINES OF THE GOSPEL,16000,LibriSpeech dev-clean,validation
librispeech_0125,data\raw\librispeech_sample\librispeech_0125.wav,WHILE THE LIBERATED EXILES REJOICED ON THE PLAIN OF MEATH THE TENT OF THE ABBOT OF IONA WAS PITCHED ON THE RATH OF TARA A FACT WHICH WOULD SEEM TO INDICATE THAT ALREADY IN LITTLE MORE THAN A CENTURY SINCE THE INTERDICT HAD FALLEN ON IT THE EDIFICES WHICH MADE SO FINE A SHOW IN THE DAYS OF PATRICK WERE RUINED AND UNINHABITABLE,16000,LibriSpeech dev-clean,validation
librispeech_0126,data\raw\librispeech_sample\librispeech_0126.wav,SO SLOW AND PATIENT IS THE PROCESS BY WHICH CHRISTIANITY INFUSES ITSELF INTO THE SOCIAL LIFE OF A CONVERTED PEOPLE,16000,LibriSpeech dev-clean,validation
librispeech_0127,data\raw\librispeech_sample\librispeech_0127.wav,HERE THE HOLY PRELATE OF FERNS MET HIM AND RELATED A VISION IN WHICH HE HAD BEEN INSTRUCTED TO DEMAND THE ABOLITION OF THE IMPOST,16000,LibriSpeech dev-clean,validation
librispeech_0128,data\raw\librispeech_sample\librispeech_0128.wav,THE TRIBUTE WAS AT THIS PERIOD ENORMOUS FIFTEEN THOUSAND HEAD OF CATTLE ANNUALLY,16000,LibriSpeech dev-clean,validation
librispeech_0129,data\raw\librispeech_sample\librispeech_0129.wav,SAINT MOLING SURVIVED HIM THREE YEARS AND SAINT ADAMNAN SO INTIMATELY CONNECTED WITH HIS REIGN TEN YEARS,16000,LibriSpeech dev-clean,validation
librispeech_0130,data\raw\librispeech_sample\librispeech_0130.wav,NOTHING COULD BE MORE NATURAL THAN SUCH AN ASSEMBLY IN SUCH A PLACE AT SUCH A PERIOD,16000,LibriSpeech dev-clean,validation
librispeech_0131,data\raw\librispeech_sample\librispeech_0131.wav,PETER TOLD HIS TROUBLES TO MISTER SHIMERDA HE WAS UNABLE TO MEET A NOTE WHICH FELL DUE ON THE FIRST OF NOVEMBER HAD TO PAY AN EXORBITANT BONUS ON RENEWING IT AND TO GIVE A MORTGAGE ON HIS PIGS AND HORSES AND EVEN HIS MILK COW,16000,LibriSpeech dev-clean,validation
librispeech_0132,data\raw\librispeech_sample\librispeech_0132.wav,PETER COULD GIVE NO VERY CLEAR ACCOUNT OF HIS TRANSACTIONS WITH CUTTER,16000,LibriSpeech dev-clean,validation
librispeech_0133,data\raw\librispeech_sample\librispeech_0133.wav,SHE ASKED PETER TO WAIT A MOMENT AND WHEN SHE CAME BACK FROM THE KITCHEN SHE BROUGHT A BAG OF SANDWICHES AND DOUGHNUTS FOR US,16000,LibriSpeech dev-clean,validation
librispeech_0134,data\raw\librispeech_sample\librispeech_0134.wav,WE LAY STILL AND DID NOT TALK,16000,LibriSpeech dev-clean,validation
librispeech_0135,data\raw\librispeech_sample\librispeech_0135.wav,THE LITTLE HOUSE ON THE HILLSIDE WAS SO MUCH THE COLOR OF THE NIGHT THAT WE COULD NOT SEE IT AS WE CAME UP THE DRAW,16000,LibriSpeech dev-clean,validation
librispeech_0136,data\raw\librispeech_sample\librispeech_0136.wav,THEY MADE ME THINK OF DEFEATED ARMIES RETREATING OR OF GHOSTS WHO WERE TRYING DESPERATELY TO GET IN FOR SHELTER AND THEN WENT MOANING ON,16000,LibriSpeech dev-clean,validation
librispeech_0137,data\raw\librispeech_sample\librispeech_0137.wav,I COULD NOT TAKE MY EYES OFF THE MAN IN THE BED,16000,LibriSpeech dev-clean,validation
librispeech_0138,data\raw\librispeech_sample\librispeech_0138.wav,THE SHARP SMELL OF SPIRITS WENT THROUGH THE ROOM,16000,LibriSpeech dev-clean,validation
librispeech_0139,data\raw\librispeech_sample\librispeech_0139.wav,IT SEEMED TO ME THAT HE DESPISED HIM FOR BEING SO SIMPLE AND DOCILE,16000,LibriSpeech dev-clean,validation
librispeech_0140,data\raw\librispeech_sample\librispeech_0140.wav,THE SICK MAN RAGED AND SHOOK HIS FIST,16000,LibriSpeech dev-clean,validation
librispeech_0141,data\raw\librispeech_sample\librispeech_0141.wav,HE SEEMED TO BE CURSING PEOPLE WHO HAD WRONGED HIM,16000,LibriSpeech dev-clean,validation
librispeech_0142,data\raw\librispeech_sample\librispeech_0142.wav,QUICKLY IT WAS COVERED WITH BRIGHT RED SPOTS I THOUGHT I HAD NEVER SEEN ANY BLOOD SO BRIGHT,16000,LibriSpeech dev-clean,validation
librispeech_0143,data\raw\librispeech_sample\librispeech_0143.wav,HE LAY PATIENTLY FIGHTING FOR BREATH LIKE A CHILD WITH CROUP,16000,LibriSpeech dev-clean,validation
librispeech_0144,data\raw\librispeech_sample\librispeech_0144.wav,ANTONIA'S FATHER UNCOVERED ONE OF HIS LONG BONY LEGS AND RUBBED IT RHYTHMICALLY,16000,LibriSpeech dev-clean,validation
librispeech_0145,data\raw\librispeech_sample\librispeech_0145.wav,FROM OUR BENCH WE COULD SEE WHAT A HOLLOW CASE HIS BODY WAS,16000,LibriSpeech dev-clean,validation
librispeech_0146,data\raw\librispeech_sample\librispeech_0146.wav,GRADUALLY RELIEF CAME TO ALL OF US,16000,LibriSpeech dev-clean,validation
librispeech_0147,data\raw\librispeech_sample\librispeech_0147.wav,WITHOUT A WORD PETER GOT UP AND LIT HIS LANTERN,16000,LibriSpeech dev-clean,validation
librispeech_0148,data\raw\librispeech_sample\librispeech_0148.wav,MISTER SHIMERDA WENT WITH HIM,16000,LibriSpeech dev-clean,validation
librispeech_0149,data\raw\librispeech_sample\librispeech_0149.wav,AFTER THE CEREMONY AT THE CHURCH THE PARTY WENT TO A DINNER GIVEN BY THE PARENTS OF THE BRIDE,16000,LibriSpeech dev-clean,validation
librispeech_0150,data\raw\librispeech_sample\librispeech_0150.wav,THE FIRST HOWLS WERE TAKEN UP AND ECHOED AND WITH QUICKENING REPETITIONS,16000,LibriSpeech dev-clean,validation
librispeech_0151,data\raw\librispeech_sample\librispeech_0151.wav,A BLACK DROVE CAME UP OVER THE HILL BEHIND THE WEDDING PARTY,16000,LibriSpeech dev-clean,validation
librispeech_0152,data\raw\librispeech_sample\librispeech_0152.wav,SOMETHING HAPPENED TO THE HINDMOST SLEDGE THE DRIVER LOST CONTROL HE WAS PROBABLY VERY DRUNK THE HORSES LEFT THE ROAD THE SLEDGE WAS CAUGHT IN A CLUMP OF TREES AND OVERTURNED,16000,LibriSpeech dev-clean,validation
librispeech_0153,data\raw\librispeech_sample\librispeech_0153.wav,THE SHRIEKS THAT FOLLOWED MADE EVERYBODY SOBER,16000,LibriSpeech dev-clean,validation
librispeech_0154,data\raw\librispeech_sample\librispeech_0154.wav,THE ROAD WAS CLEAR AND WHITE AND THE GROOM'S THREE BLACKS WENT LIKE THE WIND,16000,LibriSpeech dev-clean,validation
librispeech_0155,data\raw\librispeech_sample\librispeech_0155.wav,THERE ARE ONLY THREE SLEDGES LEFT HE WHISPERED,16000,LibriSpeech dev-clean,validation
librispeech_0156,data\raw\librispeech_sample\librispeech_0156.wav,AND THE WOLVES PAVEL ASKED ENOUGH ENOUGH FOR ALL OF US,16000,LibriSpeech dev-clean,validation
librispeech_0157,data\raw\librispeech_sample\librispeech_0157.wav,THEY WERE WITHIN A FEW MILES OF THEIR VILLAGE NOW,16000,LibriSpeech dev-clean,validation
librispeech_0158,data\raw\librispeech_sample\librispeech_0158.wav,YES HOW MANY,16000,LibriSpeech dev-clean,validation
librispeech_0159,data\raw\librispeech_sample\librispeech_0159.wav,TWENTY THIRTY ENOUGH,16000,LibriSpeech dev-clean,validation
librispeech_0160,data\raw\librispeech_sample\librispeech_0160.wav,NOW HIS MIDDLE HORSE WAS BEING ALMOST DRAGGED BY THE OTHER TWO,16000,LibriSpeech dev-clean,validation
librispeech_0161,data\raw\librispeech_sample\librispeech_0161.wav,PAVEL KNOCKED HIM OVER THE SIDE OF THE SLEDGE AND THREW THE GIRL AFTER HIM,16000,LibriSpeech dev-clean,validation
librispeech_0162,data\raw\librispeech_sample\librispeech_0162.wav,PETER CROUCHING IN THE FRONT SEAT SAW NOTHING,16000,LibriSpeech dev-clean,validation
librispeech_0163,data\raw\librispeech_sample\librispeech_0163.wav,THE FIRST THING EITHER OF THEM NOTICED WAS A NEW SOUND THAT BROKE INTO THE CLEAR AIR LOUDER THAN THEY HAD EVER HEARD IT BEFORE THE BELL OF THE MONASTERY OF THEIR OWN VILLAGE RINGING FOR EARLY PRAYERS,16000,LibriSpeech dev-clean,validation
librispeech_0164,data\raw\librispeech_sample\librispeech_0164.wav,THEY WERE RUN OUT OF THEIR VILLAGE,16000,LibriSpeech dev-clean,validation
librispeech_0165,data\raw\librispeech_sample\librispeech_0165.wav,WHEREVER THEY WENT THE STORY FOLLOWED THEM,16000,LibriSpeech dev-clean,validation
librispeech_0166,data\raw\librispeech_sample\librispeech_0166.wav,THEY WORKED IN CHICAGO DES MOINES FORT WAYNE BUT THEY WERE ALWAYS UNFORTUNATE,16000,LibriSpeech dev-clean,validation
librispeech_0167,data\raw\librispeech_sample\librispeech_0167.wav,DURING THE AUCTION HE WENT ABOUT WITH HIS HEAD DOWN AND NEVER LIFTED HIS EYES,16000,LibriSpeech dev-clean,validation
librispeech_0168,data\raw\librispeech_sample\librispeech_0168.wav,EVERY ONE SAID PETER KISSED THE COW BEFORE SHE WAS LED AWAY BY HER NEW OWNER,16000,LibriSpeech dev-clean,validation
librispeech_0169,data\raw\librispeech_sample\librispeech_0169.wav,THE LOSS OF HIS TWO FRIENDS HAD A DEPRESSING EFFECT UPON OLD MISTER SHIMERDA,16000,LibriSpeech dev-clean,validation
librispeech_0170,data\raw\librispeech_sample\librispeech_0170.wav,WHEN HE WAS OUT HUNTING HE USED TO GO INTO THE EMPTY LOG HOUSE AND SIT THERE BROODING,16000,LibriSpeech dev-clean,validation
librispeech_0171,data\raw\librispeech_sample\librispeech_0171.wav,THIS CABIN WAS HIS HERMITAGE UNTIL THE WINTER SNOWS PENNED HIM IN HIS CAVE,16000,LibriSpeech dev-clean,validation
librispeech_0172,data\raw\librispeech_sample\librispeech_0172.wav,THE NARRATIVE IT MAY BE IS WOVEN OF SO HUMBLE A TEXTURE AS TO REQUIRE THIS ADVANTAGE AND AT THE SAME TIME TO RENDER IT THE MORE DIFFICULT OF ATTAINMENT,16000,LibriSpeech dev-clean,validation
librispeech_0173,data\raw\librispeech_sample\librispeech_0173.wav,IN GOOD FAITH HOWEVER HE IS NOT SUFFICIENTLY IMAGINATIVE TO FLATTER HIMSELF WITH THE SLIGHTEST HOPE OF THIS KIND,16000,LibriSpeech dev-clean,validation
librispeech_0174,data\raw\librispeech_sample\librispeech_0174.wav,THE AUTHOR HAS CONSIDERED IT HARDLY WORTH HIS WHILE THEREFORE RELENTLESSLY TO IMPALE THE STORY WITH ITS MORAL AS WITH AN IRON ROD OR RATHER AS BY STICKING A PIN THROUGH A BUTTERFLY THUS AT ONCE DEPRIVING IT OF LIFE AND CAUSING IT TO STIFFEN IN AN UNGAINLY AND UNNATURAL ATTITUDE,16000,LibriSpeech dev-clean,validation
librispeech_0175,data\raw\librispeech_sample\librispeech_0175.wav,IF PERMITTED BY THE HISTORICAL CONNECTION WHICH THOUGH SLIGHT WAS ESSENTIAL TO HIS PLAN THE AUTHOR WOULD VERY WILLINGLY HAVE AVOIDED ANYTHING OF THIS NATURE,16000,LibriSpeech dev-clean,validation
librispeech_0176,data\raw\librispeech_sample\librispeech_0176.wav,HE TRUSTS NOT TO BE CONSIDERED AS UNPARDONABLY OFFENDING BY LAYING OUT A STREET THAT INFRINGES UPON NOBODY'S PRIVATE RIGHTS AND APPROPRIATING A LOT OF LAND WHICH HAD NO VISIBLE OWNER AND BUILDING A HOUSE OF MATERIALS LONG IN USE FOR CONSTRUCTING CASTLES IN THE AIR,16000,LibriSpeech dev-clean,validation
librispeech_0177,data\raw\librispeech_sample\librispeech_0177.wav,THE ENCLOSURE HAD FORMERLY BEEN VERY EXTENSIVE BUT WAS NOW CONTRACTED WITHIN SMALL COMPASS AND HEMMED ABOUT PARTLY BY HIGH WOODEN FENCES AND PARTLY BY THE OUTBUILDINGS OF HOUSES THAT STOOD ON ANOTHER STREET,16000,LibriSpeech dev-clean,validation
librispeech_0178,data\raw\librispeech_sample\librispeech_0178.wav,THE WHITE DOUBLE ROSEBUSH HAD EVIDENTLY BEEN PROPPED UP ANEW AGAINST THE HOUSE SINCE THE COMMENCEMENT OF THE SEASON AND A PEAR TREE AND THREE DAMSON TREES WHICH EXCEPT A ROW OF CURRANT BUSHES CONSTITUTED THE ONLY VARIETIES OF FRUIT BORE MARKS OF THE RECENT AMPUTATION OF SEVERAL SUPERFLUOUS OR DEFECTIVE LIMBS,16000,LibriSpeech dev-clean,validation
librispeech_0179,data\raw\librispeech_sample\librispeech_0179.wav,THERE WERE ALSO A FEW SPECIES OF ANTIQUE AND HEREDITARY FLOWERS IN NO VERY FLOURISHING CONDITION BUT SCRUPULOUSLY WEEDED AS IF SOME PERSON EITHER OUT OF LOVE OR CURIOSITY HAD BEEN ANXIOUS TO BRING THEM TO SUCH PERFECTION AS THEY WERE CAPABLE OF ATTAINING,16000,LibriSpeech dev-clean,validation
librispeech_0180,data\raw\librispeech_sample\librispeech_0180.wav,SUMMER SQUASHES ALMOST IN THEIR GOLDEN BLOSSOM CUCUMBERS NOW EVINCING A TENDENCY TO SPREAD AWAY FROM THE MAIN STOCK AND RAMBLE FAR AND WIDE TWO OR THREE ROWS OF STRING BEANS AND AS MANY MORE THAT WERE ABOUT TO FESTOON THEMSELVES ON POLES TOMATOES OCCUPYING A SITE SO SHELTERED AND SUNNY THAT THE PLANTS WERE ALREADY GIGANTIC AND PROMISED AN EARLY AND ABUNDANT HARVEST,16000,LibriSpeech dev-clean,validation
librispeech_0181,data\raw\librispeech_sample\librispeech_0181.wav,PHOEBE WONDERED WHOSE CARE AND TOIL IT COULD HAVE BEEN THAT HAD PLANTED THESE VEGETABLES AND KEPT THE SOIL SO CLEAN AND ORDERLY,16000,LibriSpeech dev-clean,validation
librispeech_0182,data\raw\librispeech_sample\librispeech_0182.wav,BEES TOO STRANGE TO SAY HAD THOUGHT IT WORTH THEIR WHILE TO COME HITHER POSSIBLY FROM THE RANGE OF HIVES BESIDE SOME FARM HOUSE MILES AWAY,16000,LibriSpeech dev-clean,validation
librispeech_0183,data\raw\librispeech_sample\librispeech_0183.wav,THIS WAS A FOUNTAIN SET ROUND WITH A RIM OF OLD MOSSY STONES AND PAVED IN ITS BED WITH WHAT APPEARED TO BE A SORT OF MOSAIC WORK OF VARIOUSLY COLORED PEBBLES,16000,LibriSpeech dev-clean,validation
librispeech_0184,data\raw\librispeech_sample\librispeech_0184.wav,IT NOW CONTAINED ONLY CHANTICLEER HIS TWO WIVES AND A SOLITARY CHICKEN,16000,LibriSpeech dev-clean,validation
librispeech_0185,data\raw\librispeech_sample\librispeech_0185.wav,IT WAS EVIDENT THAT THE RACE HAD DEGENERATED LIKE MANY A NOBLE RACE BESIDES IN CONSEQUENCE OF TOO STRICT A WATCHFULNESS TO KEEP IT PURE,16000,LibriSpeech dev-clean,validation
librispeech_0186,data\raw\librispeech_sample\librispeech_0186.wav,THESE FEATHERED PEOPLE HAD EXISTED TOO LONG IN THEIR DISTINCT VARIETY A FACT OF WHICH THE PRESENT REPRESENTATIVES JUDGING BY THEIR LUGUBRIOUS DEPORTMENT SEEMED TO BE AWARE,16000,LibriSpeech dev-clean,validation
librispeech_0187,data\raw\librispeech_sample\librispeech_0187.wav,THEY KEPT THEMSELVES ALIVE UNQUESTIONABLY AND LAID NOW AND THEN AN EGG AND HATCHED A CHICKEN NOT FOR ANY PLEASURE OF THEIR OWN BUT THAT THE WORLD MIGHT NOT ABSOLUTELY LOSE WHAT HAD ONCE BEEN SO ADMIRABLE A BREED OF FOWLS,16000,LibriSpeech dev-clean,validation
librispeech_0188,data\raw\librispeech_sample\librispeech_0188.wav,THE DISTINGUISHING MARK OF THE HENS WAS A CREST OF LAMENTABLY SCANTY GROWTH IN THESE LATTER DAYS BUT SO ODDLY AND WICKEDLY ANALOGOUS TO HEPZIBAH'S TURBAN THAT PHOEBE TO THE POIGNANT DISTRESS OF HER CONSCIENCE BUT INEVITABLY WAS LED TO FANCY A GENERAL RESEMBLANCE BETWIXT THESE FORLORN BIPEDS AND HER RESPECTABLE RELATIVE,16000,LibriSpeech dev-clean,validation
librispeech_0189,data\raw\librispeech_sample\librispeech_0189.wav,THE CHICKEN CREPT THROUGH THE PALES OF THE COOP AND RAN WITH SOME SHOW OF LIVELINESS TO HER FEET WHILE CHANTICLEER AND THE LADIES OF HIS HOUSEHOLD REGARDED HER WITH QUEER SIDELONG GLANCES AND THEN CROAKED ONE TO ANOTHER AS IF COMMUNICATING THEIR SAGE OPINIONS OF HER CHARACTER,16000,LibriSpeech dev-clean,validation
librispeech_0190,data\raw\librispeech_sample\librispeech_0190.wav,SO WISE AS WELL AS ANTIQUE WAS THEIR ASPECT AS TO GIVE COLOR TO THE IDEA NOT MERELY THAT THEY WERE THE DESCENDANTS OF A TIME HONORED RACE BUT THAT THEY HAD EXISTED IN THEIR INDIVIDUAL CAPACITY EVER SINCE THE HOUSE OF THE SEVEN GABLES WAS FOUNDED AND WERE SOMEHOW MIXED UP WITH ITS DESTINY,16000,LibriSpeech dev-clean,validation
librispeech_0191,data\raw\librispeech_sample\librispeech_0191.wav,HE HELD A HOE IN HIS HAND AND WHILE PHOEBE WAS GONE IN QUEST OF THE CRUMBS HAD BEGUN TO BUSY HIMSELF WITH DRAWING UP FRESH EARTH ABOUT THE ROOTS OF THE TOMATOES,16000,LibriSpeech dev-clean,validation
librispeech_0192,data\raw\librispeech_sample\librispeech_0192.wav,THEY HAVE KNOWN ME MUCH LONGER BUT NEVER HONOR ME WITH ANY FAMILIARITY THOUGH HARDLY A DAY PASSES WITHOUT MY BRINGING THEM FOOD,16000,LibriSpeech dev-clean,validation
librispeech_0193,data\raw\librispeech_sample\librispeech_0193.wav,MISS HEPZIBAH I SUPPOSE WILL INTERWEAVE THE FACT WITH HER OTHER TRADITIONS AND SET IT DOWN THAT THE FOWLS KNOW YOU TO BE A PYNCHEON,16000,LibriSpeech dev-clean,validation
librispeech_0194,data\raw\librispeech_sample\librispeech_0194.wav,AH BUT THESE HENS ANSWERED THE YOUNG MAN THESE HENS OF ARISTOCRATIC LINEAGE WOULD SCORN TO UNDERSTAND THE VULGAR LANGUAGE OF A BARN YARD FOWL,16000,LibriSpeech dev-clean,validation
librispeech_0195,data\raw\librispeech_sample\librispeech_0195.wav,I PREFER TO THINK AND SO WOULD MISS HEPZIBAH THAT THEY RECOGNIZE THE FAMILY TONE FOR YOU ARE A PYNCHEON,16000,LibriSpeech dev-clean,validation
librispeech_0196,data\raw\librispeech_sample\librispeech_0196.wav,MY NAME IS PHOEBE PYNCHEON SAID THE GIRL WITH A MANNER OF SOME RESERVE FOR SHE WAS AWARE THAT HER NEW ACQUAINTANCE COULD BE NO OTHER THAN THE DAGUERREOTYPIST OF WHOSE LAWLESS PROPENSITIES THE OLD MAID HAD GIVEN HER A DISAGREEABLE IDEA,16000,LibriSpeech dev-clean,validation
librispeech_0197,data\raw\librispeech_sample\librispeech_0197.wav,I TURN UP THE EARTH BY WAY OF PASTIME,16000,LibriSpeech dev-clean,validation
librispeech_0198,data\raw\librispeech_sample\librispeech_0198.wav,IT IS LIKE A BANDAGE OVER ONE'S EYES TO COME INTO IT,16000,LibriSpeech dev-clean,validation
librispeech_0199,data\raw\librispeech_sample\librispeech_0199.wav,IF YOU WOULD PERMIT ME SAID THE ARTIST LOOKING AT PHOEBE I SHOULD LIKE TO TRY WHETHER THE DAGUERREOTYPE CAN BRING OUT DISAGREEABLE TRAITS ON A PERFECTLY AMIABLE FACE,16000,LibriSpeech dev-clean,validation
librispeech_0200,data\raw\librispeech_sample\librispeech_0200.wav,MOST OF MY LIKENESSES DO LOOK UNAMIABLE BUT THE VERY SUFFICIENT REASON I FANCY IS BECAUSE THE ORIGINALS ARE SO,16000,LibriSpeech dev-clean,validation
librispeech_0201,data\raw\librispeech_sample\librispeech_0201.wav,THERE IS A WONDERFUL INSIGHT IN HEAVEN'S BROAD AND SIMPLE SUNSHINE,16000,LibriSpeech dev-clean,validation
librispeech_0202,data\raw\librispeech_sample\librispeech_0202.wav,WHILE WE GIVE IT CREDIT ONLY FOR DEPICTING THE MEREST SURFACE IT ACTUALLY BRINGS OUT THE SECRET CHARACTER WITH A TRUTH THAT NO PAINTER WOULD EVER VENTURE UPON EVEN COULD HE DETECT IT,16000,LibriSpeech dev-clean,validation
librispeech_0203,data\raw\librispeech_sample\librispeech_0203.wav,YET THE ORIGINAL WEARS TO COMMON EYES A VERY DIFFERENT EXPRESSION,16000,LibriSpeech dev-clean,validation
librispeech_0204,data\raw\librispeech_sample\librispeech_0204.wav,HE EXHIBITED A DAGUERREOTYPE MINIATURE IN A MOROCCO CASE,16000,LibriSpeech dev-clean,validation
librispeech_0205,data\raw\librispeech_sample\librispeech_0205.wav,PHOEBE MERELY GLANCED AT IT AND GAVE IT BACK,16000,LibriSpeech dev-clean,validation
librispeech_0206,data\raw\librispeech_sample\librispeech_0206.wav,I CAN ASSURE YOU THAT THIS IS A MODERN FACE AND ONE WHICH YOU WILL VERY PROBABLY MEET,16000,LibriSpeech dev-clean,validation
librispeech_0207,data\raw\librispeech_sample\librispeech_0207.wav,THE SUN AS YOU SEE TELLS QUITE ANOTHER STORY AND WILL NOT BE COAXED OUT OF IT AFTER HALF A DOZEN PATIENT ATTEMPTS ON MY PART,16000,LibriSpeech dev-clean,validation
librispeech_0208,data\raw\librispeech_sample\librispeech_0208.wav,HERE WE HAVE THE MAN SLY SUBTLE HARD IMPERIOUS AND WITHAL COLD AS ICE LOOK AT THAT EYE,16000,LibriSpeech dev-clean,validation
librispeech_0209,data\raw\librispeech_sample\librispeech_0209.wav,AND YET IF YOU COULD ONLY SEE THE BENIGN SMILE OF THE ORIGINAL,16000,LibriSpeech dev-clean,validation
librispeech_0210,data\raw\librispeech_sample\librispeech_0210.wav,WELL I DON'T WISH TO SEE IT ANY MORE OBSERVED PHOEBE TURNING AWAY HER EYES IT IS CERTAINLY VERY LIKE THE OLD PORTRAIT,16000,LibriSpeech dev-clean,validation
librispeech_0211,data\raw\librispeech_sample\librispeech_0211.wav,IF THE ORIGINAL IS STILL IN THE WORLD I THINK HE MIGHT DEFY THE SUN TO MAKE HIM LOOK STERN AND HARD,16000,LibriSpeech dev-clean,validation
librispeech_0212,data\raw\librispeech_sample\librispeech_0212.wav,IS THERE NOTHING WILD IN THE EYE CONTINUED HOLGRAVE SO EARNESTLY THAT IT EMBARRASSED PHOEBE AS DID ALSO THE QUIET FREEDOM WITH WHICH HE PRESUMED ON THEIR SO RECENT ACQUAINTANCE,16000,LibriSpeech dev-clean,validation
librispeech_0213,data\raw\librispeech_sample\librispeech_0213.wav,IT IS NONSENSE SAID PHOEBE A LITTLE IMPATIENTLY FOR US TO TALK ABOUT A PICTURE WHICH YOU HAVE NEVER SEEN,16000,LibriSpeech dev-clean,validation
librispeech_0214,data\raw\librispeech_sample\librispeech_0214.wav,SINCE YOU ARE A FRIEND OF MY COUSIN HEPZIBAH'S YOU SHOULD ASK HER TO SHOW YOU THE PICTURE,16000,LibriSpeech dev-clean,validation
librispeech_0215,data\raw\librispeech_sample\librispeech_0215.wav,SO WE WILL BE FELLOW LABORERS SOMEWHAT ON THE COMMUNITY SYSTEM,16000,LibriSpeech dev-clean,validation
librispeech_0216,data\raw\librispeech_sample\librispeech_0216.wav,SHE DID NOT ALTOGETHER LIKE HIM,16000,LibriSpeech dev-clean,validation
librispeech_0217,data\raw\librispeech_sample\librispeech_0217.wav,OH REJOINED THE DAGUERREOTYPIST BECAUSE LIKE AN OLD LADY'S CUP OF TEA IT IS WATER BEWITCHED,16000,LibriSpeech dev-clean,validation
librispeech_0218,data\raw\librispeech_sample\librispeech_0218.wav,SHE WAS INDISTINCTLY AWARE HOWEVER THAT THE GAUNT FIGURE OF THE OLD GENTLEWOMAN WAS SITTING IN ONE OF THE STRAIGHT BACKED CHAIRS A LITTLE WITHDRAWN FROM THE WINDOW THE FAINT GLEAM OF WHICH SHOWED THE BLANCHED PALENESS OF HER CHEEK TURNED SIDEWAYS TOWARDS A CORNER,16000,LibriSpeech dev-clean,validation
librispeech_0219,data\raw\librispeech_sample\librispeech_0219.wav,BUT PUT IT ON THE TABLE IN THE CORNER OF THE PASSAGE,16000,LibriSpeech dev-clean,validation
librispeech_0220,data\raw\librispeech_sample\librispeech_0220.wav,WHAT AN INSTRUMENT IS THE HUMAN VOICE,16000,LibriSpeech dev-clean,validation
librispeech_0221,data\raw\librispeech_sample\librispeech_0221.wav,HOW WONDERFULLY RESPONSIVE TO EVERY EMOTION OF THE HUMAN SOUL,16000,LibriSpeech dev-clean,validation
librispeech_0222,data\raw\librispeech_sample\librispeech_0222.wav,FEWER WORDS THAN BEFORE BUT WITH THE SAME MYSTERIOUS MUSIC IN THEM,16000,LibriSpeech dev-clean,validation
librispeech_0223,data\raw\librispeech_sample\librispeech_0223.wav,PRAY GO TO BED FOR I AM SURE YOU MUST NEED REST,16000,LibriSpeech dev-clean,validation
librispeech_0224,data\raw\librispeech_sample\librispeech_0224.wav,I WILL SIT IN THE PARLOR AWHILE AND COLLECT MY THOUGHTS,16000,LibriSpeech dev-clean,validation
librispeech_0225,data\raw\librispeech_sample\librispeech_0225.wav,WHILE THUS DISMISSING HER THE MAIDEN LADY STEPT FORWARD KISSED PHOEBE AND PRESSED HER TO HER HEART WHICH BEAT AGAINST THE GIRL'S BOSOM WITH A STRONG HIGH AND TUMULTUOUS SWELL,16000,LibriSpeech dev-clean,validation
librispeech_0226,data\raw\librispeech_sample\librispeech_0226.wav,AT SOME UNCERTAIN PERIOD IN THE DEPTHS OF NIGHT AND AS IT WERE THROUGH THE THIN VEIL OF A DREAM SHE WAS CONSCIOUS OF A FOOTSTEP MOUNTING THE STAIRS HEAVILY BUT NOT WITH FORCE AND DECISION,16000,LibriSpeech dev-clean,validation
librispeech_0227,data\raw\librispeech_sample\librispeech_0227.wav,LONG AGO THERE LIVED A MERCHANT WHO HAD THREE DAUGHTERS,16000,LibriSpeech dev-clean,validation
librispeech_0228,data\raw\librispeech_sample\librispeech_0228.wav,EVERY YEAR AT A CERTAIN DAY OF A CERTAIN MONTH HE WENT AWAY TO A DISTANT CITY TO COLLECT MONEY ON AN ACCOUNT,16000,LibriSpeech dev-clean,validation
librispeech_0229,data\raw\librispeech_sample\librispeech_0229.wav,HOW DO YOU KNOW ASKED THEIR FATHER I AM OLDER AND WISER THAN YOU ARE AND I KNOW THAT THERE ARE MANY EVILS WHICH MIGHT COME UPON YOU,16000,LibriSpeech dev-clean,validation
librispeech_0230,data\raw\librispeech_sample\librispeech_0230.wav,WHEN IT WAS EVENING HE LED HIS BAND INTO A NEARBY STREET AND IN HIS DISGUISE APPROACHED THE MERCHANT'S HOUSE HE KNOCKED AT THE DOOR,16000,LibriSpeech dev-clean,validation
librispeech_0231,data\raw\librispeech_sample\librispeech_0231.wav,HAVE PITY UPON A POOR UNFORTUNATE ONE HE CALLED OUT,16000,LibriSpeech dev-clean,validation
librispeech_0232,data\raw\librispeech_sample\librispeech_0232.wav,LET ME ENTER I PRAY YOU TO PASS THE NIGHT UNDER YOUR ROOF,16000,LibriSpeech dev-clean,validation
librispeech_0233,data\raw\librispeech_sample\librispeech_0233.wav,IT'S SURELY A TERRIBLE STORM OUTSIDE SAID THE MERCHANT'S ELDEST DAUGHTER AS THE WIND RATTLED THE TILES OF THE ROOF AND THE RAIN BEAT IN TORRENTS AGAINST THE DOORS AND WINDOWS,16000,LibriSpeech dev-clean,validation
librispeech_0234,data\raw\librispeech_sample\librispeech_0234.wav,HE IS OLD AS WELL AS POOR SHE SAID,16000,LibriSpeech dev-clean,validation
librispeech_0235,data\raw\librispeech_sample\librispeech_0235.wav,IF WE DECIDE TO SHOW MERCY TO THIS POOR BEGGAR IT IS NOT FOR YOU TO OPPOSE IT,16000,LibriSpeech dev-clean,validation
librispeech_0236,data\raw\librispeech_sample\librispeech_0236.wav,BUI WE SHOULD NOT FORGET OUR PROMISE TO OUR FATHER CRIED THE YOUNGEST DAUGHTER,16000,LibriSpeech dev-clean,validation
librispeech_0237,data\raw\librispeech_sample\librispeech_0237.wav,HOWEVER IN SPITE OF ALL SHE COULD SAY THE ELDER SISTERS OPENED THE DOOR AND ADMITTED THE BEGGAR,16000,LibriSpeech dev-clean,validation
librispeech_0238,data\raw\librispeech_sample\librispeech_0238.wav,IT IS A FEARFUL NIGHT TO SEND AWAY A BEGGAR SAID THE ELDEST SISTER WHILE THEY WERE EATING,16000,LibriSpeech dev-clean,validation
librispeech_0239,data\raw\librispeech_sample\librispeech_0239.wav,WHILE THEY WERE TALKING THE BEGGAR HAD TAKEN THE APPLES WHICH THE GIRLS WERE TO EAT FOR DESSERT AND HAD SPRINKLED A SLEEPING POWDER OVER THEM,16000,LibriSpeech dev-clean,validation
librispeech_0240,data\raw\librispeech_sample\librispeech_0240.wav,THE TWO ELDEST ATE THEIR APPLES BUT THE YOUNGEST COULD NOT EAT THAT NIGHT SHE THREW THE APPLE AWAY,16000,LibriSpeech dev-clean,validation
librispeech_0241,data\raw\librispeech_sample\librispeech_0241.wav,SHE DID NOT STIR AND HE KNEW THAT THE SLEEPING POWDER HAD THOROUGHLY DONE ITS WORK,16000,LibriSpeech dev-clean,validation
librispeech_0242,data\raw\librispeech_sample\librispeech_0242.wav,THEN SHE HEARD HIM GO DOWN THE STAIRWAY AND UNBOLT THE HEAVY DOORS WHICH LED INTO THE STORE,16000,LibriSpeech dev-clean,validation
librispeech_0243,data\raw\librispeech_sample\librispeech_0243.wav,IT WAS THE YOUNGEST ONE WHO DECEIVED ME CRIED THE ROBBER CHIEFTAIN,16000,LibriSpeech dev-clean,validation
librispeech_0244,data\raw\librispeech_sample\librispeech_0244.wav,PERHAPS YOU CAN OUTWIT HER YET CRIED ANOTHER,16000,LibriSpeech dev-clean,validation
librispeech_0245,data\raw\librispeech_sample\librispeech_0245.wav,THE MERCHANT'S DAUGHTER AT FIRST DID NOT ANSWER BUT AS HE KEPT ON CALLING TO HER SHE FINALLY ASKED HIM WHAT IT WAS THAT HE WANTED,16000,LibriSpeech dev-clean,validation
librispeech_0246,data\raw\librispeech_sample\librispeech_0246.wav,I PROMISE YOU I WILL DO YOU NO HARM,16000,LibriSpeech dev-clean,validation
librispeech_0247,data\raw\librispeech_sample\librispeech_0247.wav,YOU SHALL NOT COME INTO MY FATHER'S HOUSE,16000,LibriSpeech dev-clean,validation
librispeech_0248,data\raw\librispeech_sample\librispeech_0248.wav,PASS THE CHARM OUT TO ME THEN SAID THE ROBBER,16000,LibriSpeech dev-clean,validation
librispeech_0249,data\raw\librispeech_sample\librispeech_0249.wav,WHEN SHE RETURNED HIS HAND WAS STICKING THROUGH THE HOLE IN THE DOOR,16000,LibriSpeech dev-clean,validation
librispeech_0250,data\raw\librispeech_sample\librispeech_0250.wav,THE CRIES AND CURSES OF THE ROBBERS FILLED THE AIR,16000,LibriSpeech dev-clean,validation
librispeech_0251,data\raw\librispeech_sample\librispeech_0251.wav,THEY TRIED IN VAIN TO BREAK DOWN THE GREAT DOORS,16000,LibriSpeech dev-clean,validation
librispeech_0252,data\raw\librispeech_sample\librispeech_0252.wav,ALL MY WORRIES ABOUT YOU WERE FOOLISH,16000,LibriSpeech dev-clean,validation
librispeech_0253,data\raw\librispeech_sample\librispeech_0253.wav,GRANT WAS ONLY A FEW MILES AWAY BUT ALTHOUGH COMMANDER IN CHIEF HE KNEW NOTHING OF THE HARDEST FOUGHT BATTLE OF THE CIVIL WAR UNTIL IT WAS OVER,16000,LibriSpeech dev-clean,validation
librispeech_0254,data\raw\librispeech_sample\librispeech_0254.wav,MY OWN REGIMENT WAS IN THE ADVANCE,16000,LibriSpeech dev-clean,validation
librispeech_0255,data\raw\librispeech_sample\librispeech_0255.wav,OUR BRIGADE WAS FEARFULLY OUTNUMBERED,16000,LibriSpeech dev-clean,validation
librispeech_0256,data\raw\librispeech_sample\librispeech_0256.wav,THERE WERE NO BREASTWORKS YET THAT ONE LITTLE BRIGADE OF HAMILTON'S DIVISION STOOD THERE IN THE OPEN AND REPULSED ASSAULT AFTER ASSAULT,16000,LibriSpeech dev-clean,validation
librispeech_0257,data\raw\librispeech_sample\librispeech_0257.wav,NOT BALAKLAVA NOR THE ALMA SAW SUCH FIGHTING IT WAS A DUEL TO THE DEATH,16000,LibriSpeech dev-clean,validation
librispeech_0258,data\raw\librispeech_sample\librispeech_0258.wav,NO BATTERY IN THE WHOLE FOUR YEARS WAR LOST SO MANY MEN IN SO SHORT A TIME,16000,LibriSpeech dev-clean,validation
librispeech_0259,data\raw\librispeech_sample\librispeech_0259.wav,ONE DARING REBEL WAS SHOT DOWN AND BAYONETED CLEAR BEHIND THE LINE OF COMPANY B WHERE HE HAD BROKEN THROUGH TO SEIZE THE FLAG OF MY REGIMENT,16000,LibriSpeech dev-clean,validation
librispeech_0260,data\raw\librispeech_sample\librispeech_0260.wav,THAT NIGHT THE ENEMY SLIPPED AWAY LEAVING HUNDREDS AND HUNDREDS OF HIS DEAD AND WOUNDED ON THE FIELD,16000,LibriSpeech dev-clean,validation
librispeech_0261,data\raw\librispeech_sample\librispeech_0261.wav,WITH A FEW LANTERNS OUR MEN THEN WENT ABOUT AND TRIED TO GATHER UP THE WOUNDED THE DEAD WERE LEFT TILL MORNING,16000,LibriSpeech dev-clean,validation
librispeech_0262,data\raw\librispeech_sample\librispeech_0262.wav,IT WAS NOT A QUESTION WHO WAS DEAD OR WOUNDED BUT WHO WAS NOT,16000,LibriSpeech dev-clean,validation
librispeech_0263,data\raw\librispeech_sample\librispeech_0263.wav,FIFTEEN OFFICERS OF OUR LITTLE HALF REGIMENT WERE DEAD OR WOUNDED,16000,LibriSpeech dev-clean,validation
librispeech_0264,data\raw\librispeech_sample\librispeech_0264.wav,I REMAINED AWAKE ALL NIGHT TALKING WITH A COMRADE WHO SHARED MY BLANKET WITH ME POOR JIMMY KING,16000,LibriSpeech dev-clean,validation
librispeech_0265,data\raw\librispeech_sample\librispeech_0265.wav,HE SURVIVED THE WAR ONLY TO BE MURDERED LATER ON A PLANTATION IN MISSISSIPPI,16000,LibriSpeech dev-clean,validation
librispeech_0266,data\raw\librispeech_sample\librispeech_0266.wav,WHEN MORNING CAME THE FIRING OPENED AND FOR ALL THAT DAY THE BATTLE RAGED FIERCELY AT THE LEFT AND CENTER LEFT WE GETTING THE WORST OF IT TOO,16000,LibriSpeech dev-clean,validation
librispeech_0267,data\raw\librispeech_sample\librispeech_0267.wav,THAT EVENING AN ORDER CAME FOR US HAMILTON'S DIVISION TO ASSAULT THE ENEMY'S LEFT FLANK AT MIDNIGHT,16000,LibriSpeech dev-clean,validation
librispeech_0268,data\raw\librispeech_sample\librispeech_0268.wav,UNDER THE SAME QUIET MOONLIGHT AND ONLY SIX HUNDRED YARDS AWAY FROM US ALSO LAY THE VICTORIOUS REBEL ARMY,16000,LibriSpeech dev-clean,validation
librispeech_0269,data\raw\librispeech_sample\librispeech_0269.wav,ONCE IN THE NIGHT I SLIPPED AWAY FROM THE BIVOUAC AND HURRIED TO THE OLD TISHIMINGO HOTEL TO SEE A LIEUTENANT OF MY COMPANY WHO HAD BEEN SHOT THROUGH THE BREAST,16000,LibriSpeech dev-clean,validation
librispeech_0270,data\raw\librispeech_sample\librispeech_0270.wav,I COULD NOT HELP MY FRIEND,16000,LibriSpeech dev-clean,validation
librispeech_0271,data\raw\librispeech_sample\librispeech_0271.wav,GO BACK TO THE REGIMENT HE SAID SMILING ALL WILL BE NEEDED,16000,LibriSpeech dev-clean,validation
librispeech_0272,data\raw\librispeech_sample\librispeech_0272.wav,MY FRIEND WITH MANY OTHERS WAS BEING CARRIED OUT TO DIE ELSEWHERE,16000,LibriSpeech dev-clean,validation
librispeech_0273,data\raw\librispeech_sample\librispeech_0273.wav,I HASTENED BACK TO THE LINES,16000,LibriSpeech dev-clean,validation
librispeech_0274,data\raw\librispeech_sample\librispeech_0274.wav,THE CLOUD OF REBELS WE HAD SEEN DIVIDED ITSELF INTO THREE COLUMNS,16000,LibriSpeech dev-clean,validation
librispeech_0275,data\raw\librispeech_sample\librispeech_0275.wav,A PERFECT BLAZE OF CLOSE RANGE MUSKETRY TOO MOWED THEM DOWN LIKE GRASS,16000,LibriSpeech dev-clean,validation
librispeech_0276,data\raw\librispeech_sample\librispeech_0276.wav,THEY LAY IN HEAPS OF DOZENS EVEN CLOSE UP TO THE WORKS,16000,LibriSpeech dev-clean,validation
librispeech_0277,data\raw\librispeech_sample\librispeech_0277.wav,THAT NIGHT I STOOD GUARD UNDER AN OAK TREE ON THE BATTLEFIELD AMONG THE UNBURIED DEAD,16000,LibriSpeech dev-clean,validation
librispeech_0278,data\raw\librispeech_sample\librispeech_0278.wav,INDEED WE OF THE RANK AND FILE HAD LITTLE CONFIDENCE IN GRANT IN THOSE DAYS,16000,LibriSpeech dev-clean,validation
librispeech_0279,data\raw\librispeech_sample\librispeech_0279.wav,ROSECRANS PROTESTED IT WAS IN VAIN,16000,LibriSpeech dev-clean,validation
librispeech_0280,data\raw\librispeech_sample\librispeech_0280.wav,IT REQUIRED MONTHS AND GREAT EVENTS TO MAKE GRANT THE HERO OF THE ARMY WHICH HE AFTERWARD BECAME,16000,LibriSpeech dev-clean,validation
librispeech_0281,data\raw\librispeech_sample\librispeech_0281.wav,FOR SOME REASON THE DEAD AT HATCHIE BRIDGE WERE NOT BURIED,16000,LibriSpeech dev-clean,validation
librispeech_0282,data\raw\librispeech_sample\librispeech_0282.wav,A WEEK AFTER THE BATTLE MY BROTHER RODE BY THERE ON A CAVALRY EXPEDITION AND MADE THE HORRIBLE DISCOVERY THAT HOGS WERE EATING UP THE BODIES OF OUR DEAD HEROES THAT TOO WAS WAR,16000,LibriSpeech dev-clean,validation
librispeech_0283,data\raw\librispeech_sample\librispeech_0283.wav,HE HAD LITTLE ENOUGH TO BREAK OR BITE AND ONCE WHEN THERE WAS A GREAT FAMINE IN THE LAND HE COULD HARDLY PROCURE EVEN HIS DAILY BREAD AND AS HE LAY THINKING IN HIS BED ONE NIGHT HE SIGHED AND SAID TO HIS WIFE WHAT WILL BECOME OF US,16000,LibriSpeech dev-clean,validation
librispeech_0284,data\raw\librispeech_sample\librispeech_0284.wav,HOW CAN WE FEED OUR CHILDREN WHEN WE HAVE NO MORE THAN WE CAN EAT OURSELVES,16000,LibriSpeech dev-clean,validation
librispeech_0285,data\raw\librispeech_sample\librispeech_0285.wav,OH YOU SIMPLETON SAID SHE THEN WE MUST ALL FOUR DIE OF HUNGER YOU HAD BETTER PLANE THE COFFINS FOR US,16000,LibriSpeech dev-clean,validation
librispeech_0286,data\raw\librispeech_sample\librispeech_0286.wav,BUT SHE LEFT HIM NO PEACE TILL HE CONSENTED SAYING AH BUT I SHALL MISS THE POOR CHILDREN,16000,LibriSpeech dev-clean,validation
librispeech_0287,data\raw\librispeech_sample\librispeech_0287.wav,AND AS SOON AS THEIR PARENTS HAD GONE TO SLEEP HE GOT UP PUT ON HIS COAT AND UNBARRING THE BACK DOOR WENT OUT,16000,LibriSpeech dev-clean,validation
librispeech_0288,data\raw\librispeech_sample\librispeech_0288.wav,AH FATHER SAID HANSEL I AM LOOKING AT MY WHITE CAT SITTING UPON THE ROOF OF THE HOUSE AND TRYING TO SAY GOOD BYE,16000,LibriSpeech dev-clean,validation
librispeech_0289,data\raw\librispeech_sample\librispeech_0289.wav,BUT IN REALITY HANSEL WAS NOT LOOKING AT A CAT BUT EVERY TIME HE STOPPED HE DROPPED A PEBBLE OUT OF HIS POCKET UPON THE PATH,16000,LibriSpeech dev-clean,validation
librispeech_0290,data\raw\librispeech_sample\librispeech_0290.wav,BUT HER HUSBAND FELT HEAVY AT HEART AND THOUGHT IT WERE BETTER TO SHARE THE LAST CRUST WITH THE CHILDREN,16000,LibriSpeech dev-clean,validation
librispeech_0291,data\raw\librispeech_sample\librispeech_0291.wav,EARLY IN THE MORNING THE STEPMOTHER CAME AND PULLED THEM OUT OF BED AND GAVE THEM EACH A SLICE OF BREAD WHICH WAS STILL SMALLER THAN THE FORMER PIECE,16000,LibriSpeech dev-clean,validation
librispeech_0292,data\raw\librispeech_sample\librispeech_0292.wav,WE ARE GOING INTO THE FOREST TO HEW WOOD AND IN THE EVENING WHEN WE ARE READY WE WILL COME AND FETCH YOU AGAIN,16000,LibriSpeech dev-clean,validation
librispeech_0293,data\raw\librispeech_sample\librispeech_0293.wav,HANSEL THOUGHT THE ROOF TASTED VERY NICE AND SO HE TORE OFF A GREAT PIECE WHILE GRETHEL BROKE A LARGE ROUND PANE OUT OF THE WINDOW AND SAT DOWN QUITE CONTENTEDLY,16000,LibriSpeech dev-clean,validation
librispeech_0294,data\raw\librispeech_sample\librispeech_0294.wav,COME IN AND STOP WITH ME AND NO HARM SHALL COME TO YOU AND SO SAYING SHE TOOK THEM BOTH BY THE HAND AND LED THEM INTO HER COTTAGE,16000,LibriSpeech dev-clean,validation
librispeech_0295,data\raw\librispeech_sample\librispeech_0295.wav,THE OLD WOMAN BEHAVED VERY KINDLY TO THEM BUT IN REALITY SHE WAS A WICKED OLD WITCH WHO WAY LAID CHILDREN AND BUILT THE BREADHOUSE IN ORDER TO ENTICE THEM IN BUT AS SOON AS THEY WERE IN HER POWER SHE KILLED THEM COOKED AND ATE THEM AND MADE A GREAT FESTIVAL OF THE DAY,16000,LibriSpeech dev-clean,validation
librispeech_0296,data\raw\librispeech_sample\librispeech_0296.wav,THEN SHE TOOK UP HANSEL WITH HER ROUGH HAND AND SHUT HIM UP IN A LITTLE CAGE WITH A LATTICE DOOR AND ALTHOUGH HE SCREAMED LOUDLY IT WAS OF NO USE,16000,LibriSpeech dev-clean,validation
librispeech_0297,data\raw\librispeech_sample\librispeech_0297.wav,GRETHEL BEGAN TO CRY BUT IT WAS ALL USELESS FOR THE OLD WITCH MADE HER DO AS SHE WANTED,16000,LibriSpeech dev-clean,validation
librispeech_0298,data\raw\librispeech_sample\librispeech_0298.wav,GRETHEL SHE CRIED IN A PASSION GET SOME WATER QUICKLY BE HANSEL FAT OR LEAN THIS MORNING I WILL KILL AND COOK HIM,16000,LibriSpeech dev-clean,validation
librispeech_0299,data\raw\librispeech_sample\librispeech_0299.wav,DEAR GOOD GOD HELP US NOW SHE PRAYED,16000,LibriSpeech dev-clean,validation
librispeech_0300,data\raw\librispeech_sample\librispeech_0300.wav,CREEP IN SAID THE WITCH AND SEE IF IT IS HOT ENOUGH AND THEN WE WILL PUT IN THE BREAD BUT SHE INTENDED WHEN GRETHEL GOT IN TO SHUT UP THE OVEN AND LET HER BAKE SO THAT SHE MIGHT EAT HER AS WELL AS HANSEL,16000,LibriSpeech dev-clean,validation
librispeech_0301,data\raw\librispeech_sample\librispeech_0301.wav,SEE I COULD EVEN GET IN MYSELF,16000,LibriSpeech dev-clean,validation
librispeech_0302,data\raw\librispeech_sample\librispeech_0302.wav,AND SHE GOT UP AND PUT HER HEAD INTO THE OVEN,16000,LibriSpeech dev-clean,validation
librispeech_0303,data\raw\librispeech_sample\librispeech_0303.wav,AND NOW AS THERE WAS NOTHING TO FEAR THEY WENT BACK TO THE WITCH'S HOUSE WHERE IN EVERY CORNER WERE CASKETS FULL OF PEARLS AND PRECIOUS STONES,16000,LibriSpeech dev-clean,validation
librispeech_0304,data\raw\librispeech_sample\librispeech_0304.wav,THEN THEY BEGAN TO RUN AND RUSHING INTO THE HOUSE THEY FELL UPON THEIR FATHER'S NECK,16000,LibriSpeech dev-clean,validation
librispeech_0305,data\raw\librispeech_sample\librispeech_0305.wav,FUCHS BROUGHT UP A SACK OF POTATOES AND A PIECE OF CURED PORK FROM THE CELLAR AND GRANDMOTHER PACKED SOME LOAVES OF SATURDAY'S BREAD A JAR OF BUTTER AND SEVERAL PUMPKIN PIES IN THE STRAW OF THE WAGON BOX,16000,LibriSpeech dev-clean,validation
librispeech_0306,data\raw\librispeech_sample\librispeech_0306.wav,OCCASIONALLY ONE OF THE HORSES WOULD TEAR OFF WITH HIS TEETH A PLANT FULL OF BLOSSOMS AND WALK ALONG MUNCHING IT THE FLOWERS NODDING IN TIME TO HIS BITES AS HE ATE DOWN TOWARD THEM,16000,LibriSpeech dev-clean,validation
librispeech_0307,data\raw\librispeech_sample\librispeech_0307.wav,IT'S NO BETTER THAN A BADGER HOLE NO PROPER DUGOUT AT ALL,16000,LibriSpeech dev-clean,validation
librispeech_0308,data\raw\librispeech_sample\librispeech_0308.wav,NOW WHY IS THAT OTTO,16000,LibriSpeech dev-clean,validation
librispeech_0309,data\raw\librispeech_sample\librispeech_0309.wav,PRESENTLY AGAINST ONE OF THOSE BANKS I SAW A SORT OF SHED THATCHED WITH THE SAME WINE COLORED GRASS THAT GREW EVERYWHERE,16000,LibriSpeech dev-clean,validation
librispeech_0310,data\raw\librispeech_sample\librispeech_0310.wav,VERY GLAD VERY GLAD SHE EJACULATED,16000,LibriSpeech dev-clean,validation
librispeech_0311,data\raw\librispeech_sample\librispeech_0311.wav,YOU'LL GET FIXED UP COMFORTABLE AFTER WHILE MISSUS SHIMERDA MAKE GOOD HOUSE,16000,LibriSpeech dev-clean,validation
librispeech_0312,data\raw\librispeech_sample\librispeech_0312.wav,MY GRANDMOTHER ALWAYS SPOKE IN A VERY LOUD TONE TO FOREIGNERS AS IF THEY WERE DEAF,16000,LibriSpeech dev-clean,validation
librispeech_0313,data\raw\librispeech_sample\librispeech_0313.wav,SHE MADE MISSUS SHIMERDA UNDERSTAND THE FRIENDLY INTENTION OF OUR VISIT AND THE BOHEMIAN WOMAN HANDLED THE LOAVES OF BREAD AND EVEN SMELLED THEM AND EXAMINED THE PIES WITH LIVELY CURIOSITY EXCLAIMING MUCH GOOD MUCH THANK,16000,LibriSpeech dev-clean,validation
librispeech_0314,data\raw\librispeech_sample\librispeech_0314.wav,THE FAMILY HAD BEEN LIVING ON CORNCAKES AND SORGHUM MOLASSES FOR THREE DAYS,16000,LibriSpeech dev-clean,validation
librispeech_0315,data\raw\librispeech_sample\librispeech_0315.wav,I REMEMBERED WHAT THE CONDUCTOR HAD SAID ABOUT HER EYES,16000,LibriSpeech dev-clean,validation
librispeech_0316,data\raw\librispeech_sample\librispeech_0316.wav,HER SKIN WAS BROWN TOO AND IN HER CHEEKS SHE HAD A GLOW OF RICH DARK COLOR,16000,LibriSpeech dev-clean,validation
librispeech_0317,data\raw\librispeech_sample\librispeech_0317.wav,EVEN FROM A DISTANCE ONE COULD SEE THAT THERE WAS SOMETHING STRANGE ABOUT THIS BOY,16000,LibriSpeech dev-clean,validation
librispeech_0318,data\raw\librispeech_sample\librispeech_0318.wav,HE WAS BORN LIKE THAT THE OTHERS ARE SMART,16000,LibriSpeech dev-clean,validation
librispeech_0319,data\raw\librispeech_sample\librispeech_0319.wav,AMBROSCH HE MAKE GOOD FARMER,16000,LibriSpeech dev-clean,validation
librispeech_0320,data\raw\librispeech_sample\librispeech_0320.wav,HE STRUCK AMBROSCH ON THE BACK AND THE BOY SMILED KNOWINGLY,16000,LibriSpeech dev-clean,validation
librispeech_0321,data\raw\librispeech_sample\librispeech_0321.wav,AT THAT MOMENT THE FATHER CAME OUT OF THE HOLE IN THE BANK,16000,LibriSpeech dev-clean,validation
librispeech_0322,data\raw\librispeech_sample\librispeech_0322.wav,IT WAS SO LONG THAT IT BUSHED OUT BEHIND HIS EARS AND MADE HIM LOOK LIKE THE OLD PORTRAITS I REMEMBERED IN VIRGINIA,16000,LibriSpeech dev-clean,validation
librispeech_0323,data\raw\librispeech_sample\librispeech_0323.wav,I NOTICED HOW WHITE AND WELL SHAPED HIS OWN HANDS WERE,16000,LibriSpeech dev-clean,validation
librispeech_0324,data\raw\librispeech_sample\librispeech_0324.wav,WE STOOD PANTING ON THE EDGE OF THE RAVINE LOOKING DOWN AT THE TREES AND BUSHES THAT GREW BELOW US,16000,LibriSpeech dev-clean,validation
librispeech_0325,data\raw\librispeech_sample\librispeech_0325.wav,THE WIND WAS SO STRONG THAT I HAD TO HOLD MY HAT ON AND THE GIRLS SKIRTS WERE BLOWN OUT BEFORE THEM,16000,LibriSpeech dev-clean,validation
librispeech_0326,data\raw\librispeech_sample\librispeech_0326.wav,SHE LOOKED AT ME HER EYES FAIRLY BLAZING WITH THINGS SHE COULD NOT SAY,16000,LibriSpeech dev-clean,validation
librispeech_0327,data\raw\librispeech_sample\librispeech_0327.wav,SHE POINTED INTO THE GOLD COTTONWOOD TREE BEHIND WHOSE TOP WE STOOD AND SAID AGAIN WHAT NAME,16000,LibriSpeech dev-clean,validation
librispeech_0328,data\raw\librispeech_sample\librispeech_0328.wav,ANTONIA POINTED UP TO THE SKY AND QUESTIONED ME WITH HER GLANCE,16000,LibriSpeech dev-clean,validation
librispeech_0329,data\raw\librispeech_sample\librispeech_0329.wav,SHE GOT UP ON HER KNEES AND WRUNG HER HANDS,16000,LibriSpeech dev-clean,validation
librispeech_0330,data\raw\librispeech_sample\librispeech_0330.wav,SHE WAS QUICK AND VERY EAGER,16000,LibriSpeech dev-clean,validation
librispeech_0331,data\raw\librispeech_sample\librispeech_0331.wav,WE WERE SO DEEP IN THE GRASS THAT WE COULD SEE NOTHING BUT THE BLUE SKY OVER US AND THE GOLD TREE IN FRONT OF US,16000,LibriSpeech dev-clean,validation
librispeech_0332,data\raw\librispeech_sample\librispeech_0332.wav,AFTER ANTONIA HAD SAID THE NEW WORDS OVER AND OVER SHE WANTED TO GIVE ME A LITTLE CHASED SILVER RING SHE WORE ON HER MIDDLE FINGER,16000,LibriSpeech dev-clean,validation
librispeech_0333,data\raw\librispeech_sample\librispeech_0333.wav,WHEN I CAME UP HE TOUCHED MY SHOULDER AND LOOKED SEARCHINGLY DOWN INTO MY FACE FOR SEVERAL SECONDS,16000,LibriSpeech dev-clean,validation
librispeech_0334,data\raw\librispeech_sample\librispeech_0334.wav,I BECAME SOMEWHAT EMBARRASSED FOR I WAS USED TO BEING TAKEN FOR GRANTED BY MY ELDERS,16000,LibriSpeech dev-clean,validation
librispeech_0335,data\raw\librispeech_sample\librispeech_0335.wav,IN ARISTOCRATIC COMMUNITIES THE PEOPLE READILY GIVE THEMSELVES UP TO BURSTS OF TUMULTUOUS AND BOISTEROUS GAYETY WHICH SHAKE OFF AT ONCE THE RECOLLECTION OF THEIR PRIVATIONS THE NATIVES OF DEMOCRACIES ARE NOT FOND OF BEING THUS VIOLENTLY BROKEN IN UPON AND THEY NEVER LOSE SIGHT OF THEIR OWN SELVES WITHOUT REGRET,16000,LibriSpeech dev-clean,validation
librispeech_0336,data\raw\librispeech_sample\librispeech_0336.wav,AN AMERICAN INSTEAD OF GOING IN A LEISURE HOUR TO DANCE MERRILY AT SOME PLACE OF PUBLIC RESORT AS THE FELLOWS OF HIS CALLING CONTINUE TO DO THROUGHOUT THE GREATER PART OF EUROPE SHUTS HIMSELF UP AT HOME TO DRINK,16000,LibriSpeech dev-clean,validation
librispeech_0337,data\raw\librispeech_sample\librispeech_0337.wav,I BELIEVE THE SERIOUSNESS OF THE AMERICANS ARISES PARTLY FROM THEIR PRIDE,16000,LibriSpeech dev-clean,validation
librispeech_0338,data\raw\librispeech_sample\librispeech_0338.wav,THIS IS MORE ESPECIALLY THE CASE AMONGST THOSE FREE NATIONS WHICH FORM DEMOCRATIC COMMUNITIES,16000,LibriSpeech dev-clean,validation
librispeech_0339,data\raw\librispeech_sample\librispeech_0339.wav,THEN THERE ARE IN ALL CLASSES A VERY LARGE NUMBER OF MEN CONSTANTLY OCCUPIED WITH THE SERIOUS AFFAIRS OF THE GOVERNMENT AND THOSE WHOSE THOUGHTS ARE NOT ENGAGED IN THE DIRECTION OF THE COMMONWEALTH ARE WHOLLY ENGROSSED BY THE ACQUISITION OF A PRIVATE FORTUNE,16000,LibriSpeech dev-clean,validation
librispeech_0340,data\raw\librispeech_sample\librispeech_0340.wav,I DO NOT BELIEVE IN SUCH REPUBLICS ANY MORE THAN IN THAT OF PLATO OR IF THE THINGS WE READ OF REALLY HAPPENED I DO NOT HESITATE TO AFFIRM THAT THESE SUPPOSED DEMOCRACIES WERE COMPOSED OF VERY DIFFERENT ELEMENTS FROM OURS AND THAT THEY HAD NOTHING IN COMMON WITH THE LATTER EXCEPT THEIR NAME,16000,LibriSpeech dev-clean,validation
librispeech_0341,data\raw\librispeech_sample\librispeech_0341.wav,IN ARISTOCRACIES EVERY MAN HAS ONE SOLE OBJECT WHICH HE UNCEASINGLY PURSUES BUT AMONGST DEMOCRATIC NATIONS THE EXISTENCE OF MAN IS MORE COMPLEX THE SAME MIND WILL ALMOST ALWAYS EMBRACE SEVERAL OBJECTS AT THE SAME TIME AND THESE OBJECTS ARE FREQUENTLY WHOLLY FOREIGN TO EACH OTHER AS IT CANNOT KNOW THEM ALL WELL THE MIND IS READILY SATISFIED WITH IMPERFECT NOTIONS OF EACH,16000,LibriSpeech dev-clean,validation
librispeech_0342,data\raw\librispeech_sample\librispeech_0342.wav,CHAPTER SIXTEEN WHY THE NATIONAL VANITY OF THE AMERICANS IS MORE RESTLESS AND CAPTIOUS THAN THAT OF THE ENGLISH,16000,LibriSpeech dev-clean,validation
librispeech_0343,data\raw\librispeech_sample\librispeech_0343.wav,THE AMERICANS IN THEIR INTERCOURSE WITH STRANGERS APPEAR IMPATIENT OF THE SMALLEST CENSURE AND INSATIABLE OF PRAISE,16000,LibriSpeech dev-clean,validation
librispeech_0344,data\raw\librispeech_sample\librispeech_0344.wav,IF I SAY TO AN AMERICAN THAT THE COUNTRY HE LIVES IN IS A FINE ONE AY HE REPLIES THERE IS NOT ITS FELLOW IN THE WORLD,16000,LibriSpeech dev-clean,validation
librispeech_0345,data\raw\librispeech_sample\librispeech_0345.wav,IF I APPLAUD THE FREEDOM WHICH ITS INHABITANTS ENJOY HE ANSWERS FREEDOM IS A FINE THING BUT FEW NATIONS ARE WORTHY TO ENJOY IT,16000,LibriSpeech dev-clean,validation
librispeech_0346,data\raw\librispeech_sample\librispeech_0346.wav,IN ARISTOCRATIC COUNTRIES THE GREAT POSSESS IMMENSE PRIVILEGES UPON WHICH THEIR PRIDE RESTS WITHOUT SEEKING TO RELY UPON THE LESSER ADVANTAGES WHICH ACCRUE TO THEM,16000,LibriSpeech dev-clean,validation
librispeech_0347,data\raw\librispeech_sample\librispeech_0347.wav,THEY THEREFORE ENTERTAIN A CALM SENSE OF THEIR SUPERIORITY THEY DO NOT DREAM OF VAUNTING PRIVILEGES WHICH EVERYONE PERCEIVES AND NO ONE CONTESTS AND THESE THINGS ARE NOT SUFFICIENTLY NEW TO THEM TO BE MADE TOPICS OF CONVERSATION,16000,LibriSpeech dev-clean,validation
librispeech_0348,data\raw\librispeech_sample\librispeech_0348.wav,THEY STAND UNMOVED IN THEIR SOLITARY GREATNESS WELL ASSURED THAT THEY ARE SEEN OF ALL THE WORLD WITHOUT ANY EFFORT TO SHOW THEMSELVES OFF AND THAT NO ONE WILL ATTEMPT TO DRIVE THEM FROM THAT POSITION,16000,LibriSpeech dev-clean,validation
librispeech_0349,data\raw\librispeech_sample\librispeech_0349.wav,WHEN AN ARISTOCRACY CARRIES ON THE PUBLIC AFFAIRS ITS NATIONAL PRIDE NATURALLY ASSUMES THIS RESERVED INDIFFERENT AND HAUGHTY FORM WHICH IS IMITATED BY ALL THE OTHER CLASSES OF THE NATION,16000,LibriSpeech dev-clean,validation
librispeech_0350,data\raw\librispeech_sample\librispeech_0350.wav,THESE PERSONS THEN DISPLAYED TOWARDS EACH OTHER PRECISELY THE SAME PUERILE JEALOUSIES WHICH ANIMATE THE MEN OF DEMOCRACIES THE SAME EAGERNESS TO SNATCH THE SMALLEST ADVANTAGES WHICH THEIR EQUALS CONTESTED AND THE SAME DESIRE TO PARADE OSTENTATIOUSLY THOSE OF WHICH THEY WERE IN POSSESSION,16000,LibriSpeech dev-clean,validation
librispeech_0351,data\raw\librispeech_sample\librispeech_0351.wav,THE TWO STRAY KITTENS GRADUALLY MAKE THEMSELVES AT HOME,16000,LibriSpeech dev-clean,validation
librispeech_0352,data\raw\librispeech_sample\librispeech_0352.wav,SOMEHOW OR OTHER CAT HAS TAUGHT THEM THAT HE'S IN CHARGE HERE AND HE JUST CHASES THEM FOR FUN NOW AND AGAIN WHEN HE'S NOT BUSY SLEEPING,16000,LibriSpeech dev-clean,validation
librispeech_0353,data\raw\librispeech_sample\librispeech_0353.wav,SHE DOESN'T PICK THEM UP BUT JUST HAVING THEM IN THE ROOM SURE DOESN'T GIVE HER ASTHMA,16000,LibriSpeech dev-clean,validation
librispeech_0354,data\raw\librispeech_sample\librispeech_0354.wav,WHEN ARE YOU GETTING RID OF THESE CATS I'M NOT FIXING TO START AN ANNEX TO KATE'S CAT HOME,16000,LibriSpeech dev-clean,validation
librispeech_0355,data\raw\librispeech_sample\librispeech_0355.wav,RIGHT AWAY WHEN I BRING HOME MY NEW PROGRAM HE SAYS HOW COME YOU'RE TAKING ONE LESS COURSE THIS HALF,16000,LibriSpeech dev-clean,validation
librispeech_0356,data\raw\librispeech_sample\librispeech_0356.wav,I EXPLAIN THAT I'M TAKING MUSIC AND ALSO BIOLOGY ALGEBRA ENGLISH AND FRENCH MUSIC HE SNORTS,16000,LibriSpeech dev-clean,validation
librispeech_0357,data\raw\librispeech_sample\librispeech_0357.wav,POP IT'S A COURSE,16000,LibriSpeech dev-clean,validation
librispeech_0358,data\raw\librispeech_sample\librispeech_0358.wav,HE DOES AND FOR ONCE I WIN A ROUND I KEEP MUSIC FOR THIS SEMESTER,16000,LibriSpeech dev-clean,validation
librispeech_0359,data\raw\librispeech_sample\librispeech_0359.wav,I'LL BE LUCKY IF I HAVE TIME TO BREATHE,16000,LibriSpeech dev-clean,validation
librispeech_0360,data\raw\librispeech_sample\librispeech_0360.wav,SOMETIMES SCHOOLS DO LET KIDS TAKE A LOT OF SOFT COURSES AND THEN THEY'RE OUT ON A LIMB LATER HUH,16000,LibriSpeech dev-clean,validation
librispeech_0361,data\raw\librispeech_sample\librispeech_0361.wav,SO HE CARES HUH,16000,LibriSpeech dev-clean,validation
librispeech_0362,data\raw\librispeech_sample\librispeech_0362.wav,BESIDES SAYS TOM HALF THE REASON YOU AND YOUR FATHER ARE ALWAYS BICKERING IS THAT YOU'RE SO MUCH ALIKE ME LIKE HIM SURE,16000,LibriSpeech dev-clean,validation
librispeech_0363,data\raw\librispeech_sample\librispeech_0363.wav,AS LONG AS THERE'S A BONE ON THE FLOOR THE TWO OF YOU WORRY IT,16000,LibriSpeech dev-clean,validation
librispeech_0364,data\raw\librispeech_sample\librispeech_0364.wav,I GET THE PILLOWS COMFORTABLY ARRANGED ON THE FLOOR WITH A BIG BOTTLE OF SODA AND A BAG OF POPCORN WITHIN EASY REACH,16000,LibriSpeech dev-clean,validation
librispeech_0365,data\raw\librispeech_sample\librispeech_0365.wav,POP GOES RIGHT ON TUNING HIS CHANNEL,16000,LibriSpeech dev-clean,validation
librispeech_0366,data\raw\librispeech_sample\librispeech_0366.wav,YOU'RE GETTING ALTOGETHER TOO UPSET ABOUT THESE PROGRAMS STOP IT AND BEHAVE YOURSELF,16000,LibriSpeech dev-clean,validation
librispeech_0367,data\raw\librispeech_sample\librispeech_0367.wav,IT'S YOUR FAULT MOP IT UP YOURSELF,16000,LibriSpeech dev-clean,validation
librispeech_0368,data\raw\librispeech_sample\librispeech_0368.wav,I HEAR THE T V GOING FOR A FEW MINUTES THEN POP TURNS IT OFF AND GOES IN THE KITCHEN TO TALK TO MOM,16000,LibriSpeech dev-clean,validation
librispeech_0369,data\raw\librispeech_sample\librispeech_0369.wav,WELL I DON'T THINK YOU SHOULD TURN A GUY'S T V PROGRAM OFF IN THE MIDDLE WITHOUT EVEN FINDING OUT ABOUT IT,16000,LibriSpeech dev-clean,validation
librispeech_0370,data\raw\librispeech_sample\librispeech_0370.wav,I LOOK AT MY WATCH IT'S A QUARTER TO ELEVEN,16000,LibriSpeech dev-clean,validation
librispeech_0371,data\raw\librispeech_sample\librispeech_0371.wav,I TURN OFF THE TELEVISION SET I'VE LOST TRACK OF WHAT'S HAPPENING AND IT DOESN'T SEEM TO BE THE GRANDFATHER WHO'S THE SPOOK AFTER ALL,16000,LibriSpeech dev-clean,validation
librispeech_0372,data\raw\librispeech_sample\librispeech_0372.wav,IT'S THE FIRST TIME HILDA HAS BEEN TO OUR HOUSE AND TOM INTRODUCES HER AROUND,16000,LibriSpeech dev-clean,validation
librispeech_0373,data\raw\librispeech_sample\librispeech_0373.wav,I TOLD TOM WE SHOULDN'T COME SO LATE SAYS HILDA,16000,LibriSpeech dev-clean,validation
librispeech_0374,data\raw\librispeech_sample\librispeech_0374.wav,TOM SAYS THANKS AND LOOKS AT HILDA AND SHE BLUSHES REALLY,16000,LibriSpeech dev-clean,validation
librispeech_0375,data\raw\librispeech_sample\librispeech_0375.wav,TOM DRINKS A LITTLE MORE COFFEE AND THEN HE GOES ON THE TROUBLE IS I CAN'T GET MARRIED ON THIS FLOWER SHOP JOB,16000,LibriSpeech dev-clean,validation
librispeech_0376,data\raw\librispeech_sample\librispeech_0376.wav,YOU KNOW I'D GET DRAFTED IN A YEAR OR TWO ANYWAY,16000,LibriSpeech dev-clean,validation
librispeech_0377,data\raw\librispeech_sample\librispeech_0377.wav,I'VE DECIDED TO ENLIST IN THE ARMY,16000,LibriSpeech dev-clean,validation
librispeech_0378,data\raw\librispeech_sample\librispeech_0378.wav,I'LL HAVE TO CHECK SOME MORE SAYS TOM,16000,LibriSpeech dev-clean,validation
librispeech_0379,data\raw\librispeech_sample\librispeech_0379.wav,HERE'S TO YOU A LONG HAPPY LIFE,16000,LibriSpeech dev-clean,validation
librispeech_0380,data\raw\librispeech_sample\librispeech_0380.wav,ALL IDEALISATION MAKES LIFE POORER,16000,LibriSpeech dev-clean,validation
librispeech_0381,data\raw\librispeech_sample\librispeech_0381.wav,THEN WHY INDULGE IN PROPHETIC PHANTASIES,16000,LibriSpeech dev-clean,validation
librispeech_0382,data\raw\librispeech_sample\librispeech_0382.wav,AT BEST THEY CAN ONLY INTERPRET THE MIND OF THE PROPHET AND CAN HAVE NO OBJECTIVE VALUE,16000,LibriSpeech dev-clean,validation
librispeech_0383,data\raw\librispeech_sample\librispeech_0383.wav,MICHAELIS THE TICKET OF LEAVE APOSTLE WAS SPEAKING IN AN EVEN VOICE A VOICE THAT WHEEZED AS IF DEADENED AND OPPRESSED BY THE LAYER OF FAT ON HIS CHEST,16000,LibriSpeech dev-clean,validation
librispeech_0384,data\raw\librispeech_sample\librispeech_0384.wav,AND EVER SINCE HE HAD NEVER MANAGED TO GET HIS WEIGHT DOWN AS MUCH AS AN OUNCE,16000,LibriSpeech dev-clean,validation
librispeech_0385,data\raw\librispeech_sample\librispeech_0385.wav,WITH HIS ELBOW PRESENTING NO APPEARANCE OF A JOINT BUT MORE LIKE A BEND IN A DUMMY'S LIMB THROWN OVER THE BACK OF A CHAIR HE LEANED FORWARD SLIGHTLY OVER HIS SHORT AND ENORMOUS THIGHS TO SPIT INTO THE GRATE,16000,LibriSpeech dev-clean,validation
librispeech_0386,data\raw\librispeech_sample\librispeech_0386.wav,YES I HAD THE TIME TO THINK THINGS OUT A LITTLE HE ADDED WITHOUT EMPHASIS,16000,LibriSpeech dev-clean,validation
librispeech_0387,data\raw\librispeech_sample\librispeech_0387.wav,WHEN HE ROSE PAINFULLY THE THRUSTING FORWARD OF A SKINNY GROPING HAND DEFORMED BY GOUTY SWELLINGS SUGGESTED THE EFFORT OF A MORIBUND MURDERER SUMMONING ALL HIS REMAINING STRENGTH FOR A LAST STAB,16000,LibriSpeech dev-clean,validation
librispeech_0388,data\raw\librispeech_sample\librispeech_0388.wav,HIS ENUNCIATION WOULD HAVE BEEN ALMOST TOTALLY UNINTELLIGIBLE TO A STRANGER,16000,LibriSpeech dev-clean,validation
librispeech_0389,data\raw\librispeech_sample\librispeech_0389.wav,THE OLD TERRORIST TURNED SLOWLY HIS HEAD ON HIS SKINNY NECK FROM SIDE TO SIDE,16000,LibriSpeech dev-clean,validation
librispeech_0390,data\raw\librispeech_sample\librispeech_0390.wav,AND I COULD NEVER GET AS MANY AS THREE SUCH MEN TOGETHER,16000,LibriSpeech dev-clean,validation
librispeech_0391,data\raw\librispeech_sample\librispeech_0391.wav,THE POSSESSORS OF PROPERTY HAD NOT ONLY TO FACE THE AWAKENED PROLETARIAT BUT THEY HAD ALSO TO FIGHT AMONGST THEMSELVES YES,16000,LibriSpeech dev-clean,validation
librispeech_0392,data\raw\librispeech_sample\librispeech_0392.wav,STRUGGLE WARFARE WAS THE CONDITION OF PRIVATE OWNERSHIP IT WAS FATAL,16000,LibriSpeech dev-clean,validation
librispeech_0393,data\raw\librispeech_sample\librispeech_0393.wav,AH HE DID NOT DEPEND UPON EMOTIONAL EXCITEMENT TO KEEP UP HIS BELIEF NO DECLAMATIONS NO ANGER NO VISIONS OF BLOOD RED FLAGS WAVING OR METAPHORICAL LURID SUNS OF VENGEANCE RISING ABOVE THE HORIZON OF A DOOMED SOCIETY NOT HE,16000,LibriSpeech dev-clean,validation
librispeech_0394,data\raw\librispeech_sample\librispeech_0394.wav,DON'T YOU THINK THAT IF I HAD NOT BEEN THE OPTIMIST I AM I COULD NOT HAVE FOUND IN FIFTEEN YEARS SOME MEANS TO CUT MY THROAT,16000,LibriSpeech dev-clean,validation
librispeech_0395,data\raw\librispeech_sample\librispeech_0395.wav,A HARSH LAUGH FROM COMRADE OSSIPON CUT THE TIRADE DEAD SHORT IN A SUDDEN FALTERING OF THE TONGUE AND A BEWILDERED UNSTEADINESS OF THE APOSTLE'S MILDLY EXALTED EYES,16000,LibriSpeech dev-clean,validation
librispeech_0396,data\raw\librispeech_sample\librispeech_0396.wav,ALEXANDER OSSIPON GOT UP TALL IN HIS THREADBARE BLUE SERGE SUIT UNDER THE LOW CEILING SHOOK OFF THE STIFFNESS OF LONG IMMOBILITY AND STROLLED AWAY INTO THE KITCHEN DOWN TWO STEPS TO LOOK OVER STEVIE'S SHOULDER,16000,LibriSpeech dev-clean,validation
librispeech_0397,data\raw\librispeech_sample\librispeech_0397.wav,VERY CHARACTERISTIC PERFECTLY TYPICAL,16000,LibriSpeech dev-clean,validation
librispeech_0398,data\raw\librispeech_sample\librispeech_0398.wav,YOU WOULD CALL THAT LAD A DEGENERATE WOULD YOU MUMBLED MISTER VERLOC,16000,LibriSpeech dev-clean,validation
librispeech_0399,data\raw\librispeech_sample\librispeech_0399.wav,IT WAS KARL YUNDT WHO WAS HEARD IMPLACABLE TO HIS LAST BREATH,16000,LibriSpeech dev-clean,validation
librispeech_0400,data\raw\librispeech_sample\librispeech_0400.wav,LOMBROSO IS AN ASS,16000,LibriSpeech dev-clean,validation
librispeech_0401,data\raw\librispeech_sample\librispeech_0401.wav,FOR HIM THE CRIMINAL IS THE PRISONER SIMPLE IS IT NOT,16000,LibriSpeech dev-clean,validation
librispeech_0402,data\raw\librispeech_sample\librispeech_0402.wav,THERE WAS AN EXTRAORDINARY FORCE OF SUGGESTION IN THIS POSTURING,16000,LibriSpeech dev-clean,validation
librispeech_0403,data\raw\librispeech_sample\librispeech_0403.wav,THE FAMOUS TERRORIST HAD NEVER IN HIS LIFE RAISED PERSONALLY AS MUCH AS HIS LITTLE FINGER AGAINST THE SOCIAL EDIFICE,16000,LibriSpeech dev-clean,validation
librispeech_0404,data\raw\librispeech_sample\librispeech_0404.wav,THE SHADOW OF HIS EVIL GIFT CLUNG TO HIM YET LIKE THE SMELL OF A DEADLY DRUG IN AN OLD VIAL OF POISON EMPTIED NOW USELESS READY TO BE THROWN AWAY UPON THE RUBBISH HEAP OF THINGS THAT HAD SERVED THEIR TIME,16000,LibriSpeech dev-clean,validation
librispeech_0405,data\raw\librispeech_sample\librispeech_0405.wav,MICHAELIS THE TICKET OF LEAVE APOSTLE SMILED VAGUELY WITH HIS GLUED LIPS HIS PASTY MOON FACE DROOPED UNDER THE WEIGHT OF MELANCHOLY ASSENT,16000,LibriSpeech dev-clean,validation
librispeech_0406,data\raw\librispeech_sample\librispeech_0406.wav,HE HAD BEEN A PRISONER HIMSELF,16000,LibriSpeech dev-clean,validation
librispeech_0407,data\raw\librispeech_sample\librispeech_0407.wav,HIS OWN SKIN HAD SIZZLED UNDER THE RED HOT BRAND HE MURMURED SOFTLY,16000,LibriSpeech dev-clean,validation
librispeech_0408,data\raw\librispeech_sample\librispeech_0408.wav,YOU DON'T UNDERSTAND HE BEGAN DISDAINFULLY BUT STOPPED SHORT INTIMIDATED BY THE DEAD BLACKNESS OF THE CAVERNOUS EYES IN THE FACE TURNED SLOWLY TOWARDS HIM WITH A BLIND STARE AS IF GUIDED ONLY BY THE SOUND,16000,LibriSpeech dev-clean,validation
librispeech_0409,data\raw\librispeech_sample\librispeech_0409.wav,HE GAVE THE DISCUSSION UP WITH A SLIGHT SHRUG OF THE SHOULDERS,16000,LibriSpeech dev-clean,validation
librispeech_0410,data\raw\librispeech_sample\librispeech_0410.wav,STEVIE ACCUSTOMED TO MOVE ABOUT DISREGARDED HAD GOT UP FROM THE KITCHEN TABLE CARRYING OFF HIS DRAWING TO BED WITH HIM,16000,LibriSpeech dev-clean,validation
librispeech_0411,data\raw\librispeech_sample\librispeech_0411.wav,THE SHEET OF PAPER COVERED WITH CIRCLES DROPPED OUT OF HIS FINGERS AND HE REMAINED STARING AT THE OLD TERRORIST AS IF ROOTED SUDDENLY TO THE SPOT BY HIS MORBID HORROR AND DREAD OF PHYSICAL PAIN,16000,LibriSpeech dev-clean,validation
librispeech_0412,data\raw\librispeech_sample\librispeech_0412.wav,HIS SCARED EYES BLAZED WITH INDIGNATION IT WOULD HURT TERRIBLY HIS MOUTH DROPPED OPEN,16000,LibriSpeech dev-clean,validation
librispeech_0413,data\raw\librispeech_sample\librispeech_0413.wav,COMRADE OSSIPON'S FACE TWITCHED WITH EXASPERATION,16000,LibriSpeech dev-clean,validation
librispeech_0414,data\raw\librispeech_sample\librispeech_0414.wav,I DON'T SAY THAT PROTESTED MICHAELIS GENTLY,16000,LibriSpeech dev-clean,validation
librispeech_0415,data\raw\librispeech_sample\librispeech_0415.wav,HIS VISION OF TRUTH HAD GROWN SO INTENSE THAT THE SOUND OF A STRANGE VOICE FAILED TO ROUT IT THIS TIME,16000,LibriSpeech dev-clean,validation
librispeech_0416,data\raw\librispeech_sample\librispeech_0416.wav,THE COALS IN THE GRATE SETTLED DOWN WITH A SLIGHT CRASH AND MICHAELIS THE HERMIT OF VISIONS IN THE DESERT OF A PENITENTIARY GOT UP IMPETUOUSLY,16000,LibriSpeech dev-clean,validation
librispeech_0417,data\raw\librispeech_sample\librispeech_0417.wav,THE DISDAINFUL POUT OF COMRADE OSSIPON'S THICK LIPS ACCENTUATED THE NEGRO TYPE OF HIS FACE,16000,LibriSpeech dev-clean,validation
librispeech_0418,data\raw\librispeech_sample\librispeech_0418.wav,HE PAUSED THEN ADDED WITH MODEST FIRMNESS,16000,LibriSpeech dev-clean,validation
librispeech_0419,data\raw\librispeech_sample\librispeech_0419.wav,I WOULD CALL IT CANNIBALISTIC THAT'S WHAT IT IS,16000,LibriSpeech dev-clean,validation
librispeech_0420,data\raw\librispeech_sample\librispeech_0420.wav,THEY ARE NOURISHING THEIR GREED ON THE QUIVERING FLESH AND THE WARM BLOOD OF THE PEOPLE NOTHING ELSE,16000,LibriSpeech dev-clean,validation
librispeech_0421,data\raw\librispeech_sample\librispeech_0421.wav,STEVIE SWALLOWED THE TERRIFYING STATEMENT WITH AN AUDIBLE GULP AND AT ONCE AS THOUGH IT HAD BEEN SWIFT POISON SANK LIMPLY IN A SITTING POSTURE ON THE STEPS OF THE KITCHEN DOOR,16000,LibriSpeech dev-clean,validation
librispeech_0422,data\raw\librispeech_sample\librispeech_0422.wav,HE CLOSED THE DOOR BEHIND THEIR BACKS WITH RESTRAINED VIOLENCE TURNED THE KEY SHOT THE BOLT,16000,LibriSpeech dev-clean,validation
librispeech_0423,data\raw\librispeech_sample\librispeech_0423.wav,HE WAS NOT SATISFIED WITH HIS FRIENDS,16000,LibriSpeech dev-clean,validation
librispeech_0424,data\raw\librispeech_sample\librispeech_0424.wav,WITH THE INSIGHT OF A KINDRED TEMPERAMENT HE PRONOUNCED HIS VERDICT,16000,LibriSpeech dev-clean,validation
librispeech_0425,data\raw\librispeech_sample\librispeech_0425.wav,THERE ARE NATURES TOO TO WHOSE SENSE OF JUSTICE THE PRICE EXACTED LOOMS UP MONSTROUSLY ENORMOUS ODIOUS OPPRESSIVE WORRYING HUMILIATING EXTORTIONATE INTOLERABLE THOSE ARE THE FANATICS,16000,LibriSpeech dev-clean,validation
librispeech_0426,data\raw\librispeech_sample\librispeech_0426.wav,IN ANY CASE HE HAD NOT THE TIME,16000,LibriSpeech dev-clean,validation
librispeech_0427,data\raw\librispeech_sample\librispeech_0427.wav,LOAFING WAS ALL VERY WELL FOR THESE FELLOWS WHO KNEW NOT MISTER VLADIMIR AND HAD WOMEN TO FALL BACK UPON WHEREAS HE HAD A WOMAN TO PROVIDE FOR,16000,LibriSpeech dev-clean,validation
librispeech_0428,data\raw\librispeech_sample\librispeech_0428.wav,THESE WERE BUT FEW AND FOR THE FIRST TIME SINCE HE OPENED HIS SHOP HE TOOK A COMMERCIAL SURVEY OF ITS VALUE,16000,LibriSpeech dev-clean,validation
librispeech_0429,data\raw\librispeech_sample\librispeech_0429.wav,THIS SURVEY WAS UNFAVOURABLE,16000,LibriSpeech dev-clean,validation
librispeech_0430,data\raw\librispeech_sample\librispeech_0430.wav,HE TOOK THE CASH BOX OUT OF THE DRAWER AND TURNING TO LEAVE THE SHOP BECAME AWARE THAT STEVIE WAS STILL DOWNSTAIRS,16000,LibriSpeech dev-clean,validation
librispeech_0431,data\raw\librispeech_sample\librispeech_0431.wav,HE LOOKED DUBIOUSLY AT HIS BROTHER IN LAW BUT HE DID NOT ASK HIM FOR INFORMATION,16000,LibriSpeech dev-clean,validation
librispeech_0432,data\raw\librispeech_sample\librispeech_0432.wav,MISTER VERLOC PERCEIVED WITH SOME SURPRISE THAT HE DID NOT KNOW REALLY WHAT TO SAY TO STEVIE,16000,LibriSpeech dev-clean,validation
librispeech_0433,data\raw\librispeech_sample\librispeech_0433.wav,HE STOOD STILL IN THE MIDDLE OF THE PARLOUR AND LOOKED INTO THE KITCHEN IN SILENCE,16000,LibriSpeech dev-clean,validation
librispeech_0434,data\raw\librispeech_sample\librispeech_0434.wav,HE WATCHED HIM GESTICULATING AND MURMURING IN THE KITCHEN,16000,LibriSpeech dev-clean,validation
librispeech_0435,data\raw\librispeech_sample\librispeech_0435.wav,STEVIE PROWLED ROUND THE TABLE LIKE AN EXCITED ANIMAL IN A CAGE,16000,LibriSpeech dev-clean,validation
librispeech_0436,data\raw\librispeech_sample\librispeech_0436.wav,THE LIGHT THROWN DOWN BY THE SHADE FELL DAZZLINGLY ON THE WHITE PILLOW SUNK BY THE WEIGHT OF HER HEAD REPOSING WITH CLOSED EYES AND DARK HAIR DONE UP IN SEVERAL PLAITS FOR THE NIGHT,16000,LibriSpeech dev-clean,validation
librispeech_0437,data\raw\librispeech_sample\librispeech_0437.wav,HER BARE FEET AS IF POKED THROUGH THE BOTTOM OF AN UNADORNED SLEEVED CALICO SACK BUTTONED TIGHTLY AT NECK AND WRISTS FELT OVER THE RUG FOR THE SLIPPERS WHILE SHE LOOKED UPWARD INTO HER HUSBAND'S FACE,16000,LibriSpeech dev-clean,validation
librispeech_0438,data\raw\librispeech_sample\librispeech_0438.wav,THERE IS NO OCCUPATION THAT FAILS A MAN MORE COMPLETELY THAN THAT OF A SECRET AGENT OF POLICE,16000,LibriSpeech dev-clean,validation
librispeech_0439,data\raw\librispeech_sample\librispeech_0439.wav,IT'S LIKE YOUR HORSE SUDDENLY FALLING DEAD UNDER YOU IN THE MIDST OF AN UNINHABITED AND THIRSTY PLAIN,16000,LibriSpeech dev-clean,validation
librispeech_0440,data\raw\librispeech_sample\librispeech_0440.wav,THE COMPARISON OCCURRED TO MISTER VERLOC BECAUSE HE HAD SAT ASTRIDE VARIOUS ARMY HORSES IN HIS TIME AND HAD NOW THE SENSATION OF AN INCIPIENT FALL,16000,LibriSpeech dev-clean,validation
librispeech_0441,data\raw\librispeech_sample\librispeech_0441.wav,THE PROSPECT WAS AS BLACK AS THE WINDOW PANE AGAINST WHICH HE WAS LEANING HIS FOREHEAD,16000,LibriSpeech dev-clean,validation
librispeech_0442,data\raw\librispeech_sample\librispeech_0442.wav,YES NOT AT ALL WELL,16000,LibriSpeech dev-clean,validation
librispeech_0443,data\raw\librispeech_sample\librispeech_0443.wav,DOWN BELOW IN THE QUIET NARROW STREET MEASURED FOOTSTEPS APPROACHED THE HOUSE THEN DIED AWAY UNHURRIED AND FIRM AS IF THE PASSER BY HAD STARTED TO PACE OUT ALL ETERNITY FROM GAS LAMP TO GAS LAMP IN A NIGHT WITHOUT END AND THE DROWSY TICKING OF THE OLD CLOCK ON THE LANDING BECAME DISTINCTLY AUDIBLE IN THE BEDROOM,16000,LibriSpeech dev-clean,validation
librispeech_0444,data\raw\librispeech_sample\librispeech_0444.wav,THAT POOR BOY IS IN A VERY EXCITED STATE TO NIGHT SHE MURMURED AFTER A PAUSE WHICH LASTED FOR THREE TICKS OF THE CLOCK,16000,LibriSpeech dev-clean,validation
librispeech_0445,data\raw\librispeech_sample\librispeech_0445.wav,THIS DREAD LED HIM TO MAKE THE REMARK THAT STEVIE HAD DISREGARDED HIS SUGGESTION TO GO TO BED,16000,LibriSpeech dev-clean,validation
librispeech_0446,data\raw\librispeech_sample\librispeech_0446.wav,THERE WAS NO YOUNG MAN OF HIS AGE IN LONDON MORE WILLING AND DOCILE THAN STEPHEN SHE AFFIRMED NONE MORE AFFECTIONATE AND READY TO PLEASE AND EVEN USEFUL AS LONG AS PEOPLE DID NOT UPSET HIS POOR HEAD,16000,LibriSpeech dev-clean,validation
librispeech_0447,data\raw\librispeech_sample\librispeech_0447.wav,MISTER VERLOC'S ANXIETIES HAD PREVENTED HIM FROM ATTACHING ANY SENSE TO WHAT HIS WIFE WAS SAYING,16000,LibriSpeech dev-clean,validation
librispeech_0448,data\raw\librispeech_sample\librispeech_0448.wav,THAT BOY HEARS TOO MUCH OF WHAT IS TALKED ABOUT HERE,16000,LibriSpeech dev-clean,validation
librispeech_0449,data\raw\librispeech_sample\librispeech_0449.wav,IF I HAD KNOWN THEY WERE COMING TO NIGHT I WOULD HAVE SEEN TO IT THAT HE WENT TO BED AT THE SAME TIME I DID,16000,LibriSpeech dev-clean,validation
librispeech_0450,data\raw\librispeech_sample\librispeech_0450.wav,HE WAS OUT OF HIS MIND WITH SOMETHING HE OVERHEARD ABOUT EATING PEOPLE'S FLESH AND DRINKING BLOOD WHAT'S THE GOOD OF TALKING LIKE THAT,16000,LibriSpeech dev-clean,validation
librispeech_0451,data\raw\librispeech_sample\librispeech_0451.wav,MISTER VERLOC WAS FULLY RESPONSIVE NOW,16000,LibriSpeech dev-clean,validation
librispeech_0452,data\raw\librispeech_sample\librispeech_0452.wav,ASK KARL YUNDT HE GROWLED SAVAGELY,16000,LibriSpeech dev-clean,validation
librispeech_0453,data\raw\librispeech_sample\librispeech_0453.wav,HE ISN'T FIT TO HEAR WHAT'S SAID HERE HE BELIEVES IT'S ALL TRUE,16000,LibriSpeech dev-clean,validation
librispeech_0454,data\raw\librispeech_sample\librispeech_0454.wav,HE KNOWS NO BETTER HE GETS INTO HIS PASSIONS OVER IT,16000,LibriSpeech dev-clean,validation
librispeech_0455,data\raw\librispeech_sample\librispeech_0455.wav,HE GLARED AT ME AS IF HE DIDN'T KNOW WHO I WAS WHEN I WENT DOWNSTAIRS,16000,LibriSpeech dev-clean,validation
librispeech_0456,data\raw\librispeech_sample\librispeech_0456.wav,I WISH HE HAD NEVER BEEN TO SCHOOL MISSUS VERLOC BEGAN AGAIN BRUSQUELY,16000,LibriSpeech dev-clean,validation
librispeech_0457,data\raw\librispeech_sample\librispeech_0457.wav,HE GETS A RED FACE PORING OVER THEM,16000,LibriSpeech dev-clean,validation
librispeech_0458,data\raw\librispeech_sample\librispeech_0458.wav,I WOULDN'T GIVE A HALFPENNY FOR THE WHOLE LOT,16000,LibriSpeech dev-clean,validation
librispeech_0459,data\raw\librispeech_sample\librispeech_0459.wav,THE OTHER DAY STEVIE GOT HOLD OF ONE AND THERE WAS A STORY IN IT OF A GERMAN SOLDIER OFFICER TEARING HALF OFF THE EAR OF A RECRUIT AND NOTHING WAS DONE TO HIM FOR IT THE BRUTE,16000,LibriSpeech dev-clean,validation
librispeech_0460,data\raw\librispeech_sample\librispeech_0460.wav,HE CAN'T STAND THE NOTION OF ANY CRUELTY,16000,LibriSpeech dev-clean,validation
librispeech_0461,data\raw\librispeech_sample\librispeech_0461.wav,COMFORTABLE DEAR,16000,LibriSpeech dev-clean,validation
librispeech_0462,data\raw\librispeech_sample\librispeech_0462.wav,GO DO YOU HEAR,16000,LibriSpeech dev-clean,validation
librispeech_0463,data\raw\librispeech_sample\librispeech_0463.wav,BUT IN LESS THAN FIVE MINUTES THE STAIRCASE GROANED BENEATH AN EXTRAORDINARY WEIGHT,16000,LibriSpeech dev-clean,validation
librispeech_0464,data\raw\librispeech_sample\librispeech_0464.wav,AT THIS MOMENT THE WHOLE SOUL OF THE OLD MAN SEEMED CENTRED IN HIS EYES WHICH BECAME BLOODSHOT THE VEINS OF THE THROAT SWELLED HIS CHEEKS AND TEMPLES BECAME PURPLE AS THOUGH HE WAS STRUCK WITH EPILEPSY NOTHING WAS WANTING TO COMPLETE THIS BUT THE UTTERANCE OF A CRY,16000,LibriSpeech dev-clean,validation
librispeech_0465,data\raw\librispeech_sample\librispeech_0465.wav,AND THE CRY ISSUED FROM HIS PORES IF WE MAY THUS SPEAK A CRY FRIGHTFUL IN ITS SILENCE,16000,LibriSpeech dev-clean,validation
librispeech_0466,data\raw\librispeech_sample\librispeech_0466.wav,D'AVRIGNY RUSHED TOWARDS THE OLD MAN AND MADE HIM INHALE A POWERFUL RESTORATIVE,16000,LibriSpeech dev-clean,validation
librispeech_0467,data\raw\librispeech_sample\librispeech_0467.wav,D'AVRIGNY UNABLE TO BEAR THE SIGHT OF THIS TOUCHING EMOTION TURNED AWAY AND VILLEFORT WITHOUT SEEKING ANY FURTHER EXPLANATION AND ATTRACTED TOWARDS HIM BY THE IRRESISTIBLE MAGNETISM WHICH DRAWS US TOWARDS THOSE WHO HAVE LOVED THE PEOPLE FOR WHOM WE MOURN EXTENDED HIS HAND TOWARDS THE YOUNG MAN,16000,LibriSpeech dev-clean,validation
librispeech_0468,data\raw\librispeech_sample\librispeech_0468.wav,FOR SOME TIME NOTHING WAS HEARD IN THAT CHAMBER BUT SOBS EXCLAMATIONS AND PRAYERS,16000,LibriSpeech dev-clean,validation
librispeech_0469,data\raw\librispeech_sample\librispeech_0469.wav,WHAT DO YOU MEAN SIR,16000,LibriSpeech dev-clean,validation
librispeech_0470,data\raw\librispeech_sample\librispeech_0470.wav,OH YOU RAVE SIR EXCLAIMED VILLEFORT IN VAIN ENDEAVORING TO ESCAPE THE NET IN WHICH HE WAS TAKEN I RAVE,16000,LibriSpeech dev-clean,validation
librispeech_0471,data\raw\librispeech_sample\librispeech_0471.wav,DO YOU KNOW THE ASSASSIN ASKED MORREL,16000,LibriSpeech dev-clean,validation
librispeech_0472,data\raw\librispeech_sample\librispeech_0472.wav,NOIRTIER LOOKED UPON MORREL WITH ONE OF THOSE MELANCHOLY SMILES WHICH HAD SO OFTEN MADE VALENTINE HAPPY AND THUS FIXED HIS ATTENTION,16000,LibriSpeech dev-clean,validation
librispeech_0473,data\raw\librispeech_sample\librispeech_0473.wav,SAID MORREL SADLY YES REPLIED NOIRTIER,16000,LibriSpeech dev-clean,validation
librispeech_0474,data\raw\librispeech_sample\librispeech_0474.wav,THE OLD MAN'S EYES REMAINED FIXED ON THE DOOR,16000,LibriSpeech dev-clean,validation
librispeech_0475,data\raw\librispeech_sample\librispeech_0475.wav,ASKED MORREL YES,16000,LibriSpeech dev-clean,validation
librispeech_0476,data\raw\librispeech_sample\librispeech_0476.wav,MUST I LEAVE ALONE NO,16000,LibriSpeech dev-clean,validation
librispeech_0477,data\raw\librispeech_sample\librispeech_0477.wav,BUT CAN HE UNDERSTAND YOU YES,16000,LibriSpeech dev-clean,validation
librispeech_0478,data\raw\librispeech_sample\librispeech_0478.wav,GENTLEMEN HE SAID IN A HOARSE VOICE GIVE ME YOUR WORD OF HONOR THAT THIS HORRIBLE SECRET SHALL FOREVER REMAIN BURIED AMONGST OURSELVES THE TWO MEN DREW BACK,16000,LibriSpeech dev-clean,validation
librispeech_0479,data\raw\librispeech_sample\librispeech_0479.wav,MY FATHER HAS REVEALED THE CULPRIT'S NAME MY FATHER THIRSTS FOR REVENGE AS MUCH AS YOU DO YET EVEN HE CONJURES YOU AS I DO TO KEEP THIS SECRET DO YOU NOT FATHER,16000,LibriSpeech dev-clean,validation
librispeech_0480,data\raw\librispeech_sample\librispeech_0480.wav,MORREL SUFFERED AN EXCLAMATION OF HORROR AND SURPRISE TO ESCAPE HIM,16000,LibriSpeech dev-clean,validation
librispeech_0481,data\raw\librispeech_sample\librispeech_0481.wav,THE OLD MAN MADE A SIGN IN THE AFFIRMATIVE,16000,LibriSpeech dev-clean,validation
librispeech_0482,data\raw\librispeech_sample\librispeech_0482.wav,IT WAS SOMETHING TERRIBLE TO WITNESS THE SILENT AGONY THE MUTE DESPAIR OF NOIRTIER WHOSE TEARS SILENTLY ROLLED DOWN HIS CHEEKS,16000,LibriSpeech dev-clean,validation
librispeech_0483,data\raw\librispeech_sample\librispeech_0483.wav,BUT HE STOPPED ON THE LANDING HE HAD NOT THE COURAGE TO AGAIN VISIT THE DEATH CHAMBER,16000,LibriSpeech dev-clean,validation
librispeech_0484,data\raw\librispeech_sample\librispeech_0484.wav,THE TWO DOCTORS THEREFORE ENTERED THE ROOM ALONE,16000,LibriSpeech dev-clean,validation
librispeech_0485,data\raw\librispeech_sample\librispeech_0485.wav,NOIRTIER WAS NEAR THE BED PALE MOTIONLESS AND SILENT AS THE CORPSE,16000,LibriSpeech dev-clean,validation
librispeech_0486,data\raw\librispeech_sample\librispeech_0486.wav,THE DISTRICT DOCTOR APPROACHED WITH THE INDIFFERENCE OF A MAN ACCUSTOMED TO SPEND HALF HIS TIME AMONGST THE DEAD HE THEN LIFTED THE SHEET WHICH WAS PLACED OVER THE FACE AND JUST UNCLOSED THE LIPS,16000,LibriSpeech dev-clean,validation
librispeech_0487,data\raw\librispeech_sample\librispeech_0487.wav,THE NEAREST SAID THE DISTRICT DOCTOR IS A GOOD ITALIAN ABBE WHO LIVES NEXT DOOR TO YOU SHALL I CALL ON HIM AS I PASS,16000,LibriSpeech dev-clean,validation
librispeech_0488,data\raw\librispeech_sample\librispeech_0488.wav,D'AVRIGNY SAID VILLEFORT BE SO KIND I BESEECH YOU AS TO ACCOMPANY THIS GENTLEMAN HERE IS THE KEY OF THE DOOR SO THAT YOU CAN GO IN AND OUT AS YOU PLEASE YOU WILL BRING THE PRIEST WITH YOU AND WILL OBLIGE ME BY INTRODUCING HIM INTO MY CHILD'S ROOM DO YOU WISH TO SEE HIM,16000,LibriSpeech dev-clean,validation
librispeech_0489,data\raw\librispeech_sample\librispeech_0489.wav,I ONLY WISH TO BE ALONE YOU WILL EXCUSE ME WILL YOU NOT,16000,LibriSpeech dev-clean,validation
librispeech_0490,data\raw\librispeech_sample\librispeech_0490.wav,I AM GOING SIR AND I DO NOT HESITATE TO SAY THAT NO PRAYERS WILL BE MORE FERVENT THAN MINE,16000,LibriSpeech dev-clean,validation
librispeech_0491,data\raw\librispeech_sample\librispeech_0491.wav,BUT WITH FULL RAVISHMENT THE HOURS OF PRIME SINGING RECEIVED THEY IN THE MIDST OF LEAVES THAT EVER BORE A BURDEN TO THEIR RHYMES,16000,LibriSpeech dev-clean,validation
librispeech_0492,data\raw\librispeech_sample\librispeech_0492.wav,ALL WATERS THAT ON EARTH MOST LIMPID ARE WOULD SEEM TO HAVE WITHIN THEMSELVES SOME MIXTURE COMPARED WITH THAT WHICH NOTHING DOTH CONCEAL,16000,LibriSpeech dev-clean,validation
librispeech_0493,data\raw\librispeech_sample\librispeech_0493.wav,THOU MAKEST ME REMEMBER WHERE AND WHAT PROSERPINA THAT MOMENT WAS WHEN LOST HER MOTHER HER AND SHE HERSELF THE SPRING,16000,LibriSpeech dev-clean,validation
librispeech_0494,data\raw\librispeech_sample\librispeech_0494.wav,I DO NOT THINK THERE SHONE SO GREAT A LIGHT UNDER THE LIDS OF VENUS WHEN TRANSFIXED BY HER OWN SON BEYOND HIS USUAL CUSTOM,16000,LibriSpeech dev-clean,validation
librispeech_0495,data\raw\librispeech_sample\librispeech_0495.wav,YE ARE NEW COMERS AND BECAUSE I SMILE BEGAN SHE PERADVENTURE IN THIS PLACE ELECT TO HUMAN NATURE FOR ITS NEST,16000,LibriSpeech dev-clean,validation
librispeech_0496,data\raw\librispeech_sample\librispeech_0496.wav,SOME APPREHENSION KEEPS YOU MARVELLING BUT THE PSALM DELECTASTI GIVETH LIGHT WHICH HAS THE POWER TO UNCLOUD YOUR INTELLECT,16000,LibriSpeech dev-clean,validation
librispeech_0497,data\raw\librispeech_sample\librispeech_0497.wav,THE GOOD SUPREME SOLE IN ITSELF DELIGHTING CREATED MAN GOOD AND THIS GOODLY PLACE GAVE HIM AS HANSEL OF ETERNAL PEACE,16000,LibriSpeech dev-clean,validation
librispeech_0498,data\raw\librispeech_sample\librispeech_0498.wav,BY HIS DEFAULT SHORT WHILE HE SOJOURNED HERE BY HIS DEFAULT TO WEEPING AND TO TOIL HE CHANGED HIS INNOCENT LAUGHTER AND SWEET PLAY,16000,LibriSpeech dev-clean,validation
librispeech_0499,data\raw\librispeech_sample\librispeech_0499.wav,THIS EVERY OTHER SAVOUR DOTH TRANSCEND AND NOTWITHSTANDING SLAKED SO FAR MAY BE THY THIRST THAT I REVEAL TO THEE NO MORE,16000,LibriSpeech dev-clean,validation
librispeech_0500,data\raw\librispeech_sample\librispeech_0500.wav,BETWEEN HER STEPS AND MINE WERE NOT A HUNDRED WHEN EQUALLY THE MARGINS GAVE A TURN IN SUCH A WAY THAT TO THE EAST I FACED,16000,LibriSpeech dev-clean,validation
librispeech_0501,data\raw\librispeech_sample\librispeech_0501.wav,NOR EVEN THUS OUR WAY CONTINUED FAR BEFORE THE LADY WHOLLY TURNED HERSELF UNTO ME SAYING BROTHER LOOK AND LISTEN,16000,LibriSpeech dev-clean,validation
librispeech_0502,data\raw\librispeech_sample\librispeech_0502.wav,NOW HELICON MUST NEEDS POUR FORTH FOR ME AND WITH HER CHOIR URANIA MUST ASSIST ME TO PUT IN VERSE THINGS DIFFICULT TO THINK,16000,LibriSpeech dev-clean,validation
librispeech_0503,data\raw\librispeech_sample\librispeech_0503.wav,THEN BACK I TURNED MY FACE TO THOSE HIGH THINGS WHICH MOVED THEMSELVES TOWARDS US SO SEDATELY THEY HAD BEEN DISTANCED BY NEW WEDDED BRIDES,16000,LibriSpeech dev-clean,validation
librispeech_0504,data\raw\librispeech_sample\librispeech_0504.wav,AND I BEHELD THE FLAMELETS ONWARD GO LEAVING BEHIND THEMSELVES THE AIR DEPICTED AND THEY OF TRAILING PENNONS HAD THE SEMBLANCE SO THAT IT OVERHEAD REMAINED DISTINCT WITH SEVENFOLD LISTS ALL OF THEM OF THE COLOURS WHENCE THE SUN'S BOW IS MADE AND DELIA'S GIRDLE,16000,LibriSpeech dev-clean,validation
librispeech_0505,data\raw\librispeech_sample\librispeech_0505.wav,THESE STANDARDS TO THE REARWARD LONGER WERE THAN WAS MY SIGHT AND AS IT SEEMED TO ME TEN PACES WERE THE OUTERMOST APART,16000,LibriSpeech dev-clean,validation
librispeech_0506,data\raw\librispeech_sample\librispeech_0506.wav,THE INTERVAL BETWEEN THESE FOUR CONTAINED A CHARIOT TRIUMPHAL ON TWO WHEELS WHICH BY A GRIFFIN'S NECK CAME DRAWN ALONG,16000,LibriSpeech dev-clean,validation
librispeech_0507,data\raw\librispeech_sample\librispeech_0507.wav,NOT ONLY ROME WITH NO SUCH SPLENDID CAR E'ER GLADDENED AFRICANUS OR AUGUSTUS BUT POOR TO IT THAT OF THE SUN WOULD BE,16000,LibriSpeech dev-clean,validation
librispeech_0508,data\raw\librispeech_sample\librispeech_0508.wav,THREE MAIDENS AT THE RIGHT WHEEL IN A CIRCLE CAME ONWARD DANCING ONE SO VERY RED THAT IN THE FIRE SHE HARDLY HAD BEEN NOTED,16000,LibriSpeech dev-clean,validation
librispeech_0509,data\raw\librispeech_sample\librispeech_0509.wav,THE SECOND WAS AS IF HER FLESH AND BONES HAD ALL BEEN FASHIONED OUT OF EMERALD THE THIRD APPEARED AS SNOW BUT NEWLY FALLEN,16000,LibriSpeech dev-clean,validation
librispeech_0510,data\raw\librispeech_sample\librispeech_0510.wav,IN REAR OF ALL THE GROUP HERE TREATED OF TWO OLD MEN I BEHELD UNLIKE IN HABIT BUT LIKE IN GAIT EACH DIGNIFIED AND GRAVE,16000,LibriSpeech dev-clean,validation
librispeech_0511,data\raw\librispeech_sample\librispeech_0511.wav,AND WHEN THE CAR WAS OPPOSITE TO ME THUNDER WAS HEARD AND ALL THAT FOLK AUGUST SEEMED TO HAVE FURTHER PROGRESS INTERDICTED,16000,LibriSpeech dev-clean,validation
librispeech_0512,data\raw\librispeech_sample\librispeech_0512.wav,AND ONE OF THEM AS IF BY HEAVEN COMMISSIONED SINGING VENI SPONSA DE LIBANO SHOUTED THREE TIMES AND ALL THE OTHERS AFTER,16000,LibriSpeech dev-clean,validation
librispeech_0513,data\raw\librispeech_sample\librispeech_0513.wav,AS SOON AS ON MY VISION SMOTE THE POWER SUBLIME THAT HAD ALREADY PIERCED ME THROUGH ERE FROM MY BOYHOOD I HAD YET COME FORTH,16000,LibriSpeech dev-clean,validation
librispeech_0514,data\raw\librispeech_sample\librispeech_0514.wav,TO THE LEFT HAND I TURNED WITH THAT RELIANCE WITH WHICH THE LITTLE CHILD RUNS TO HIS MOTHER WHEN HE HAS FEAR OR WHEN HE IS AFFLICTED,16000,LibriSpeech dev-clean,validation
librispeech_0515,data\raw\librispeech_sample\librispeech_0515.wav,TO SAY UNTO VIRGILIUS NOT A DRACHM OF BLOOD REMAINS IN ME THAT DOES NOT TREMBLE I KNOW THE TRACES OF THE ANCIENT FLAME,16000,LibriSpeech dev-clean,validation
librispeech_0516,data\raw\librispeech_sample\librispeech_0516.wav,DANTE BECAUSE VIRGILIUS HAS DEPARTED DO NOT WEEP YET DO NOT WEEP YET AWHILE FOR BY ANOTHER SWORD THOU NEED'ST MUST WEEP,16000,LibriSpeech dev-clean,validation
librispeech_0517,data\raw\librispeech_sample\librispeech_0517.wav,I SAW THE LADY WHO EREWHILE APPEARED VEILED UNDERNEATH THE ANGELIC FESTIVAL DIRECT HER EYES TO ME ACROSS THE RIVER,16000,LibriSpeech dev-clean,validation
librispeech_0518,data\raw\librispeech_sample\librispeech_0518.wav,LOOK AT ME WELL IN SOOTH I'M BEATRICE,16000,LibriSpeech dev-clean,validation
librispeech_0519,data\raw\librispeech_sample\librispeech_0519.wav,YE KEEP YOUR WATCH IN THE ETERNAL DAY SO THAT NOR NIGHT NOR SLEEP CAN STEAL FROM YOU ONE STEP THE AGES MAKE UPON THEIR PATH,16000,LibriSpeech dev-clean,validation
librispeech_0520,data\raw\librispeech_sample\librispeech_0520.wav,THEREFORE MY ANSWER IS WITH GREATER CARE THAT HE MAY HEAR ME WHO IS WEEPING YONDER SO THAT THE SIN AND DOLE BE OF ONE MEASURE,16000,LibriSpeech dev-clean,validation
librispeech_0521,data\raw\librispeech_sample\librispeech_0521.wav,BUT BY THE LARGESS OF CELESTIAL GRACES WHICH HAVE SUCH LOFTY VAPOURS FOR THEIR RAIN THAT NEAR TO THEM OUR SIGHT APPROACHES NOT,16000,LibriSpeech dev-clean,validation
librispeech_0522,data\raw\librispeech_sample\librispeech_0522.wav,AS SOON AS EVER OF MY SECOND AGE I WAS UPON THE THRESHOLD AND CHANGED LIFE HIMSELF FROM ME HE TOOK AND GAVE TO OTHERS,16000,LibriSpeech dev-clean,validation
librispeech_0523,data\raw\librispeech_sample\librispeech_0523.wav,SO LOW HE FELL THAT ALL APPLIANCES FOR HIS SALVATION WERE ALREADY SHORT SAVE SHOWING HIM THE PEOPLE OF PERDITION,16000,LibriSpeech dev-clean,validation
librispeech_0524,data\raw\librispeech_sample\librispeech_0524.wav,CONFUSION AND DISMAY TOGETHER MINGLED FORCED SUCH A YES FROM OUT MY MOUTH THAT SIGHT WAS NEEDFUL TO THE UNDERSTANDING OF IT,16000,LibriSpeech dev-clean,validation
librispeech_0525,data\raw\librispeech_sample\librispeech_0525.wav,WHENCE SHE TO ME IN THOSE DESIRES OF MINE WHICH LED THEE TO THE LOVING OF THAT GOOD BEYOND WHICH THERE IS NOTHING TO ASPIRE TO,16000,LibriSpeech dev-clean,validation
librispeech_0526,data\raw\librispeech_sample\librispeech_0526.wav,AND WHAT ALLUREMENTS OR WHAT VANTAGES UPON THE FOREHEAD OF THE OTHERS SHOWED THAT THOU SHOULDST TURN THY FOOTSTEPS UNTO THEM,16000,LibriSpeech dev-clean,validation
librispeech_0527,data\raw\librispeech_sample\librispeech_0527.wav,A LAUDABLE REGARD FOR THE HONOR OF THE FIRST PROSELYTE HAS COUNTENANCED THE BELIEF THE HOPE THE WISH THAT THE EBIONITES OR AT LEAST THE NAZARENES WERE DISTINGUISHED ONLY BY THEIR OBSTINATE PERSEVERANCE IN THE PRACTICE OF THE MOSAIC RITES,16000,LibriSpeech dev-clean,validation
librispeech_0528,data\raw\librispeech_sample\librispeech_0528.wav,THEIR CHURCHES HAVE DISAPPEARED THEIR BOOKS ARE OBLITERATED THEIR OBSCURE FREEDOM MIGHT ALLOW A LATITUDE OF FAITH AND THE SOFTNESS OF THEIR INFANT CREED WOULD BE VARIOUSLY MOULDED BY THE ZEAL OR PRUDENCE OF THREE HUNDRED YEARS,16000,LibriSpeech dev-clean,validation
librispeech_0529,data\raw\librispeech_sample\librispeech_0529.wav,YET THE MOST CHARITABLE CRITICISM MUST REFUSE THESE SECTARIES ANY KNOWLEDGE OF THE PURE AND PROPER DIVINITY OF CHRIST,16000,LibriSpeech dev-clean,validation
librispeech_0530,data\raw\librispeech_sample\librispeech_0530.wav,HIS PROGRESS FROM INFANCY TO YOUTH AND MANHOOD WAS MARKED BY A REGULAR INCREASE IN STATURE AND WISDOM AND AFTER A PAINFUL AGONY OF MIND AND BODY HE EXPIRED ON THE CROSS,16000,LibriSpeech dev-clean,validation
librispeech_0531,data\raw\librispeech_sample\librispeech_0531.wav,HE LIVED AND DIED FOR THE SERVICE OF MANKIND BUT THE LIFE AND DEATH OF SOCRATES HAD LIKEWISE BEEN DEVOTED TO THE CAUSE OF RELIGION AND JUSTICE AND ALTHOUGH THE STOIC OR THE HERO MAY DISDAIN THE HUMBLE VIRTUES OF JESUS THE TEARS WHICH HE SHED OVER HIS FRIEND AND COUNTRY MAY BE ESTEEMED THE PUREST EVIDENCE OF HIS HUMANITY,16000,LibriSpeech dev-clean,validation
librispeech_0532,data\raw\librispeech_sample\librispeech_0532.wav,THE SON OF A VIRGIN GENERATED BY THE INEFFABLE OPERATION OF THE HOLY SPIRIT WAS A CREATURE WITHOUT EXAMPLE OR RESEMBLANCE SUPERIOR IN EVERY ATTRIBUTE OF MIND AND BODY TO THE CHILDREN OF ADAM,16000,LibriSpeech dev-clean,validation
librispeech_0533,data\raw\librispeech_sample\librispeech_0533.wav,NOR COULD IT SEEM STRANGE OR INCREDIBLE THAT THE FIRST OF THESE AEONS THE LOGOS OR WORD OF GOD OF THE SAME SUBSTANCE WITH THE FATHER SHOULD DESCEND UPON EARTH TO DELIVER THE HUMAN RACE FROM VICE AND ERROR AND TO CONDUCT THEM IN THE PATHS OF LIFE AND IMMORTALITY,16000,LibriSpeech dev-clean,validation
librispeech_0534,data\raw\librispeech_sample\librispeech_0534.wav,BUT THE PREVAILING DOCTRINE OF THE ETERNITY AND INHERENT PRAVITY OF MATTER INFECTED THE PRIMITIVE CHURCHES OF THE EAST,16000,LibriSpeech dev-clean,validation
librispeech_0535,data\raw\librispeech_sample\librispeech_0535.wav,MANY AMONG THE GENTILE PROSELYTES REFUSED TO BELIEVE THAT A CELESTIAL SPIRIT AN UNDIVIDED PORTION OF THE FIRST ESSENCE HAD BEEN PERSONALLY UNITED WITH A MASS OF IMPURE AND CONTAMINATED FLESH AND IN THEIR ZEAL FOR THE DIVINITY THEY PIOUSLY ABJURED THE HUMANITY OF CHRIST,16000,LibriSpeech dev-clean,validation
librispeech_0536,data\raw\librispeech_sample\librispeech_0536.wav,HE FIRST APPEARED ON THE BANKS OF THE JORDAN IN THE FORM OF PERFECT MANHOOD BUT IT WAS A FORM ONLY AND NOT A SUBSTANCE A HUMAN FIGURE CREATED BY THE HAND OF OMNIPOTENCE TO IMITATE THE FACULTIES AND ACTIONS OF A MAN AND TO IMPOSE A PERPETUAL ILLUSION ON THE SENSES OF HIS FRIENDS AND ENEMIES,16000,LibriSpeech dev-clean,validation
librispeech_0537,data\raw\librispeech_sample\librispeech_0537.wav,BUT THE RASHNESS OF THESE CONCESSIONS HAS ENCOURAGED A MILDER SENTIMENT OF THOSE OF THE DOCETES WHO TAUGHT NOT THAT CHRIST WAS A PHANTOM BUT THAT HE WAS CLOTHED WITH AN IMPASSIBLE AND INCORRUPTIBLE BODY,16000,LibriSpeech dev-clean,validation
librispeech_0538,data\raw\librispeech_sample\librispeech_0538.wav,A FOETUS THAT COULD INCREASE FROM AN INVISIBLE POINT TO ITS FULL MATURITY A CHILD THAT COULD ATTAIN THE STATURE OF PERFECT MANHOOD WITHOUT DERIVING ANY NOURISHMENT FROM THE ORDINARY SOURCES MIGHT CONTINUE TO EXIST WITHOUT REPAIRING A DAILY WASTE BY A DAILY SUPPLY OF EXTERNAL MATTER,16000,LibriSpeech dev-clean,validation
librispeech_0539,data\raw\librispeech_sample\librispeech_0539.wav,IN THEIR EYES JESUS OF NAZARETH WAS A MERE MORTAL THE LEGITIMATE SON OF JOSEPH AND MARY BUT HE WAS THE BEST AND WISEST OF THE HUMAN RACE SELECTED AS THE WORTHY INSTRUMENT TO RESTORE UPON EARTH THE WORSHIP OF THE TRUE AND SUPREME DEITY,16000,LibriSpeech dev-clean,validation
librispeech_0540,data\raw\librispeech_sample\librispeech_0540.wav,WHEN THE MESSIAH WAS DELIVERED INTO THE HANDS OF THE JEWS THE CHRIST AN IMMORTAL AND IMPASSIBLE BEING FORSOOK HIS EARTHLY TABERNACLE FLEW BACK TO THE PLEROMA OR WORLD OF SPIRITS AND LEFT THE SOLITARY JESUS TO SUFFER TO COMPLAIN AND TO EXPIRE,16000,LibriSpeech dev-clean,validation
librispeech_0541,data\raw\librispeech_sample\librispeech_0541.wav,BUT THE JUSTICE AND GENEROSITY OF SUCH A DESERTION ARE STRONGLY QUESTIONABLE AND THE FATE OF AN INNOCENT MARTYR AT FIRST IMPELLED AND AT LENGTH ABANDONED BY HIS DIVINE COMPANION MIGHT PROVOKE THE PITY AND INDIGNATION OF THE PROFANE,16000,LibriSpeech dev-clean,validation
librispeech_0542,data\raw\librispeech_sample\librispeech_0542.wav,THEIR MURMURS WERE VARIOUSLY SILENCED BY THE SECTARIES WHO ESPOUSED AND MODIFIED THE DOUBLE SYSTEM OF CERINTHUS,16000,LibriSpeech dev-clean,validation
librispeech_0543,data\raw\librispeech_sample\librispeech_0543.wav,THE WORTHY FRIEND OF ATHANASIUS THE WORTHY ANTAGONIST OF JULIAN HE BRAVELY WRESTLED WITH THE ARIANS AND POLYTHEISTS AND THOUGH HE AFFECTED THE RIGOR OF GEOMETRICAL DEMONSTRATION HIS COMMENTARIES REVEALED THE LITERAL AND ALLEGORICAL SENSE OF THE SCRIPTURES,16000,LibriSpeech dev-clean,validation
librispeech_0544,data\raw\librispeech_sample\librispeech_0544.wav,YET AS THE PROFOUND DOCTOR HAD BEEN TERRIFIED AT HIS OWN RASHNESS APOLLINARIS WAS HEARD TO MUTTER SOME FAINT ACCENTS OF EXCUSE AND EXPLANATION,16000,LibriSpeech dev-clean,validation
librispeech_0545,data\raw\librispeech_sample\librispeech_0545.wav,HE ACQUIESCED IN THE OLD DISTINCTION OF THE GREEK PHILOSOPHERS BETWEEN THE RATIONAL AND SENSITIVE SOUL OF MAN THAT HE MIGHT RESERVE THE LOGOS FOR INTELLECTUAL FUNCTIONS AND EMPLOY THE SUBORDINATE HUMAN PRINCIPLE IN THE MEANER ACTIONS OF ANIMAL LIFE,16000,LibriSpeech dev-clean,validation
librispeech_0546,data\raw\librispeech_sample\librispeech_0546.wav,BUT INSTEAD OF A TEMPORARY AND OCCASIONAL ALLIANCE THEY ESTABLISHED AND WE STILL EMBRACE THE SUBSTANTIAL INDISSOLUBLE AND EVERLASTING UNION OF A PERFECT GOD WITH A PERFECT MAN OF THE SECOND PERSON OF THE TRINITY WITH A REASONABLE SOUL AND HUMAN FLESH,16000,LibriSpeech dev-clean,validation
librispeech_0547,data\raw\librispeech_sample\librispeech_0547.wav,UNDER THE TUITION OF THE ABBOT SERAPION HE APPLIED HIMSELF TO ECCLESIASTICAL STUDIES WITH SUCH INDEFATIGABLE ARDOR THAT IN THE COURSE OF ONE SLEEPLESS NIGHT HE HAS PERUSED THE FOUR GOSPELS THE CATHOLIC EPISTLES AND THE EPISTLE TO THE ROMANS,16000,LibriSpeech dev-clean,validation
librispeech_0548,data\raw\librispeech_sample\librispeech_0548.wav,ARDENT IN THE PROSECUTION OF HERESY CYRIL AUSPICIOUSLY OPENED HIS REIGN BY OPPRESSING THE NOVATIANS THE MOST INNOCENT AND HARMLESS OF THE SECTARIES,16000,LibriSpeech dev-clean,validation
librispeech_0549,data\raw\librispeech_sample\librispeech_0549.wav,WITHOUT ANY LEGAL SENTENCE WITHOUT ANY ROYAL MANDATE THE PATRIARCH AT THE DAWN OF DAY LED A SEDITIOUS MULTITUDE TO THE ATTACK OF THE SYNAGOGUES,16000,LibriSpeech dev-clean,validation
librispeech_0550,data\raw\librispeech_sample\librispeech_0550.wav,SUCH CRIMES WOULD HAVE DESERVED THE ANIMADVERSION OF THE MAGISTRATE BUT IN THIS PROMISCUOUS OUTRAGE THE INNOCENT WERE CONFOUNDED WITH THE GUILTY AND ALEXANDRIA WAS IMPOVERISHED BY THE LOSS OF A WEALTHY AND INDUSTRIOUS COLONY,16000,LibriSpeech dev-clean,validation
librispeech_0551,data\raw\librispeech_sample\librispeech_0551.wav,THE ZEAL OF CYRIL EXPOSED HIM TO THE PENALTIES OF THE JULIAN LAW BUT IN A FEEBLE GOVERNMENT AND A SUPERSTITIOUS AGE HE WAS SECURE OF IMPUNITY AND EVEN OF PRAISE,16000,LibriSpeech dev-clean,validation
librispeech_0552,data\raw\librispeech_sample\librispeech_0552.wav,ORESTES COMPLAINED BUT HIS JUST COMPLAINTS WERE TOO QUICKLY FORGOTTEN BY THE MINISTERS OF THEODOSIUS AND TOO DEEPLY REMEMBERED BY A PRIEST WHO AFFECTED TO PARDON AND CONTINUED TO HATE THE PRAEFECT OF EGYPT,16000,LibriSpeech dev-clean,validation
librispeech_0553,data\raw\librispeech_sample\librispeech_0553.wav,A RUMOR WAS SPREAD AMONG THE CHRISTIANS THAT THE DAUGHTER OF THEON WAS THE ONLY OBSTACLE TO THE RECONCILIATION OF THE PRAEFECT AND THE ARCHBISHOP AND THAT OBSTACLE WAS SPEEDILY REMOVED,16000,LibriSpeech dev-clean,validation
librispeech_0554,data\raw\librispeech_sample\librispeech_0554.wav,WHICH OPPRESSED THE METROPOLITANS OF EUROPE AND ASIA INVADED THE PROVINCES OF ANTIOCH AND ALEXANDRIA AND MEASURED THEIR DIOCESE BY THE LIMITS OF THE EMPIRE,16000,LibriSpeech dev-clean,validation
librispeech_0555,data\raw\librispeech_sample\librispeech_0555.wav,EXTERMINATE WITH ME THE HERETICS AND WITH YOU I WILL EXTERMINATE THE PERSIANS,16000,LibriSpeech dev-clean,validation
librispeech_0556,data\raw\librispeech_sample\librispeech_0556.wav,AT THESE BLASPHEMOUS SOUNDS THE PILLARS OF THE SANCTUARY WERE SHAKEN,16000,LibriSpeech dev-clean,validation
librispeech_0557,data\raw\librispeech_sample\librispeech_0557.wav,BUT THE VATICAN RECEIVED WITH OPEN ARMS THE MESSENGERS OF EGYPT,16000,LibriSpeech dev-clean,validation
librispeech_0558,data\raw\librispeech_sample\librispeech_0558.wav,THE VANITY OF CELESTINE WAS FLATTERED BY THE APPEAL AND THE PARTIAL VERSION OF A MONK DECIDED THE FAITH OF THE POPE WHO WITH HIS LATIN CLERGY WAS IGNORANT OF THE LANGUAGE THE ARTS AND THE THEOLOGY OF THE GREEKS,16000,LibriSpeech dev-clean,validation
librispeech_0559,data\raw\librispeech_sample\librispeech_0559.wav,NESTORIUS WHO DEPENDED ON THE NEAR APPROACH OF HIS EASTERN FRIENDS PERSISTED LIKE HIS PREDECESSOR CHRYSOSTOM TO DISCLAIM THE JURISDICTION AND TO DISOBEY THE SUMMONS OF HIS ENEMIES THEY HASTENED HIS TRIAL AND HIS ACCUSER PRESIDED IN THE SEAT OF JUDGMENT,16000,LibriSpeech dev-clean,validation
librispeech_0560,data\raw\librispeech_sample\librispeech_0560.wav,SIXTY EIGHT BISHOPS TWENTY TWO OF METROPOLITAN RANK DEFENDED HIS CAUSE BY A MODEST AND TEMPERATE PROTEST THEY WERE EXCLUDED FROM THE COUNCILS OF THEIR BRETHREN,16000,LibriSpeech dev-clean,validation
librispeech_0561,data\raw\librispeech_sample\librispeech_0561.wav,BY THE VIGILANCE OF MEMNON THE CHURCHES WERE SHUT AGAINST THEM AND A STRONG GARRISON WAS THROWN INTO THE CATHEDRAL,16000,LibriSpeech dev-clean,validation
librispeech_0562,data\raw\librispeech_sample\librispeech_0562.wav,DURING A BUSY PERIOD OF THREE MONTHS THE EMPEROR TRIED EVERY METHOD EXCEPT THE MOST EFFECTUAL MEANS OF INDIFFERENCE AND CONTEMPT TO RECONCILE THIS THEOLOGICAL QUARREL,16000,LibriSpeech dev-clean,validation
librispeech_0563,data\raw\librispeech_sample\librispeech_0563.wav,RETURN TO YOUR PROVINCES AND MAY YOUR PRIVATE VIRTUES REPAIR THE MISCHIEF AND SCANDAL OF YOUR MEETING,16000,LibriSpeech dev-clean,validation
librispeech_0564,data\raw\librispeech_sample\librispeech_0564.wav,THE FEEBLE SON OF ARCADIUS WAS ALTERNATELY SWAYED BY HIS WIFE AND SISTER BY THE EUNUCHS AND WOMEN OF THE PALACE SUPERSTITION AND AVARICE WERE THEIR RULING PASSIONS AND THE ORTHODOX CHIEFS WERE ASSIDUOUS IN THEIR ENDEAVORS TO ALARM THE FORMER AND TO GRATIFY THE LATTER,16000,LibriSpeech dev-clean,validation
librispeech_0565,data\raw\librispeech_sample\librispeech_0565.wav,BUT IN THIS AWFUL MOMENT OF THE DANGER OF THE CHURCH THEIR VOW WAS SUPERSEDED BY A MORE SUBLIME AND INDISPENSABLE DUTY,16000,LibriSpeech dev-clean,validation
librispeech_0566,data\raw\librispeech_sample\librispeech_0566.wav,AT THE SAME TIME EVERY AVENUE OF THE THRONE WAS ASSAULTED WITH GOLD,16000,LibriSpeech dev-clean,validation
librispeech_0567,data\raw\librispeech_sample\librispeech_0567.wav,THE PAST HE REGRETTED HE WAS DISCONTENTED WITH THE PRESENT AND THE FUTURE HE HAD REASON TO DREAD THE ORIENTAL BISHOPS SUCCESSIVELY DISENGAGED THEIR CAUSE FROM HIS UNPOPULAR NAME AND EACH DAY DECREASED THE NUMBER OF THE SCHISMATICS WHO REVERED NESTORIUS AS THE CONFESSOR OF THE FAITH,16000,LibriSpeech dev-clean,validation
librispeech_0568,data\raw\librispeech_sample\librispeech_0568.wav,A WANDERING TRIBE OF THE BLEMMYES OR NUBIANS INVADED HIS SOLITARY PRISON IN THEIR RETREAT THEY DISMISSED A CROWD OF USELESS CAPTIVES BUT NO SOONER HAD NESTORIUS REACHED THE BANKS OF THE NILE THAN HE WOULD GLADLY HAVE ESCAPED FROM A ROMAN AND ORTHODOX CITY TO THE MILDER SERVITUDE OF THE SAVAGES,16000,LibriSpeech dev-clean,validation
librispeech_0569,data\raw\librispeech_sample\librispeech_0569.wav,WHAT ARE YOU DOING HERE HE ASKED,16000,LibriSpeech dev-clean,validation
librispeech_0570,data\raw\librispeech_sample\librispeech_0570.wav,YOU HAVE BEEN TO THE HOTEL HE BURST OUT YOU HAVE SEEN CATHERINE,16000,LibriSpeech dev-clean,validation
librispeech_0571,data\raw\librispeech_sample\librispeech_0571.wav,WE HAVE BOTH SEEN THE SAME NEWSPAPER OF COURSE AND YOU HAVE BEEN THE FIRST TO CLEAR THE THING UP THAT'S IT ISN'T IT,16000,LibriSpeech dev-clean,validation
librispeech_0572,data\raw\librispeech_sample\librispeech_0572.wav,NOT SATISFIED WITH GOSSIP IN PRIVATE THE GREEDY PUBLIC APPETITE DEVOURS GOSSIP IN PRINT AND WANTS MORE OF IT THAN ANY ONE EDITOR CAN SUPPLY,16000,LibriSpeech dev-clean,validation
librispeech_0573,data\raw\librispeech_sample\librispeech_0573.wav,SUPPOSING THE REPORT HAD BEEN TRUE,16000,LibriSpeech dev-clean,validation
librispeech_0574,data\raw\librispeech_sample\librispeech_0574.wav,IN THE MEANTIME AFTER WHAT MISSUS PRESTY HAD CONFESSED THE CRUEL FALSEHOOD WHICH HAD CHECKED POOR KITTY'S NATURAL INQUIRIES RAISED AN INSUPERABLE OBSTACLE TO A MEETING BETWEEN FATHER AND CHILD,16000,LibriSpeech dev-clean,validation
librispeech_0575,data\raw\librispeech_sample\librispeech_0575.wav,HE HAD PROMISED TO DO HIS BEST TOWARD PERSUADING CATHERINE TO GRANT SYDNEY AN INTERVIEW,16000,LibriSpeech dev-clean,validation
librispeech_0576,data\raw\librispeech_sample\librispeech_0576.wav,EVEN THE CHANCE OF SUCCESSFULLY CONFIDING HER TO BENNYDECK'S PROTECTION HAD LOST SOMETHING OF ITS FAIR PROMISE SINCE RANDAL'S VISIT TO SYDENHAM,16000,LibriSpeech dev-clean,validation
librispeech_0577,data\raw\librispeech_sample\librispeech_0577.wav,BE THE RESULTS HOWEVER WHAT THEY MIGHT RANDAL COULD SEE BUT ONE PLAIN COURSE BEFORE HIM NOW,16000,LibriSpeech dev-clean,validation
librispeech_0578,data\raw\librispeech_sample\librispeech_0578.wav,CONSIDERATIONS OF DELICACY SEEMED TO FORBID TAKING THIS LIBERTY EVEN WITH AN INTIMATE FRIEND,16000,LibriSpeech dev-clean,validation
librispeech_0579,data\raw\librispeech_sample\librispeech_0579.wav,WHAT HAPPIER FUTURE COULD AWAIT HER ESPECIALLY IF SHE JUSTIFIED RANDAL'S PAST EXPERIENCE OF ALL THAT WAS CANDID AND TRUTHFUL IN HER CHARACTER THAN TO BECOME HIS FRIEND'S WIFE,16000,LibriSpeech dev-clean,validation
librispeech_0580,data\raw\librispeech_sample\librispeech_0580.wav,SHALL I SAY THAT SHE MAY EXPECT AN EARLY VISIT FROM YOU WHEN I SEE HER TO MORROW,16000,LibriSpeech dev-clean,validation
librispeech_0581,data\raw\librispeech_sample\librispeech_0581.wav,HE ADDED SYDNEY'S ADDRESS IN A POSTSCRIPT AND DISPATCHED HIS LETTER THAT EVENING,16000,LibriSpeech dev-clean,validation
librispeech_0582,data\raw\librispeech_sample\librispeech_0582.wav,BUT IT MIGHT PERHAPS BE EXCUSABLE TO INFER THAT THE MARRIAGE HAD NOT YET BEEN DECIDED ON AND THAT THE CAPTAIN'S PROPOSALS WERE STILL WAITING FOR CATHERINE'S REPLY,16000,LibriSpeech dev-clean,validation
librispeech_0583,data\raw\librispeech_sample\librispeech_0583.wav,NOT HAVING HEARD FROM CAPTAIN BENNYDECK FOR SOME LITTLE TIME RANDAL THOUGHT IT DESIRABLE IN SYDNEY'S INTERESTS TO MAKE INQUIRIES AT HIS CLUB,16000,LibriSpeech dev-clean,validation
librispeech_0584,data\raw\librispeech_sample\librispeech_0584.wav,THE SAILING MASTER ANNOUNCED THAT HE HAD ORDERS TO TAKE THE VESSEL BACK TO HER PORT WITH NO OTHER EXPLANATION THAN THAT THE CRUISE WAS OVER,16000,LibriSpeech dev-clean,validation
librispeech_0585,data\raw\librispeech_sample\librispeech_0585.wav,THIS ALTERNATIVE IN THE CAPTAIN'S PLANS TERMINATING THE VOYAGE A MONTH EARLIER THAN HIS ARRANGEMENTS HAD CONTEMPLATED PUZZLED RANDAL,16000,LibriSpeech dev-clean,validation
librispeech_0586,data\raw\librispeech_sample\librispeech_0586.wav,RANDAL WAITED A WHILE IN LONDON ON THE CHANCE THAT BENNYDECK MIGHT PAY HIM A VISIT,16000,LibriSpeech dev-clean,validation
librispeech_0587,data\raw\librispeech_sample\librispeech_0587.wav,HE IS STAYING AT THIS HOTEL TO TRY THE AIR OF SYDENHAM AND HE FINDS THAT IT AGREES WITH HIM,16000,LibriSpeech dev-clean,validation
librispeech_0588,data\raw\librispeech_sample\librispeech_0588.wav,HAD HER BEAUTY FASCINATED HIM,16000,LibriSpeech dev-clean,validation
librispeech_0589,data\raw\librispeech_sample\librispeech_0589.wav,RANDAL WROTE TO ACCEPT THE INVITATION DETERMINING TO PRESENT HIMSELF BEFORE THE APPOINTED HOUR AND TO QUESTION CATHERINE PRIVATELY WITHOUT GIVING HER THE ADVANTAGE OVER HIM OF PREPARING HERSELF FOR THE INTERVIEW,16000,LibriSpeech dev-clean,validation
librispeech_0590,data\raw\librispeech_sample\librispeech_0590.wav,AFTER MONTHS OF SEPARATION HE RECEIVED A VISIT FROM HERBERT,16000,LibriSpeech dev-clean,validation
librispeech_0591,data\raw\librispeech_sample\librispeech_0591.wav,YOU DISTRESS ME HERBERT MORE THAN WORDS CAN SAY,16000,LibriSpeech dev-clean,validation
librispeech_0592,data\raw\librispeech_sample\librispeech_0592.wav,HE DRANK THE WINE GREEDILY,16000,LibriSpeech dev-clean,validation
librispeech_0593,data\raw\librispeech_sample\librispeech_0593.wav,WHATEVER REVIVING EFFECT IT MIGHT OTHERWISE HAVE PRODUCED ON HIM IT MADE NO CHANGE IN THE THREATENING GLOOM OF HIS MANNER,16000,LibriSpeech dev-clean,validation
librispeech_0594,data\raw\librispeech_sample\librispeech_0594.wav,HE PUT DOWN THE EMPTY GLASS TAKING NO NOTICE OF HIS BROTHER'S QUESTION,16000,LibriSpeech dev-clean,validation
librispeech_0595,data\raw\librispeech_sample\librispeech_0595.wav,RANDAL HE SAID YOU KNOW WHERE SYDNEY IS,16000,LibriSpeech dev-clean,validation
librispeech_0596,data\raw\librispeech_sample\librispeech_0596.wav,I WILL DO NEITHER THE ONE NOR THE OTHER,16000,LibriSpeech dev-clean,validation
librispeech_0597,data\raw\librispeech_sample\librispeech_0597.wav,YOU DON'T KNOW WHAT IT IS TO BE USED TO SEEING A PRETTY CREATURE ALWAYS NICELY DRESSED ALWAYS ABOUT THE ROOM THINKING SO MUCH OF YOU AND SO LITTLE OF HERSELF AND THEN TO BE LEFT ALONE AS I AM LEFT OUT IN THE DARK,16000,LibriSpeech dev-clean,validation
librispeech_0598,data\raw\librispeech_sample\librispeech_0598.wav,I'M ALONE DO YOU HEAR THAT ALONE,16000,LibriSpeech dev-clean,validation
librispeech_0599,data\raw\librispeech_sample\librispeech_0599.wav,I HAVEN'T COURAGE ENOUGH TO DO IT FOR MYSELF,16000,LibriSpeech dev-clean,validation
librispeech_0600,data\raw\librispeech_sample\librispeech_0600.wav,OH WHY DID I ENGAGE THAT GOVERNESS,16000,LibriSpeech dev-clean,validation
librispeech_0601,data\raw\librispeech_sample\librispeech_0601.wav,I'M AFRAID HE SAID,16000,LibriSpeech dev-clean,validation
librispeech_0602,data\raw\librispeech_sample\librispeech_0602.wav,I TRIED IT YESTERDAY IT SET MY BRAINS ON FIRE I'M FEELING THAT GLASS I TOOK JUST NOW,16000,LibriSpeech dev-clean,validation
librispeech_0603,data\raw\librispeech_sample\librispeech_0603.wav,HE PAUSED AND PUT HIS HAND TO HIS FEVERED HEAD,16000,LibriSpeech dev-clean,validation
librispeech_0604,data\raw\librispeech_sample\librispeech_0604.wav,WAS HIS MIND WANDERING INTO SOME OTHER TRAIN OF THOUGHT,16000,LibriSpeech dev-clean,validation
librispeech_0605,data\raw\librispeech_sample\librispeech_0605.wav,YOU CAN'T DO IT,16000,LibriSpeech dev-clean,validation
librispeech_0606,data\raw\librispeech_sample\librispeech_0606.wav,LET ME HEAR WHAT IT IS FIRST,16000,LibriSpeech dev-clean,validation
librispeech_0607,data\raw\librispeech_sample\librispeech_0607.wav,I FEEL FOR YOU HERBERT HE SAID WARMLY,16000,LibriSpeech dev-clean,validation
librispeech_0608,data\raw\librispeech_sample\librispeech_0608.wav,SHE SHALL HAVE YOUR MESSAGE ALL THAT I CAN DO TO PERSUADE HER SHALL BE DONE,16000,LibriSpeech dev-clean,validation
librispeech_0609,data\raw\librispeech_sample\librispeech_0609.wav,LET ME REST A LITTLE HE PLEADED IF I'M NOT IN THE WAY,16000,LibriSpeech dev-clean,validation
librispeech_0610,data\raw\librispeech_sample\librispeech_0610.wav,HE MENTIONED THE NAME OF ONE OF THE OLD SERVANTS AT MOUNT MORVEN WHO HAD ATTACHED HIMSELF TO RANDAL AFTER THE BREAKUP OF THE FAMILY,16000,LibriSpeech dev-clean,validation
librispeech_0611,data\raw\librispeech_sample\librispeech_0611.wav,ON THE NEXT DAY BUT ONE RANDAL ARRANGED HIS DEPARTURE FOR SYDENHAM SO AS TO ARRIVE AT THE HOTEL AN HOUR BEFORE THE TIME APPOINTED FOR THE DINNER,16000,LibriSpeech dev-clean,validation
librispeech_0612,data\raw\librispeech_sample\librispeech_0612.wav,THE NEW NUMBER OF A POPULAR WEEKLY JOURNAL HAD THAT DAY BEEN PUBLISHED RANDAL BOUGHT IT,16000,LibriSpeech dev-clean,validation
librispeech_0613,data\raw\librispeech_sample\librispeech_0613.wav,AFTER READING ONE OR TWO OF THE POLITICAL ARTICLES HE ARRIVED AT THE COLUMNS SPECIALLY DEVOTED TO FASHIONABLE INTELLIGENCE,16000,LibriSpeech dev-clean,validation
librispeech_0614,data\raw\librispeech_sample\librispeech_0614.wav,RANDAL LOOKED AGAIN AT THE FIRST WORDS IN THE PARAGRAPH,16000,LibriSpeech dev-clean,validation
librispeech_0615,data\raw\librispeech_sample\librispeech_0615.wav,WITH HIS OWN SUSPICIONS STEADILY CONTRADICTING HIM HE ARRIVED AT THE HOTEL OBSTINATELY BELIEVING THAT THE CHARMING WIDOW WOULD PROVE TO BE A STRANGER,16000,LibriSpeech dev-clean,validation
librispeech_0616,data\raw\librispeech_sample\librispeech_0616.wav,MISSUS NORMAN AND HER LITTLE DAUGHTER WERE OUT DRIVING WITH A FRIEND AND WERE EXPECTED TO RETURN IN GOOD TIME FOR DINNER,16000,LibriSpeech dev-clean,validation
librispeech_0617,data\raw\librispeech_sample\librispeech_0617.wav,MISSUS PRESTY WAS AT HOME SHE WAS REPORTED TO BE IN THE GARDEN OF THE HOTEL,16000,LibriSpeech dev-clean,validation
librispeech_0618,data\raw\librispeech_sample\librispeech_0618.wav,HOW NICE OF YOU TO COME SO SOON SHE BEGAN,16000,LibriSpeech dev-clean,validation
librispeech_0619,data\raw\librispeech_sample\librispeech_0619.wav,SHE ADDED LOOKING AT HIM SUSPICIOUSLY,16000,LibriSpeech dev-clean,validation
librispeech_0620,data\raw\librispeech_sample\librispeech_0620.wav,BUT YOU OUGHT TO HAVE KNOWN THAT WE ARE ONLY HALF AN HOUR BEHIND YOU AT SYDENHAM IN THE MATTER OF NEWS,16000,LibriSpeech dev-clean,validation
librispeech_0621,data\raw\librispeech_sample\librispeech_0621.wav,THE REPORT IS PREMATURE MY GOOD FRIEND,16000,LibriSpeech dev-clean,validation
librispeech_0622,data\raw\librispeech_sample\librispeech_0622.wav,BUT IF THESE NEWSPAPER PEOPLE WAITED TO FIND OUT WHETHER A REPORT IS TRUE OR FALSE HOW MUCH GOSSIP WOULD SOCIETY GET IN ITS FAVORITE NEWSPAPERS,16000,LibriSpeech dev-clean,validation
librispeech_0623,data\raw\librispeech_sample\librispeech_0623.wav,YOU ARE TO UNDERSTAND THAT CATHERINE IS A WIDOW,16000,LibriSpeech dev-clean,validation
librispeech_0624,data\raw\librispeech_sample\librispeech_0624.wav,SIT DOWN SAID MISSUS PRESTY,16000,LibriSpeech dev-clean,validation
librispeech_0625,data\raw\librispeech_sample\librispeech_0625.wav,YOU SHALL HEAR HOW MY DIVORCED DAUGHTER AND MY POOR LITTLE GRANDCHILD WERE TREATED AT SANDYSEAL AFTER YOU LEFT US,16000,LibriSpeech dev-clean,validation
librispeech_0626,data\raw\librispeech_sample\librispeech_0626.wav,YOU WOULD HAVE SEEN HER PINING FOR THE COMPANY OF OTHER CHILDREN AND WOULD HAVE HAD NO MERCY ON HER,16000,LibriSpeech dev-clean,validation
librispeech_0627,data\raw\librispeech_sample\librispeech_0627.wav,HE WAS INTRODUCED TO MISSUS NORMAN AND TO MISSUS NORMAN'S LITTLE GIRL AND WE WERE ALL CHARMED WITH HIM,16000,LibriSpeech dev-clean,validation
librispeech_0628,data\raw\librispeech_sample\librispeech_0628.wav,WHEN HE AND I HAPPENED TO BE LEFT TOGETHER HE NATURALLY WONDERED AFTER HAVING SEEN THE BEAUTIFUL WIFE WHERE THE LUCKY HUSBAND MIGHT BE,16000,LibriSpeech dev-clean,validation
librispeech_0629,data\raw\librispeech_sample\librispeech_0629.wav,AND THE CAPTAIN OF COURSE CONCLUDED AFTER HAVING BEEN INTRODUCED TO KITTY THAT MISSUS NORMAN WAS A WIDOW,16000,LibriSpeech dev-clean,validation
librispeech_0630,data\raw\librispeech_sample\librispeech_0630.wav,WORSE STORIES HAVE BEEN PRINTED I DO ASSURE YOU WORSE STORIES HAVE BEEN PRINTED,16000,LibriSpeech dev-clean,validation
librispeech_0631,data\raw\librispeech_sample\librispeech_0631.wav,BEFORE I CONSENTED TO ANSWER THE CHILD'S INQUIRIES I CAME TO AN UNDERSTANDING WITH HER MOTHER,16000,LibriSpeech dev-clean,validation
librispeech_0632,data\raw\librispeech_sample\librispeech_0632.wav,HONESTLY,16000,LibriSpeech dev-clean,validation
librispeech_0633,data\raw\librispeech_sample\librispeech_0633.wav,AFTER THAT I HAD HER MOTHER'S AUTHORITY FOR TELLING KITTY THAT SHE WOULD NEVER SEE HER FATHER AGAIN,16000,LibriSpeech dev-clean,validation
librispeech_0634,data\raw\librispeech_sample\librispeech_0634.wav,SHE ASKED DIRECTLY IF HER FATHER WAS DEAD,16000,LibriSpeech dev-clean,validation
librispeech_0635,data\raw\librispeech_sample\librispeech_0635.wav,THAT WILL DO MISSUS PRESTY YOUR DEFENSE IS THOROUGHLY WORTHY OF YOUR CONDUCT IN ALL OTHER RESPECTS,16000,LibriSpeech dev-clean,validation
librispeech_0636,data\raw\librispeech_sample\librispeech_0636.wav,RANDAL PASSED THIS OVER WITHOUT NOTICE,16000,LibriSpeech dev-clean,validation
librispeech_0637,data\raw\librispeech_sample\librispeech_0637.wav,A VERY WISE DECISION SHE REMARKED,16000,LibriSpeech dev-clean,validation
librispeech_0638,data\raw\librispeech_sample\librispeech_0638.wav,HAVE YOU ANY MESSAGE FOR CAPTAIN BENNYDECK,16000,LibriSpeech dev-clean,validation
librispeech_0639,data\raw\librispeech_sample\librispeech_0639.wav,NOT AT THE HOTEL JUST NOW,16000,LibriSpeech dev-clean,validation
librispeech_0640,data\raw\librispeech_sample\librispeech_0640.wav,IT WAS A RELIEF TO RANDAL IN THE PRESENT STATE OF CATHERINE'S RELATIONS TOWARD BENNYDECK TO RETURN TO LONDON WITHOUT HAVING SEEN HIS FRIEND,16000,LibriSpeech dev-clean,validation
librispeech_0641,data\raw\librispeech_sample\librispeech_0641.wav,GOOD BY DEAR RANDAL,16000,LibriSpeech dev-clean,validation
librispeech_0642,data\raw\librispeech_sample\librispeech_0642.wav,ARRIVED AT THE STATION RANDAL FOUND THAT HE MUST WAIT FOR THE TRAIN,16000,LibriSpeech dev-clean,validation
librispeech_0643,data\raw\librispeech_sample\librispeech_0643.wav,WHILE HE WAS WALKING UP AND DOWN THE PLATFORM WITH A MIND DOUBLY DISTRESSED BY ANXIETY ABOUT HIS BROTHER AND ANXIETY ABOUT SYDNEY THE TRAIN FROM LONDON CAME IN,16000,LibriSpeech dev-clean,validation
librispeech_0644,data\raw\librispeech_sample\librispeech_0644.wav,THE SAVAGE PHILOSOPHER THE DUAL MIND,16000,LibriSpeech dev-clean,validation
librispeech_0645,data\raw\librispeech_sample\librispeech_0645.wav,THE ORIGINAL ATTITUDE OF THE AMERICAN INDIAN TOWARD THE ETERNAL THE GREAT MYSTERY THAT SURROUNDS AND EMBRACES US WAS AS SIMPLE AS IT WAS EXALTED,16000,LibriSpeech dev-clean,validation
librispeech_0646,data\raw\librispeech_sample\librispeech_0646.wav,IT WAS SILENT BECAUSE ALL SPEECH IS OF NECESSITY FEEBLE AND IMPERFECT THEREFORE THE SOULS OF MY ANCESTORS ASCENDED TO GOD IN WORDLESS ADORATION,16000,LibriSpeech dev-clean,validation
librispeech_0647,data\raw\librispeech_sample\librispeech_0647.wav,NONE MIGHT EXHORT OR CONFESS OR IN ANY WAY MEDDLE WITH THE RELIGIOUS EXPERIENCE OF ANOTHER,16000,LibriSpeech dev-clean,validation
librispeech_0648,data\raw\librispeech_sample\librispeech_0648.wav,AMONG US ALL MEN WERE CREATED SONS OF GOD AND STOOD ERECT AS CONSCIOUS OF THEIR DIVINITY,16000,LibriSpeech dev-clean,validation
librispeech_0649,data\raw\librispeech_sample\librispeech_0649.wav,THAT SOLITARY COMMUNION WITH THE UNSEEN WHICH WAS THE HIGHEST EXPRESSION OF OUR RELIGIOUS LIFE IS PARTLY DESCRIBED IN THE WORD BAMBEDAY LITERALLY MYSTERIOUS FEELING WHICH HAS BEEN VARIOUSLY TRANSLATED FASTING AND DREAMING,16000,LibriSpeech dev-clean,validation
librispeech_0650,data\raw\librispeech_sample\librispeech_0650.wav,THE FIRST BAMBEDAY OR RELIGIOUS RETREAT MARKED AN EPOCH IN THE LIFE OF THE YOUTH WHICH MAY BE COMPARED TO THAT OF CONFIRMATION OR CONVERSION IN CHRISTIAN EXPERIENCE,16000,LibriSpeech dev-clean,validation
librispeech_0651,data\raw\librispeech_sample\librispeech_0651.wav,KNOWING THAT GOD SETS NO VALUE UPON MATERIAL THINGS HE TOOK WITH HIM NO OFFERINGS OR SACRIFICES OTHER THAN SYMBOLIC OBJECTS SUCH AS PAINTS AND TOBACCO,16000,LibriSpeech dev-clean,validation
librispeech_0652,data\raw\librispeech_sample\librispeech_0652.wav,AT THE SOLEMN HOUR OF SUNRISE OR SUNSET HE TOOK UP HIS POSITION OVERLOOKING THE GLORIES OF EARTH AND FACING THE GREAT MYSTERY AND THERE HE REMAINED NAKED ERECT SILENT AND MOTIONLESS EXPOSED TO THE ELEMENTS AND FORCES OF HIS ARMING FOR A NIGHT AND A DAY TO TWO DAYS AND NIGHTS BUT RARELY LONGER,16000,LibriSpeech dev-clean,validation
librispeech_0653,data\raw\librispeech_sample\librispeech_0653.wav,WHEN HE RETURNED TO THE CAMP HE MUST REMAIN AT A DISTANCE UNTIL HE HAD AGAIN ENTERED THE VAPOR BATH AND PREPARED HIMSELF FOR INTERCOURSE WITH HIS FELLOWS,16000,LibriSpeech dev-clean,validation
librispeech_0654,data\raw\librispeech_sample\librispeech_0654.wav,IT WAS NOT THEN WHOLLY FROM IGNORANCE OR IMPROVIDENCE THAT HE FAILED TO ESTABLISH PERMANENT TOWNS AND TO DEVELOP A MATERIAL CIVILIZATION,16000,LibriSpeech dev-clean,validation
librispeech_0655,data\raw\librispeech_sample\librispeech_0655.wav,TO THE UNTUTORED SAGE THE CONCENTRATION OF POPULATION WAS THE PROLIFIC MOTHER OF ALL EVILS MORAL NO LESS THAN PHYSICAL,16000,LibriSpeech dev-clean,validation
librispeech_0656,data\raw\librispeech_sample\librispeech_0656.wav,IN THIS TYPE OF PRAYER THERE WAS NO BESEECHING OF FAVOR OR HELP,16000,LibriSpeech dev-clean,validation
librispeech_0657,data\raw\librispeech_sample\librispeech_0657.wav,FROM THE SUN AS THE UNIVERSAL FATHER PROCEEDS THE QUICKENING PRINCIPLE IN NATURE AND IN THE PATIENT AND FRUITFUL WOMB OF OUR MOTHER THE EARTH ARE HIDDEN EMBRYOS OF PLANTS AND MEN,16000,LibriSpeech dev-clean,validation
librispeech_0658,data\raw\librispeech_sample\librispeech_0658.wav,THIS IS THE MATERIAL OR PHYSICAL PRAYER,16000,LibriSpeech dev-clean,validation
librispeech_0659,data\raw\librispeech_sample\librispeech_0659.wav,NOTHING OF THE MARVELOUS COULD ASTONISH HIM AS THAT A BEAST SHOULD SPEAK OR THE SUN STAND STILL,16000,LibriSpeech dev-clean,validation
librispeech_0660,data\raw\librispeech_sample\librispeech_0660.wav,WHO MAY CONDEMN HIS SUPERSTITION,16000,LibriSpeech dev-clean,validation
librispeech_0661,data\raw\librispeech_sample\librispeech_0661.wav,HERE IS THE SUPREME MYSTERY THAT IS THE ESSENCE OF WORSHIP WITHOUT WHICH THERE CAN BE NO RELIGION AND IN THE PRESENCE OF THIS MYSTERY OUR ATTITUDE CANNOT BE VERY UNLIKE THAT OF THE NATURAL PHILOSOPHER WHO BEHOLDS WITH AWE THE DIVINE IN ALL CREATION,16000,LibriSpeech dev-clean,validation
librispeech_0662,data\raw\librispeech_sample\librispeech_0662.wav,IN HIS OWN THOUGHT HE ROSE SUPERIOR TO THEM HE SCORNED THEM EVEN AS A LOFTY SPIRIT ABSORBED IN ITS STERN TASK REJECTS THE SOFT BEDS THE LUXURIOUS FOOD THE PLEASURE WORSHIPING DALLIANCE OF A RICH NEIGHBOR,16000,LibriSpeech dev-clean,validation
librispeech_0663,data\raw\librispeech_sample\librispeech_0663.wav,THE HISTORIANS OF THE WHITE RACE ADMIT THAT THE INDIAN WAS NEVER THE FIRST TO REPUDIATE HIS OATH,16000,LibriSpeech dev-clean,validation
librispeech_0664,data\raw\librispeech_sample\librispeech_0664.wav,HE HAD NEITHER A NATIONAL ARMY NOR AN ORGANIZED CHURCH,16000,LibriSpeech dev-clean,validation
librispeech_0665,data\raw\librispeech_sample\librispeech_0665.wav,HER ATTITUDE AND SECRET MEDITATIONS MUST BE SUCH AS TO INSTILL INTO THE RECEPTIVE SOUL OF THE UNBORN CHILD THE LOVE OF THE GREAT MYSTERY AND A SENSE OF BROTHERHOOD WITH ALL CREATION,16000,LibriSpeech dev-clean,validation
librispeech_0666,data\raw\librispeech_sample\librispeech_0666.wav,THE ORDEAL IS BEST MET ALONE WHERE NO CURIOUS OR PITYING EYES EMBARRASS HER WHERE ALL NATURE SAYS TO HER SPIRIT TIS LOVE TIS LOVE THE FULFILLING OF LIFE,16000,LibriSpeech dev-clean,validation
librispeech_0667,data\raw\librispeech_sample\librispeech_0667.wav,THIS WILD MOTHER HAS NOT ONLY THE EXPERIENCE OF HER MOTHER AND GRANDMOTHER AND THE ACCEPTED RULES OF HER PEOPLE FOR A GUIDE BUT SHE HUMBLY SEEKS TO LEARN A LESSON FROM ANTS BEES SPIDERS BEAVERS AND BADGERS,16000,LibriSpeech dev-clean,validation
librispeech_0668,data\raw\librispeech_sample\librispeech_0668.wav,IN DUE TIME THE CHILD TAKES OF HIS OWN ACCORD THE ATTITUDE OF PRAYER AND SPEAKS REVERENTLY OF THE POWERS,16000,LibriSpeech dev-clean,validation
librispeech_0669,data\raw\librispeech_sample\librispeech_0669.wav,INDEED THE DISTINCTIVE WORK OF BOTH GRANDPARENTS IS THAT OF ACQUAINTING THE YOUTH WITH THE NATIONAL TRADITIONS AND BELIEFS,16000,LibriSpeech dev-clean,validation
librispeech_0670,data\raw\librispeech_sample\librispeech_0670.wav,THE FAMILY WAS NOT ONLY THE SOCIAL UNIT BUT ALSO THE UNIT OF GOVERNMENT,16000,LibriSpeech dev-clean,validation
librispeech_0671,data\raw\librispeech_sample\librispeech_0671.wav,THE REMOTER DEGREES OF KINSHIP WERE FULLY RECOGNIZED AND THAT NOT AS A MATTER OF FORM ONLY FIRST COUSINS WERE KNOWN AS BROTHERS AND SISTERS THE NAME OF COUSIN CONSTITUTED A BINDING CLAIM AND OUR RIGID MORALITY FORBADE MARRIAGE BETWEEN COUSINS IN ANY KNOWN DEGREE OR IN OTHER WORDS WITHIN THE CLAN,16000,LibriSpeech dev-clean,validation
librispeech_0672,data\raw\librispeech_sample\librispeech_0672.wav,WHEN SHE FELL THE WHOLE RACE FELL WITH HER,16000,LibriSpeech dev-clean,validation
librispeech_0673,data\raw\librispeech_sample\librispeech_0673.wav,BEFORE THIS CALAMITY CAME UPON US YOU COULD NOT FIND ANYWHERE A HAPPIER HOME THAN THAT CREATED BY THE INDIAN WOMAN,16000,LibriSpeech dev-clean,validation
librispeech_0674,data\raw\librispeech_sample\librispeech_0674.wav,HIS DAILY DEVOTIONS WERE MORE NECESSARY TO HIM THAN DAILY FOOD,16000,LibriSpeech dev-clean,validation
librispeech_0675,data\raw\librispeech_sample\librispeech_0675.wav,WHENEVER IN THE COURSE OF THE DAILY HUNT THE RED HUNTER COMES UPON A SCENE THAT IS STRIKINGLY BEAUTIFUL OR SUBLIME A BLACK THUNDERCLOUD WITH THE RAINBOW'S GLOWING ARCH ABOVE THE MOUNTAIN A WHITE WATERFALL IN THE HEART OF A GREEN GORGE A VAST PRAIRIE TINGED WITH THE BLOOD RED OF SUNSET HE PAUSES FOR AN INSTANT IN THE ATTITUDE OF WORSHIP,16000,LibriSpeech dev-clean,validation
librispeech_0676,data\raw\librispeech_sample\librispeech_0676.wav,WHEN HE BECOMES AN OLD MAN HE LOVES TO MAKE A NOTABLE EFFORT TO PROVE HIS GRATITUDE,16000,LibriSpeech dev-clean,validation
librispeech_0677,data\raw\librispeech_sample\librispeech_0677.wav,HE CUTS OFF THE CHOICEST MORSEL OF THE MEAT AND CASTS IT INTO THE FIRE THE PUREST AND MOST ETHEREAL ELEMENT,16000,LibriSpeech dev-clean,validation
librispeech_0678,data\raw\librispeech_sample\librispeech_0678.wav,THE HOSPITALITY OF THE WIGWAM IS ONLY LIMITED BY THE INSTITUTION OF WAR,16000,LibriSpeech dev-clean,validation
librispeech_0679,data\raw\librispeech_sample\librispeech_0679.wav,OUR HONOR IS THE GUARANTEE FOR HIS SAFETY SO LONG AS HE IS WITHIN THE CAMP,16000,LibriSpeech dev-clean,validation
librispeech_0680,data\raw\librispeech_sample\librispeech_0680.wav,LOVE BETWEEN MAN AND WOMAN IS FOUNDED ON THE MATING INSTINCT AND IS NOT FREE FROM DESIRE AND SELF SEEKING,16000,LibriSpeech dev-clean,validation
librispeech_0681,data\raw\librispeech_sample\librispeech_0681.wav,BUT TO HAVE A FRIEND AND TO BE TRUE UNDER ANY AND ALL TRIALS IS THE MARK OF A MAN,16000,LibriSpeech dev-clean,validation
librispeech_0682,data\raw\librispeech_sample\librispeech_0682.wav,THIS BOND IS BETWEEN MAN AND MAN IS USUALLY FORMED IN EARLY YOUTH AND CAN ONLY BE BROKEN BY DEATH,16000,LibriSpeech dev-clean,validation
librispeech_0683,data\raw\librispeech_sample\librispeech_0683.wav,REINCARNATION AND THE CONVERSE OF SPIRITS,16000,LibriSpeech dev-clean,validation
librispeech_0684,data\raw\librispeech_sample\librispeech_0684.wav,THEREFORE HE COURTS DEATH IN BATTLE ON THE OTHER HAND HE WOULD REGARD IT AS DISGRACEFUL TO BE KILLED IN A PRIVATE QUARREL,16000,LibriSpeech dev-clean,validation
librispeech_0685,data\raw\librispeech_sample\librispeech_0685.wav,THE MEN BLACKEN THEIR FACES AND WIDOWS OR BEREAVED PARENTS SOMETIMES GASH THEIR ARMS AND LEGS TILL THEY ARE COVERED WITH BLOOD,16000,LibriSpeech dev-clean,validation
librispeech_0686,data\raw\librispeech_sample\librispeech_0686.wav,GIVING THEMSELVES UP WHOLLY TO THEIR GRIEF THEY ARE NO LONGER CONCERNED ABOUT ANY EARTHLY POSSESSION AND OFTEN GIVE AWAY ALL THAT THEY HAVE TO THE FIRST COMERS EVEN TO THEIR BEDS AND THEIR HOME,16000,LibriSpeech dev-clean,validation
librispeech_0687,data\raw\librispeech_sample\librispeech_0687.wav,IT WAS PREPARED BY DRESSING IN THE FINEST CLOTHES TOGETHER WITH SOME PERSONAL POSSESSIONS AND ORNAMENTS WRAPPED IN SEVERAL ROBES AND FINALLY IN A SECURE COVERING OF RAW HIDE,16000,LibriSpeech dev-clean,validation
librispeech_0688,data\raw\librispeech_sample\librispeech_0688.wav,AS A SPECIAL MARK OF RESPECT THE BODY OF A YOUNG WOMAN OR A WARRIOR WAS SOMETIMES LAID OUT IN STATE IN A NEW TEEPEE WITH THE USUAL HOUSEHOLD ARTICLES AND EVEN WITH A DISH OF FOOD LEFT BESIDE IT NOT THAT THEY SUPPOSED THE SPIRIT COULD USE THE IMPLEMENTS OR EAT THE FOOD BUT MERELY AS A LAST TRIBUTE,16000,LibriSpeech dev-clean,validation
librispeech_0689,data\raw\librispeech_sample\librispeech_0689.wav,IF A MAN WERE SLAIN IN BATTLE IT WAS AN OLD CUSTOM TO PLACE HIS BODY AGAINST A TREE OR ROCK IN A SITTING POSITION ALWAYS FACING THE ENEMY TO INDICATE HIS UNDAUNTED DEFIANCE AND BRAVERY EVEN IN DEATH,16000,LibriSpeech dev-clean,validation
librispeech_0690,data\raw\librispeech_sample\librispeech_0690.wav,AT EVERY MEAL TIME A DISH OF FOOD WAS PLACED UNDER IT AND SOME PERSON OF THE SAME SEX AND AGE AS THE ONE WHO WAS GONE MUST AFTERWARD BE INVITED IN TO PARTAKE OF THE FOOD,16000,LibriSpeech dev-clean,validation
librispeech_0691,data\raw\librispeech_sample\librispeech_0691.wav,AT THE END OF A YEAR FROM THE TIME OF DEATH THE RELATIVES MADE A PUBLIC FEAST AND GAVE AWAY THE CLOTHING AND OTHER GIFTS WHILE THE LOCK OF HAIR WAS INTERRED WITH APPROPRIATE CEREMONIES,16000,LibriSpeech dev-clean,validation
librispeech_0692,data\raw\librispeech_sample\librispeech_0692.wav,IT IS WELL KNOWN THAT THE AMERICAN INDIAN HAD SOMEHOW DEVELOPED OCCULT POWER AND ALTHOUGH IN THE LATTER DAYS THERE HAVE BEEN MANY IMPOSTORS AND ALLOWING FOR THE VANITY AND WEAKNESS OF HUMAN NATURE IT IS FAIR TO ASSUME THAT THERE MUST HAVE BEEN SOME EVEN IN THE OLD DAYS YET THERE ARE WELL ATTESTED INSTANCES OF REMARKABLE PROPHECIES AND OTHER MYSTIC PRACTICE,16000,LibriSpeech dev-clean,validation
librispeech_0693,data\raw\librispeech_sample\librispeech_0693.wav,NO DOUBT MANY PREDICTIONS HAVE BEEN COLORED TO SUIT THE NEW AGE AND UNQUESTIONABLY FALSE PROPHETS FAKIRS AND CONJURERS HAVE BECOME THE PEST OF THE TRIBES DURING THE TRANSITION PERIOD,16000,LibriSpeech dev-clean,validation
librispeech_0694,data\raw\librispeech_sample\librispeech_0694.wav,THIS WAS CARRIED OUT TO THE LETTER,16000,LibriSpeech dev-clean,validation
librispeech_0695,data\raw\librispeech_sample\librispeech_0695.wav,THIS WAS ONLY ONE OF HIS REMARKABLE PROPHECIES,16000,LibriSpeech dev-clean,validation
librispeech_0696,data\raw\librispeech_sample\librispeech_0696.wav,ANOTHER FAMOUS MEDICINE MAN WAS BORN ON THE RUM RIVER ABOUT ONE HUNDRED AND FIFTY YEARS AGO AND LIVED TO BE OVER A CENTURY OLD,16000,LibriSpeech dev-clean,validation
librispeech_0697,data\raw\librispeech_sample\librispeech_0697.wav,AT THE AGE OF ABOUT SEVENTY FIVE YEARS HE SAVED HIS BAND FROM UTTER DESTRUCTION AT THE HANDS OF THEIR ANCESTRAL ENEMIES BY SUDDENLY GIVING WARNING RECEIVED IN A DREAM OF THE APPROACH OF A LARGE WAR PARTY,16000,LibriSpeech dev-clean,validation
librispeech_0698,data\raw\librispeech_sample\librispeech_0698.wav,FIVE YEARS LATER HE REPEATED THE SERVICE AND AGAIN SAVED HIS PEOPLE FROM AWFUL SLAUGHTER,16000,LibriSpeech dev-clean,validation
librispeech_0699,data\raw\librispeech_sample\librispeech_0699.wav,THERE ARE MANY TRUSTWORTHY MEN AND MEN OF CHRISTIAN FAITH TO VOUCH FOR THESE AND SIMILAR EVENTS OCCURRING AS FORETOLD,16000,LibriSpeech dev-clean,validation
librispeech_0700,data\raw\librispeech_sample\librispeech_0700.wav,AT ANOTHER TIME WHEN I WAS FOURTEEN YEARS OLD WE HAD JUST LEFT FORT ELLIS ON THE ASSINIBOINE RIVER AND MY YOUNGEST UNCLE HAD SELECTED A FINE SPOT FOR OUR NIGHT CAMP,16000,LibriSpeech dev-clean,validation
librispeech_0701,data\raw\librispeech_sample\librispeech_0701.wav,MANY OF THE INDIANS BELIEVED THAT ONE MAY BE BORN MORE THAN ONCE AND THERE WERE SOME WHO CLAIMED TO HAVE FULL KNOWLEDGE OF A FORMER INCARNATION,16000,LibriSpeech dev-clean,validation
librispeech_0702,data\raw\librispeech_sample\librispeech_0702.wav,THERE WAS A WELL KNOWN SIOUX WAR PROPHET WHO LIVED IN THE MIDDLE OF THE LAST CENTURY SO THAT HE IS STILL REMEMBERED BY THE OLD MEN OF HIS BAND,16000,LibriSpeech dev-clean,validation
librispeech_0703,data\raw\librispeech_sample\librispeech_0703.wav,SHE HERSELF SHOULD HAVE BEEN A POEM A LYRIC IN A WHITE GOWN AND GREEN SCARF COMING TO HIM THROUGH THE LONG GRASS UNDER THE BLOSSOMED BOUGHS,16000,LibriSpeech dev-clean,validation
librispeech_0704,data\raw\librispeech_sample\librispeech_0704.wav,HER HANDS SHOULD HAVE BEEN FULL OF BLUEBELLS AND SHE SHOULD HAVE HELD THEM UP TO HIS FACE IN MAIDENLY DEFENCE AS HE SPRANG FORWARD TO TAKE HER IN HIS ARMS,16000,LibriSpeech dev-clean,validation
librispeech_0705,data\raw\librispeech_sample\librispeech_0705.wav,YOU SEE THAT SHE KNEW EXACTLY HOW A TRYST IS CONDUCTED IN THE PAGES OF THE STANDARD POETS AND OF THE CHEAPER WEEKLY JOURNALS,16000,LibriSpeech dev-clean,validation
librispeech_0706,data\raw\librispeech_sample\librispeech_0706.wav,SHE HAD TO THE FULL LIMIT ALLOWED OF HER READING AND HER ENVIRONMENT THE LITERARY SENSE,16000,LibriSpeech dev-clean,validation
librispeech_0707,data\raw\librispeech_sample\librispeech_0707.wav,AND CURIOUSLY ENOUGH SHE WAS HARDLY CURIOUS AT ALL ABOUT WHAT HE MIGHT HAVE TO SAY,16000,LibriSpeech dev-clean,validation
librispeech_0708,data\raw\librispeech_sample\librispeech_0708.wav,SHE ONLY WISHED FOR MAY AND THE ORCHARD INSTEAD OF JANUARY AND THE DINGY DUSTY WAITING ROOM THE PLAIN FACED PREOCCUPIED TRAVELLERS THE DIM DESOLATE WEATHER,16000,LibriSpeech dev-clean,validation
librispeech_0709,data\raw\librispeech_sample\librispeech_0709.wav,THE SETTING OF THE SCENE SEEMED TO HER ALL IMPORTANT,16000,LibriSpeech dev-clean,validation
librispeech_0710,data\raw\librispeech_sample\librispeech_0710.wav,IT WAS BITTERLY COLD BUT THE EMBANKMENT WAS MORE ROMANTIC THAN A RAILWAY CARRIAGE,16000,LibriSpeech dev-clean,validation
librispeech_0711,data\raw\librispeech_sample\librispeech_0711.wav,HE HAD BEEN LATE HE HAD OFFERED NO EXCUSE NO EXPLANATION,16000,LibriSpeech dev-clean,validation
librispeech_0712,data\raw\librispeech_sample\librispeech_0712.wav,BUT HERE THE ONLY THING THAT OCCURRED TO HER WAS TO STOP AND LOOK IN ONE OF THE SHOPS TILL HE SHOULD ASK HER WHAT SHE WAS LOOKING AT,16000,LibriSpeech dev-clean,validation
librispeech_0713,data\raw\librispeech_sample\librispeech_0713.wav,THE KEEN WIND THRUST ITSELF EVEN INSIDE THE HIGH COLLAR OF HER JACKET,16000,LibriSpeech dev-clean,validation
librispeech_0714,data\raw\librispeech_sample\librispeech_0714.wav,HER HANDS AND FEET WERE ACHING WITH COLD,16000,LibriSpeech dev-clean,validation
librispeech_0715,data\raw\librispeech_sample\librispeech_0715.wav,SHE WOULD HAVE SHARED HIS SORROW AND SHOWN HERSELF HALF WIFE HALF ANGEL FROM HEAVEN IN THIS DARK HOUR,16000,LibriSpeech dev-clean,validation
librispeech_0716,data\raw\librispeech_sample\librispeech_0716.wav,SHE SAID HOW FRIGHTFULLY COLD IT IS,16000,LibriSpeech dev-clean,validation
librispeech_0717,data\raw\librispeech_sample\librispeech_0717.wav,AND YESTERDAY I HAD A LETTER FROM HER AND SHE SEEMS TO EXPECT TO THINK AND I THOUGHT I OUGHT TO TELL YOU DARLING,16000,LibriSpeech dev-clean,validation
librispeech_0718,data\raw\librispeech_sample\librispeech_0718.wav,A SHOCK OF UNBELIEVABLE RELIEF TINGLED THROUGH HER SO THAT WAS ALL WHAT WAS IT COMPARED WITH HER FEARS,16000,LibriSpeech dev-clean,validation
librispeech_0719,data\raw\librispeech_sample\librispeech_0719.wav,WHAT OPINION WOULD HE FORM OF THE PURITY OF HER MIND THE INNOCENCE OF HER SOUL IF AN INCIDENT LIKE THIS FAILED TO SHOCK HER DEEPLY,16000,LibriSpeech dev-clean,validation
librispeech_0720,data\raw\librispeech_sample\librispeech_0720.wav,FOLLOWING THE TINGLE OF RELIEF CAME A SHARP SICKENING PINCH OF JEALOUSY AND MORTIFICATION THESE INSPIRED HER,16000,LibriSpeech dev-clean,validation
librispeech_0721,data\raw\librispeech_sample\librispeech_0721.wav,I DON'T WONDER YOU WERE AFRAID TO TELL ME SHE BEGAN YOU DON'T LOVE ME YOU'VE NEVER LOVED ME I WAS AN IDIOT TO BELIEVE YOU DID,16000,LibriSpeech dev-clean,validation
librispeech_0722,data\raw\librispeech_sample\librispeech_0722.wav,THOSE FOUR TRUE WORDS WOUNDED HER MORE THAN ALL THE REST,16000,LibriSpeech dev-clean,validation
librispeech_0723,data\raw\librispeech_sample\librispeech_0723.wav,COULDN'T HELP IT THEN HOW CAN I EVER TRUST YOU,16000,LibriSpeech dev-clean,validation
librispeech_0724,data\raw\librispeech_sample\librispeech_0724.wav,DO YOU THINK I'M NOT SORRY NOW,16000,LibriSpeech dev-clean,validation
librispeech_0725,data\raw\librispeech_sample\librispeech_0725.wav,NO IT'S ONLY PAINFUL FOR BOTH OF US,16000,LibriSpeech dev-clean,validation
librispeech_0726,data\raw\librispeech_sample\librispeech_0726.wav,I DIDN'T THINK A DECENT MAN COULD DO SUCH THINGS SHE WAS PULLING ON HER GLOVES GO HOME AND GLOAT OVER IT ALL,16000,LibriSpeech dev-clean,validation
librispeech_0727,data\raw\librispeech_sample\librispeech_0727.wav,HE STOOD UP SUDDENLY DO YOU MEAN IT,16000,LibriSpeech dev-clean,validation
librispeech_0728,data\raw\librispeech_sample\librispeech_0728.wav,ARE YOU REALLY GOING TO THROW ME OVER FOR A THING LIKE THIS,16000,LibriSpeech dev-clean,validation
librispeech_0729,data\raw\librispeech_sample\librispeech_0729.wav,AND HE STRODE DOWN BETWEEN THE MARBLE TABLES AND OUT BY THE SWING DOOR IT WAS A VERY GOOD EXIT,16000,LibriSpeech dev-clean,validation
librispeech_0730,data\raw\librispeech_sample\librispeech_0730.wav,AT THE CORNER HE REMEMBERED THAT HE HAD GONE AWAY WITHOUT PAYING FOR THE TEA AND HIS NATURAL IMPULSE WAS TO GO BACK AND REMEDY THAT ERROR,16000,LibriSpeech dev-clean,validation
librispeech_0731,data\raw\librispeech_sample\librispeech_0731.wav,HE CHECKED THE SILLY IMPULSE,16000,LibriSpeech dev-clean,validation
librispeech_0732,data\raw\librispeech_sample\librispeech_0732.wav,SO HE ENLISTED AND WENT TO SOUTH AFRICA AND HE NEVER CAME HOME COVERED WITH MEDALS AND GLORY WHICH WAS RATHER HIS IDEA TO THE FEW SIMPLE WORDS OF EXPLANATION THAT WOULD HAVE MADE ALL STRAIGHT AND REPAID HER AND HIM FOR ALL THE PAST,16000,LibriSpeech dev-clean,validation
librispeech_0733,data\raw\librispeech_sample\librispeech_0733.wav,THE LAST STRAINS OF THE ILL TREATED ILL FATED INTERMEZZO HAD DIED AWAY AND AFTER THEM HAD DIED AWAY ALSO THE RUMBLING OF THE WHEELS OF THE MURDEROUS BARREL ORGAN THAT HAD SO GAILY EXECUTED THAT ALONG WITH THE NINE OTHER TUNES OF ITS REPERTORY TO THE ADMIRATION OF THE HOUSEMAID AT THE WINDOW OF THE HOUSE OPPOSITE AND THE CROWING DELIGHT OF THE TWO BABIES NEXT DOOR,16000,LibriSpeech dev-clean,validation
librispeech_0734,data\raw\librispeech_sample\librispeech_0734.wav,THE YOUNG MAN DREW A DEEP BREATH OF RELIEF AND LIGHTED THE WAX CANDLES IN THE SOLID SILVER CANDLESTICKS ON HIS WRITING TABLE FOR NOW THE LATE SUMMER DUSK WAS FALLING AND THAT ORGAN PLEASE HEAVEN MADE FULL THE MEASURE OF THE DAY'S APPOINTED TORTURE,16000,LibriSpeech dev-clean,validation
librispeech_0735,data\raw\librispeech_sample\librispeech_0735.wav,THEN THERE WAS SILENCE THEN A SIGH AND THE SOUND OF LIGHT MOVING FEET ON THE GRAVEL,16000,LibriSpeech dev-clean,validation
librispeech_0736,data\raw\librispeech_sample\librispeech_0736.wav,AND AGAIN HE LISTENED WITH A QUIET PLEASURE,16000,LibriSpeech dev-clean,validation
librispeech_0737,data\raw\librispeech_sample\librispeech_0737.wav,NEVER HAD ANY ACT SEEMED SO IMPOSSIBLE,16000,LibriSpeech dev-clean,validation
librispeech_0738,data\raw\librispeech_sample\librispeech_0738.wav,THERE IS A SEAT IN THE GARDEN AT THE SIDE OF THE HOUSE AGAIN SHE HESITATED,16000,LibriSpeech dev-clean,validation
librispeech_0739,data\raw\librispeech_sample\librispeech_0739.wav,THEN SHE TURNED TOWARDS THE QUARTER INDICATED AND DISAPPEARED ROUND THE LAUREL BUSHES,16000,LibriSpeech dev-clean,validation
librispeech_0740,data\raw\librispeech_sample\librispeech_0740.wav,LOOK HERE HE SAID THIS IS ALL NONSENSE YOU KNOW YOU ARE TIRED OUT AND THERE'S SOMETHING WRONG WHAT IS IT,16000,LibriSpeech dev-clean,validation
librispeech_0741,data\raw\librispeech_sample\librispeech_0741.wav,DO DRINK THIS AND THEN TELL ME PERHAPS I CAN HELP YOU,16000,LibriSpeech dev-clean,validation
librispeech_0742,data\raw\librispeech_sample\librispeech_0742.wav,HE HURRIEDLY CUT CAKE AND PRESSED IT UPON HER,16000,LibriSpeech dev-clean,validation
librispeech_0743,data\raw\librispeech_sample\librispeech_0743.wav,HE HAD NO TIME TO THINK BUT HE WAS AWARE THAT THIS WAS THE MOST EXCITING ADVENTURE THAT HAD EVER HAPPENED TO HIM,16000,LibriSpeech dev-clean,validation
librispeech_0744,data\raw\librispeech_sample\librispeech_0744.wav,IS IT ONLY THAT YOU'RE POOR WHY THAT'S NOTHING I'M POOR TOO SHE LAUGHED,16000,LibriSpeech dev-clean,validation
librispeech_0745,data\raw\librispeech_sample\librispeech_0745.wav,HER LITTLE FOOT TAPPED THE GRAVEL IMPATIENTLY,16000,LibriSpeech dev-clean,validation
librispeech_0746,data\raw\librispeech_sample\librispeech_0746.wav,HE TOLD ME TO STAY ON AT THE HOTEL AND I DID AND THEN ONE NIGHT WHEN I WAS AT THE THEATRE MY MAID A HORRID FRENCH THING WE GOT IN PARIS PACKED UP ALL MY TRUNKS AND TOOK ALL MY MONEY AND PAID THE BILL AND WENT,16000,LibriSpeech dev-clean,validation
librispeech_0747,data\raw\librispeech_sample\librispeech_0747.wav,SHE SAID AGAIN YOU ARE KIND,16000,LibriSpeech dev-clean,validation
librispeech_0748,data\raw\librispeech_sample\librispeech_0748.wav,WELL THEN I WENT INTO LODGINGS THAT WICKED WOMAN HAD LEFT ME ONE STREET SUIT AND TO DAY THEY TURNED ME OUT BECAUSE MY MONEY WAS ALL GONE,16000,LibriSpeech dev-clean,validation
librispeech_0749,data\raw\librispeech_sample\librispeech_0749.wav,LET ME THINK HE SAID OH HOW GLAD I AM THAT YOU HAPPENED TO COME THIS WAY,16000,LibriSpeech dev-clean,validation
librispeech_0750,data\raw\librispeech_sample\librispeech_0750.wav,I SHALL LOCK UP ALL THE DOORS AND WINDOWS IN THE HOUSE AND THEN I SHALL GIVE YOU MY LATCH KEY AND YOU CAN LET YOURSELF IN AND STAY THE NIGHT HERE THERE IS NO ONE IN THE HOUSE,16000,LibriSpeech dev-clean,validation
librispeech_0751,data\raw\librispeech_sample\librispeech_0751.wav,I WILL CATCH THE NIGHT TRAIN AND BRING MY MOTHER UP TO MORROW THEN WE WILL SEE WHAT CAN BE DONE,16000,LibriSpeech dev-clean,validation
librispeech_0752,data\raw\librispeech_sample\librispeech_0752.wav,YOU SEE PAPA'S SO VERY RICH AND AT HOME THEY EXPECT ME TO TO GET ACQUAINTED WITH DUKES AND THINGS AND SHE STOPPED,16000,LibriSpeech dev-clean,validation
librispeech_0753,data\raw\librispeech_sample\librispeech_0753.wav,IT WASN'T I WHO SAID THAT SAID THE GIRL SMILING BUT THAT'S SO ANYHOW AND THEN SHE SIGHED,16000,LibriSpeech dev-clean,validation
librispeech_0754,data\raw\librispeech_sample\librispeech_0754.wav,ALL THE SAME HE ADDED IRRELEVANTLY YOU SHALL HAVE THE LATCH KEY,16000,LibriSpeech dev-clean,validation
librispeech_0755,data\raw\librispeech_sample\librispeech_0755.wav,YOU ARE KIND SHE SAID FOR THE THIRD TIME AND REACHED HER HAND OUT TO HIM HE DID NOT KISS IT THEN ONLY TOOK IT IN HIS AND FELT HOW SMALL AND COLD IT WAS THEN IT WAS TAKEN AWAY,16000,LibriSpeech dev-clean,validation
librispeech_0756,data\raw\librispeech_sample\librispeech_0756.wav,THE LADY AND THE GUITAR CERTAINLY PASSED THE NIGHT AT HILL VIEW VILLA BUT WHEN HIS MOTHER VERY ANGRY AND VERY FRIGHTENED CAME UP WITH HIM AT ABOUT NOON THE HOUSE LOOKED JUST AS USUAL AND NO ONE WAS THERE BUT THE CHARWOMAN,16000,LibriSpeech dev-clean,validation
librispeech_0757,data\raw\librispeech_sample\librispeech_0757.wav,THE SILVER IS ALL RIGHT THANK GOODNESS SHE SAID BUT YOUR BANJO GIRL HAS TAKEN A PAIR OF YOUR SISTER'S SILK STOCKINGS AND THOSE NEW SHOES OF HERS WITH THE SILVER BUCKLES AND SHE'S LEFT THESE,16000,LibriSpeech dev-clean,validation
librispeech_0758,data\raw\librispeech_sample\librispeech_0758.wav,IT WAS PLAIN THAT HIS CASTANET GIRL HIS MOTHER AND SISTER TOOK A PLEASURE IN CREDITING HER DAILY WITH SOME FRESH AND UNPLEASING INSTRUMENT COULD HAVE HAD NEITHER TASTE MONEY NOR HONESTY TO SUCH A POINT AS THIS,16000,LibriSpeech dev-clean,validation
librispeech_0759,data\raw\librispeech_sample\librispeech_0759.wav,WHEN SHE SAID GOOD NIGHT TO BEENIE AND WENT TO HER CHAMBER OVER THAT WHERE THE LOVED PARENT AND FRIEND WOULD FALL ASLEEP NO MORE SHE FELT AS IF SHE WENT WALKING ALONG TO HER TOMB,16000,LibriSpeech dev-clean,validation
librispeech_0760,data\raw\librispeech_sample\librispeech_0760.wav,AT THE TIME MARY HAD NOTED NOTHING OF THESE THINGS NOW SHE SAW THEM ALL AS FOR THE FIRST TIME IN MINUTE DETAIL WHILE SLOWLY SHE WENT UP THE STAIR AND THROUGH THE NARROWED WAYS AND HEARD THE SAME WIND THAT RAVED ALIKE ABOUT THE NEW GRAVE AND THE OLD HOUSE INTO WHICH LATTER FOR ALL THE BALES BANKED AGAINST THE WALLS IT FOUND MANY A CHINK OF ENTRANCE,16000,LibriSpeech dev-clean,validation
librispeech_0761,data\raw\librispeech_sample\librispeech_0761.wav,WHEN SHE OPENED THE DOOR OF IT THE BRIGHT FIRE WHICH BEENIE UNDESIRED HAD KINDLED THERE STARTLED HER THE ROOM LOOKED UNNATURAL UNCANNY BECAUSE IT WAS CHEERFUL,16000,LibriSpeech dev-clean,validation
librispeech_0762,data\raw\librispeech_sample\librispeech_0762.wav,SHE STOOD FOR A MOMENT ON THE HEARTH AND IN SAD DREAMY MOOD LISTENED TO THE HOWLING SWOOPS OF THE WIND MAKING THE HOUSE QUIVER AND SHAKE,16000,LibriSpeech dev-clean,validation
librispeech_0763,data\raw\librispeech_sample\librispeech_0763.wav,THIS WAS HER DREAM AS NEARLY AS SHE COULD RECALL IT WHEN SHE CAME TO HERSELF AFTER WAKING FROM IT WITH A CRY,16000,LibriSpeech dev-clean,validation
librispeech_0764,data\raw\librispeech_sample\librispeech_0764.wav,SHE WAS ONE OF A LARGE COMPANY AT A HOUSE WHERE SHE HAD NEVER BEEN BEFORE A BEAUTIFUL HOUSE WITH A LARGE GARDEN BEHIND,16000,LibriSpeech dev-clean,validation
librispeech_0765,data\raw\librispeech_sample\librispeech_0765.wav,IT WAS A SUMMER NIGHT AND THE GUESTS WERE WANDERING IN AND OUT AT WILL AND THROUGH HOUSE AND GARDEN AMID LOVELY THINGS OF ALL COLORS AND ODORS,16000,LibriSpeech dev-clean,validation
librispeech_0766,data\raw\librispeech_sample\librispeech_0766.wav,BUT SHE KNEW NOBODY AND WANDERED ALONE IN THE GARDEN OPPRESSED WITH SOMETHING SHE DID NOT UNDERSTAND,16000,LibriSpeech dev-clean,validation
librispeech_0767,data\raw\librispeech_sample\librispeech_0767.wav,AT THE END OF IT SHE WAS IN A PLACE OF TOMBS,16000,LibriSpeech dev-clean,validation
librispeech_0768,data\raw\librispeech_sample\librispeech_0768.wav,SHE ENTERED AND THE SERVANTS SOFT FOOTED AND SILENT WERE BUSY CARRYING AWAY THE VESSELS OF HOSPITALITY AND RESTORING ORDER AS IF ALREADY THEY PREPARED FOR ANOTHER COMPANY ON THE MORROW NO ONE HEEDED HER,16000,LibriSpeech dev-clean,validation
librispeech_0769,data\raw\librispeech_sample\librispeech_0769.wav,SHE WAS LOST LOST UTTERLY WITH AN ETERNAL LOSS,16000,LibriSpeech dev-clean,validation
librispeech_0770,data\raw\librispeech_sample\librispeech_0770.wav,SHE KNEW NOTHING OF THE PLACE HAD NOWHERE TO GO NOWHERE SHE WANTED TO GO HAD NOT A THOUGHT TO TELL HER WHAT QUESTION TO ASK IF SHE MET A LIVING SOUL,16000,LibriSpeech dev-clean,validation
librispeech_0771,data\raw\librispeech_sample\librispeech_0771.wav,BUT LIVING SOUL THERE COULD BE NONE TO MEET,16000,LibriSpeech dev-clean,validation
librispeech_0772,data\raw\librispeech_sample\librispeech_0772.wav,SHE HAD LOST HIM YEARS AND YEARS BEFORE AND NOW SHE SAW HIM HE WAS THERE AND SHE KNEW HIM,16000,LibriSpeech dev-clean,validation
librispeech_0773,data\raw\librispeech_sample\librispeech_0773.wav,HE CAME TO HER SIDE AND SHE GAVE HIM NO GREETING,16000,LibriSpeech dev-clean,validation
librispeech_0774,data\raw\librispeech_sample\librispeech_0774.wav,I KNOW IT AND THERE IS NO WAKING,16000,LibriSpeech dev-clean,validation
librispeech_0775,data\raw\librispeech_sample\librispeech_0775.wav,THE OLD TIME WAS BUT A THICKER DREAM AND THIS IS TRUER BECAUSE MORE SHADOWY,16000,LibriSpeech dev-clean,validation
librispeech_0776,data\raw\librispeech_sample\librispeech_0776.wav,HER ONLY LIFE WAS THAT SHE WAS LOST,16000,LibriSpeech dev-clean,validation
librispeech_0777,data\raw\librispeech_sample\librispeech_0777.wav,SHALL I POUR OUT MY SOUL INTO THE EAR OF A MIST A FUME FROM MY OWN BRAIN,16000,LibriSpeech dev-clean,validation
librispeech_0778,data\raw\librispeech_sample\librispeech_0778.wav,THUS WAS SHE BORNE AWAY CAPTIVE OF HER DEAD NEITHER WILLING NOR UNWILLING OF LIFE AND DEATH EQUALLY CARELESS,16000,LibriSpeech dev-clean,validation
librispeech_0779,data\raw\librispeech_sample\librispeech_0779.wav,WITH THAT CAME A PANG OF INTENSE PAIN,16000,LibriSpeech dev-clean,validation
librispeech_0780,data\raw\librispeech_sample\librispeech_0780.wav,CHAPTER SEVEN THE HOMECOMING,16000,LibriSpeech dev-clean,validation
librispeech_0781,data\raw\librispeech_sample\librispeech_0781.wav,COLONEL LEONIDAS TALBOT REGARDED THE WHITE FLAG WITH FEELINGS IN WHICH TRIUMPH AND SADNESS WERE MINGLED STRANGELY,16000,LibriSpeech dev-clean,validation
librispeech_0782,data\raw\librispeech_sample\librispeech_0782.wav,BUT THE EMOTIONS OF HARRY AND HIS COMRADES WERE FOR THE MOMENT THOSE OF VICTORY ONLY,16000,LibriSpeech dev-clean,validation
librispeech_0783,data\raw\librispeech_sample\librispeech_0783.wav,BOATS PUT OUT BOTH FROM THE FORT AND THE SHORE,16000,LibriSpeech dev-clean,validation
librispeech_0784,data\raw\librispeech_sample\librispeech_0784.wav,THE SMOKE ITSELF WHICH HAD FORMED A VAST CLOUD OVER HARBOR FORTS AND CITY WAS NOW DRIFTING OUT TO SEA LEAVING ALL THINGS ETCHED SHARPLY IN THE DAZZLING SUNLIGHT OF A SOUTHERN SPRING DAY,16000,LibriSpeech dev-clean,validation
librispeech_0785,data\raw\librispeech_sample\librispeech_0785.wav,THAT WHITE FLAG AND THOSE BOATS GOING OUT MEAN THAT SUMTER IS OURS,16000,LibriSpeech dev-clean,validation
librispeech_0786,data\raw\librispeech_sample\librispeech_0786.wav,BUT THE NEGOTIATIONS WERE SOON COMPLETED,16000,LibriSpeech dev-clean,validation
librispeech_0787,data\raw\librispeech_sample\librispeech_0787.wav,ALL THE AMENITIES WERE PRESERVED BETWEEN THE CAPTURED GARRISON AND THEIR CAPTORS,16000,LibriSpeech dev-clean,validation
librispeech_0788,data\raw\librispeech_sample\librispeech_0788.wav,THE GREAT STATE OF VIRGINIA MOTHER OF PRESIDENTS WENT OUT OF THE UNION AT LAST AND NORTH CAROLINA TENNESSEE AND ARKANSAS FOLLOWED HER BUT MARYLAND KENTUCKY AND MISSOURI STILL HUNG IN THE BALANCE,16000,LibriSpeech dev-clean,validation
librispeech_0789,data\raw\librispeech_sample\librispeech_0789.wav,LINCOLN HAD CALLED FOR VOLUNTEERS TO PUT DOWN A REBELLION BUT HARRY HEARD EVERYWHERE IN CHARLESTON THAT THE CONFEDERACY WAS NOW SECURE,16000,LibriSpeech dev-clean,validation
librispeech_0790,data\raw\librispeech_sample\librispeech_0790.wav,THE PROGRESS OF PRESIDENT DAVIS TO THE NEW CAPITAL SET IN THE VERY FACE OF THE FOE WAS TO BE ONE HUGE TRIUMPH OF FAITH AND LOYALTY,16000,LibriSpeech dev-clean,validation
librispeech_0791,data\raw\librispeech_sample\librispeech_0791.wav,THERE WAS NOT A SINGLE NOTE OF GLOOM,16000,LibriSpeech dev-clean,validation
librispeech_0792,data\raw\librispeech_sample\librispeech_0792.wav,EUROPE WHICH MUST HAVE ITS COTTON WOULD FAVOR THE SUCCESS OF THE SOUTH,16000,LibriSpeech dev-clean,validation
librispeech_0793,data\raw\librispeech_sample\librispeech_0793.wav,AN EXTRAORDINARY WAVE OF EMOTION SWEPT OVER THE SOUTH CARRYING EVERYBODY WITH IT,16000,LibriSpeech dev-clean,validation
librispeech_0794,data\raw\librispeech_sample\librispeech_0794.wav,BEAUREGARD AT ONCE WROTE AN ORDER,16000,LibriSpeech dev-clean,validation
librispeech_0795,data\raw\librispeech_sample\librispeech_0795.wav,COLONEL KENTON WRITES WISELY,16000,LibriSpeech dev-clean,validation
librispeech_0796,data\raw\librispeech_sample\librispeech_0796.wav,WE NEED KENTUCKY AND I UNDERSTAND THAT A VERY LITTLE MORE MAY BRING THE STATE TO US GO WITH YOUR FATHER I UNDERSTAND THAT YOU HAVE BEEN A BRAVE YOUNG SOLDIER HERE AND MAY YOU DO AS WELL UP THERE,16000,LibriSpeech dev-clean,validation
librispeech_0797,data\raw\librispeech_sample\librispeech_0797.wav,HARRY FEELING PRIDE BUT NOT SHOWING IT SALUTED AND LEFT THE ROOM GOING AT ONCE TO MADAME DELAUNAY'S WHERE HE HAD LEFT HIS BAGGAGE,16000,LibriSpeech dev-clean,validation
librispeech_0798,data\raw\librispeech_sample\librispeech_0798.wav,HE INTENDED TO LEAVE EARLY IN THE MORNING BUT FIRST HE SOUGHT HIS FRIENDS AND TOLD THEM GOOD BYE,16000,LibriSpeech dev-clean,validation
librispeech_0799,data\raw\librispeech_sample\librispeech_0799.wav,HARRY GAVE HIS FAREWELLS WITH DEEP AND GENUINE REGRET,16000,LibriSpeech dev-clean,validation
librispeech_0800,data\raw\librispeech_sample\librispeech_0800.wav,WHETHER THEIR MANNER WAS GRAVE OR FRIVOLOUS HE KNEW THAT THESE WERE GOOD FRIENDS OF HIS AND HE SINCERELY HOPED THAT HE WOULD MEET THEM AGAIN,16000,LibriSpeech dev-clean,validation
librispeech_0801,data\raw\librispeech_sample\librispeech_0801.wav,IT WAS A DIFFERENT HARRY WHO STARTED HOME LATE IN APRIL,16000,LibriSpeech dev-clean,validation
librispeech_0802,data\raw\librispeech_sample\librispeech_0802.wav,FOUR MONTHS HAD MADE GREAT CHANGES HE BORE HIMSELF MORE LIKE A MAN HIS MANNER WAS MUCH MORE CONSIDERED AND GRAVE,16000,LibriSpeech dev-clean,validation
librispeech_0803,data\raw\librispeech_sample\librispeech_0803.wav,HE HAD SEEN GREAT THINGS AND HE HAD DONE HIS SHARE OF THEM,16000,LibriSpeech dev-clean,validation
librispeech_0804,data\raw\librispeech_sample\librispeech_0804.wav,HE GAZED UPON A WORLD FULL OF RESPONSIBILITIES AND PERILS,16000,LibriSpeech dev-clean,validation
librispeech_0805,data\raw\librispeech_sample\librispeech_0805.wav,BUT HE LOOKED BACK AT CHARLESTON THE GAY THE VOLATILE AND THE BEAUTIFUL WITH REAL AFFECTION,16000,LibriSpeech dev-clean,validation
librispeech_0806,data\raw\librispeech_sample\librispeech_0806.wav,IT WAS ALMOST BURIED NOW IN FLOWERS AND FOLIAGE,16000,LibriSpeech dev-clean,validation
librispeech_0807,data\raw\librispeech_sample\librispeech_0807.wav,HE WAS GOING HOME AFTER VICTORY,16000,LibriSpeech dev-clean,validation
librispeech_0808,data\raw\librispeech_sample\librispeech_0808.wav,HE SOON LEFT CHARLESTON OUT OF SIGHT,16000,LibriSpeech dev-clean,validation
librispeech_0809,data\raw\librispeech_sample\librispeech_0809.wav,HE FELT THE DIFFERENCE AS SOON AS HE REACHED THE HILLS OF HIS NATIVE STATE,16000,LibriSpeech dev-clean,validation
librispeech_0810,data\raw\librispeech_sample\librispeech_0810.wav,PEOPLE WERE COOLER HERE AND THEY WERE MORE PRONE TO LOOK AT THE TWO SIDES OF A QUESTION,16000,LibriSpeech dev-clean,validation
librispeech_0811,data\raw\librispeech_sample\librispeech_0811.wav,THE AIR TOO WAS UNLIKE THAT OF SOUTH CAROLINA THERE WAS A SHARPER TANG TO IT,16000,LibriSpeech dev-clean,validation
librispeech_0812,data\raw\librispeech_sample\librispeech_0812.wav,IT WHIPPED HIS BLOOD AS IT BLEW DOWN FROM THE SLOPES AND CRESTS,16000,LibriSpeech dev-clean,validation
librispeech_0813,data\raw\librispeech_sample\librispeech_0813.wav,IT WAS AFTERNOON WHEN HE REACHED THE LITTLE STATION OF WINTON AND LEFT THE TRAIN A TALL STURDY BOY THE SUPERIOR OF MANY A MAN IN SIZE STRENGTH AND AGILITY,16000,LibriSpeech dev-clean,validation
librispeech_0814,data\raw\librispeech_sample\librispeech_0814.wav,THERE WERE NEVER BEFORE SUCH TIMES IN OLD KENTUCKY,16000,LibriSpeech dev-clean,validation
librispeech_0815,data\raw\librispeech_sample\librispeech_0815.wav,BILL SKELLY AN HIS GANG THEM MOUNTAINEERS ARE UP,16000,LibriSpeech dev-clean,validation
librispeech_0816,data\raw\librispeech_sample\librispeech_0816.wav,HE DID NOT SAY THE LAST AS A BOAST BUT MERELY AS AN ASSURANCE TO THE LIVERYMAN WHO HE SAW WAS ANXIOUS ON HIS ACCOUNT,16000,LibriSpeech dev-clean,validation
librispeech_0817,data\raw\librispeech_sample\librispeech_0817.wav,IF YOU'VE GOT PISTOLS JUST YOU THINK ONCE BEFORE YOU SHOOT SAID COLLINS,16000,LibriSpeech dev-clean,validation
librispeech_0818,data\raw\librispeech_sample\librispeech_0818.wav,HARRY THANKED HIM THREW HIS SADDLE BAGS ACROSS THE HORSE A POWERFUL BAY AND GIVING A FINAL WAVE OF HIS HAND TO THE SYMPATHETIC LIVERYMAN RODE AWAY,16000,LibriSpeech dev-clean,validation
librispeech_0819,data\raw\librispeech_sample\librispeech_0819.wav,THIS WAS NOT THE FASHION OF A YEAR AGO WHEN THEY EXCHANGED A FRIENDLY WORD OR TWO BUT HARRY KNEW ITS CAUSE NOW NOBODY COULD TRUST ANYBODY ELSE,16000,LibriSpeech dev-clean,validation
librispeech_0820,data\raw\librispeech_sample\librispeech_0820.wav,BUT HE SAW NOTHING THAT MOVED THERE NO SIGNAL LIGHTS TWINKLED,16000,LibriSpeech dev-clean,validation
librispeech_0821,data\raw\librispeech_sample\librispeech_0821.wav,ONE WINTER EVENING AS SOON AS HIS WORK WAS OVER FOR THE DAY JOSEPH LOCKED THE DOOR OF HIS SMITHY WASHED HIMSELF WELL PUT ON CLEAN CLOTHES AND TAKING HIS VIOLIN SET OUT FOR TESTBRIDGE MARY WAS EXPECTING HIM TO TEA,16000,LibriSpeech dev-clean,validation
librispeech_0822,data\raw\librispeech_sample\librispeech_0822.wav,IT WAS THE AFTERNOON OF A HOLIDAY AND SHE HAD CLOSED EARLY,16000,LibriSpeech dev-clean,validation
librispeech_0823,data\raw\librispeech_sample\librispeech_0823.wav,WAS THERE EVER A HAPPIER MAN THAN JOSEPH THAT NIGHT AS HE STRODE ALONG THE FOOTPATH,16000,LibriSpeech dev-clean,validation
librispeech_0824,data\raw\librispeech_sample\librispeech_0824.wav,HE PRESSED HIS VIOLIN CASE TO HIS HEART AS IF IT WERE A LIVING THING THAT COULD KNOW THAT HE LOVED IT,16000,LibriSpeech dev-clean,validation
librispeech_0825,data\raw\librispeech_sample\librispeech_0825.wav,EARTH WAS GONE AND HEAVEN WAS ALL,16000,LibriSpeech dev-clean,validation
librispeech_0826,data\raw\librispeech_sample\librispeech_0826.wav,BLESSED AM I HERE NOW MY GOD AND BLESSED SHALL I BE THERE THEN,16000,LibriSpeech dev-clean,validation
librispeech_0827,data\raw\librispeech_sample\librispeech_0827.wav,WHEN HE REACHED THE SUBURBS THE LIGHT OF HOMES WAS SHINING THROUGH CURTAINS OF ALL COLORS,16000,LibriSpeech dev-clean,validation
librispeech_0828,data\raw\librispeech_sample\librispeech_0828.wav,JUST THEN HE WAS IN NO MOOD TO THINK OF THE SORROWS,16000,LibriSpeech dev-clean,validation
librispeech_0829,data\raw\librispeech_sample\librispeech_0829.wav,THE NETTLE AND THE DOCK SAID JOSEPH,16000,LibriSpeech dev-clean,validation
librispeech_0830,data\raw\librispeech_sample\librispeech_0830.wav,HE WAS IN A MOOD FOR MUSIC WAS HE NOT,16000,LibriSpeech dev-clean,validation
librispeech_0831,data\raw\librispeech_sample\librispeech_0831.wav,HE LAID DOWN HIS VIOLIN AND SEATED HIMSELF WHERE MARY TOLD HIM IN HER FATHER'S ARM CHAIR BY THE FIRE,16000,LibriSpeech dev-clean,validation
librispeech_0832,data\raw\librispeech_sample\librispeech_0832.wav,LETTY FINDING HERSELF NOT QUITE EQUAL TO THE EMERGENCY CAME IN HER TURN TO CALL MARY SHE WENT AS QUIETLY AS IF SHE WERE LEAVING A TIRESOME VISITOR,16000,LibriSpeech dev-clean,validation
librispeech_0833,data\raw\librispeech_sample\librispeech_0833.wav,THE MUSIC WAS BROKEN AND JOSEPH LEFT ALONE WITH THE DUMB INSTRUMENTS,16000,LibriSpeech dev-clean,validation
librispeech_0834,data\raw\librispeech_sample\librispeech_0834.wav,BUT IN HIS HANDS SOLITUDE AND A VIOLIN WERE SURE TO MARRY IN MUSIC,16000,LibriSpeech dev-clean,validation
librispeech_0835,data\raw\librispeech_sample\librispeech_0835.wav,THEY SAT DOWN AND LISTENED IN SILENCE,16000,LibriSpeech dev-clean,validation
librispeech_0836,data\raw\librispeech_sample\librispeech_0836.wav,HER HEART SEEMED TO SWELL UP INTO HER THROAT AND IT WAS ALL SHE COULD DO TO KEEP FROM WEEPING,16000,LibriSpeech dev-clean,validation
librispeech_0837,data\raw\librispeech_sample\librispeech_0837.wav,A LITTLE LONGER AND SHE WAS COMPELLED TO YIELD AND THE SILENT TEARS FLOWED FREELY,16000,LibriSpeech dev-clean,validation
librispeech_0838,data\raw\librispeech_sample\librispeech_0838.wav,LETTY TOO WAS OVERCOME MORE THAN EVER SHE HAD BEEN BY MUSIC,16000,LibriSpeech dev-clean,validation
librispeech_0839,data\raw\librispeech_sample\librispeech_0839.wav,LET BUT A MOOD BE STRONG ENOUGH AND THE SOUL CLOTHING ITSELF IN THAT MOOD AS WITH A GARMENT CAN WALK ABROAD AND HAUNT THE WORLD,16000,LibriSpeech dev-clean,validation
librispeech_0840,data\raw\librispeech_sample\librispeech_0840.wav,IT CRIED ALOUD THAT ETERNITY WAS VERY LONG AND LIKE A GREAT PALACE WITHOUT A QUIET ROOM,16000,LibriSpeech dev-clean,validation
librispeech_0841,data\raw\librispeech_sample\librispeech_0841.wav,NOR WAS THIS EXACTLY THE SHAPE THE THING TOOK TO THE CONSCIOUSNESS OF THE MUSICIAN,16000,LibriSpeech dev-clean,validation
librispeech_0842,data\raw\librispeech_sample\librispeech_0842.wav,I LOVE THEE I LOVE THEE CRIED THE VIOLIN AND THE WORSHIP WAS ENTREATY THAT KNEW NOT ITSELF,16000,LibriSpeech dev-clean,validation
librispeech_0843,data\raw\librispeech_sample\librispeech_0843.wav,HAST THOU YET TO LEARN THAT THE LOVE OF THE HUMAN IS LOVE IS DIVINE IS BUT A LOWER FORM OF A PART OF THE LOVE OF GOD,16000,LibriSpeech dev-clean,validation
librispeech_0844,data\raw\librispeech_sample\librispeech_0844.wav,WHEN THOU LOVEST MAN OR WOMAN OR CHILD YEA OR EVEN DOG ARIGHT THEN WILT THOU NO LONGER NEED THAT I TELL THEE HOW GOD AND HIS CHRIST WOULD NOT BE CONTENT WITH EACH OTHER ALONE IN THE GLORIES EVEN OF THE ETERNAL ORIGINAL LOVE BECAUSE THEY COULD CREATE MORE LOVE,16000,LibriSpeech dev-clean,validation
librispeech_0845,data\raw\librispeech_sample\librispeech_0845.wav,HE THAT LOVETH NOT HIS BROTHER WHOM HE HATH SEEN HOW SHALL HE LOVE GOD WHOM HE HATH NOT SEEN,16000,LibriSpeech dev-clean,validation
librispeech_0846,data\raw\librispeech_sample\librispeech_0846.wav,A SOB LIKE A BIRD NEW BORN BURST FROM MARY'S BOSOM,16000,LibriSpeech dev-clean,validation
librispeech_0847,data\raw\librispeech_sample\librispeech_0847.wav,THAT ENCHANTMENT HAD POSSESSED HIM USURPING AS IT WERE THE THRONE OF HIS LIFE AND DISPLACING IT WHEN IT CEASED HE WAS NOT HIS OWN MASTER,16000,LibriSpeech dev-clean,validation
librispeech_0848,data\raw\librispeech_sample\librispeech_0848.wav,HE STARTED TO CONSCIOUS CONFUSION ONLY NEITHER KNOWING WHERE HE WAS NOR WHAT HE DID,16000,LibriSpeech dev-clean,validation
librispeech_0849,data\raw\librispeech_sample\librispeech_0849.wav,HOW IT HAPPENED HE NEVER COULD TELL BUT HE BROUGHT DOWN HIS VIOLIN WITH A CRASH AGAINST THE PIANO THEN SOMEHOW STUMBLED AND ALL BUT FELL,16000,LibriSpeech dev-clean,validation
librispeech_0850,data\raw\librispeech_sample\librispeech_0850.wav,IN THE ACT OF RECOVERING HIMSELF HE HEARD THE NECK OF HIS INSTRUMENT PART FROM THE BODY WITH A TEARING DISCORDANT CRY LIKE THE SOUND OF THE RUIN OF A LIVING WORLD,16000,LibriSpeech dev-clean,validation
librispeech_0851,data\raw\librispeech_sample\librispeech_0851.wav,HIS VIOLIN WAS BROKEN BUT HIS BEING WAS MADE WHOLE,16000,LibriSpeech dev-clean,validation
librispeech_0852,data\raw\librispeech_sample\librispeech_0852.wav,HIS TREASURE TAKEN TYPE OF HIS SELF AND A WOMAN GIVEN HIM INSTEAD,16000,LibriSpeech dev-clean,validation
librispeech_0853,data\raw\librispeech_sample\librispeech_0853.wav,IT'S JUST LIKE HIM HE MURMURED,16000,LibriSpeech dev-clean,validation
librispeech_0854,data\raw\librispeech_sample\librispeech_0854.wav,YOU'LL ALL BE OVER IF YOU DON'T HAVE A CARE,16000,LibriSpeech dev-clean,validation
librispeech_0855,data\raw\librispeech_sample\librispeech_0855.wav,LOOKS LIKE A CLUMP OF BUSHES DOWN THERE BUT I AIN'T SURE CAN YOU MAKE IT OUT,16000,LibriSpeech dev-clean,validation
librispeech_0856,data\raw\librispeech_sample\librispeech_0856.wav,YES AGREED TAD THAT DOES LOOK LIKE BUSHES,16000,LibriSpeech dev-clean,validation
librispeech_0857,data\raw\librispeech_sample\librispeech_0857.wav,DON'T MOVE AROUND LIE PERFECTLY STILL WARNED THE GUIDE ARE YOU HURT,16000,LibriSpeech dev-clean,validation
librispeech_0858,data\raw\librispeech_sample\librispeech_0858.wav,AND THAT TUMBLE'S ENOUGH TO KNOCK THE SENSE OUT OF A FULL GROWN MAN,16000,LibriSpeech dev-clean,validation
librispeech_0859,data\raw\librispeech_sample\librispeech_0859.wav,I COULD NOT THINK OF ALLOWING ANY OF MY CHARGES TO TAKE SO TERRIBLE A RISK AND,16000,LibriSpeech dev-clean,validation
librispeech_0860,data\raw\librispeech_sample\librispeech_0860.wav,NO I AM THE LIGHTER OF THE TWO URGED TAD,16000,LibriSpeech dev-clean,validation
librispeech_0861,data\raw\librispeech_sample\librispeech_0861.wav,I AM THE ONE TO GO AFTER WALT IF ANYONE HAS TO I'LL GO DOWN MISTER THOMAS,16000,LibriSpeech dev-clean,validation
librispeech_0862,data\raw\librispeech_sample\librispeech_0862.wav,MASTER TAD IS RIGHT DECIDED THE GUIDE GAZING AT THE TWO BOYS APPROVINGLY,16000,LibriSpeech dev-clean,validation
librispeech_0863,data\raw\librispeech_sample\librispeech_0863.wav,I PROTEST SHOUTED THE PROFESSOR,16000,LibriSpeech dev-clean,validation
librispeech_0864,data\raw\librispeech_sample\librispeech_0864.wav,YOU'D HAVE BOTH OF US AT THE BOTTOM IF I LEFT IT TO YOU TO TAKE CARE OF THIS END,16000,LibriSpeech dev-clean,validation
librispeech_0865,data\raw\librispeech_sample\librispeech_0865.wav,BE SURE TO FASTEN HIM SECURELY TO THE LOOP BEFORE YOU GIVE THE SIGNAL TO HAUL UP WARNED THE GUIDE,16000,LibriSpeech dev-clean,validation
librispeech_0866,data\raw\librispeech_sample\librispeech_0866.wav,ARE YOU READY YES,16000,LibriSpeech dev-clean,validation
librispeech_0867,data\raw\librispeech_sample\librispeech_0867.wav,HE TILTED HIS HEAD TO LOOK UP,16000,LibriSpeech dev-clean,validation
librispeech_0868,data\raw\librispeech_sample\librispeech_0868.wav,THE MOVEMENT SENT HIS BODY SWAYING GIDDILY FROM SIDE TO SIDE,16000,LibriSpeech dev-clean,validation
librispeech_0869,data\raw\librispeech_sample\librispeech_0869.wav,CAUTIOUSLY PLACING A HAND AGAINST THE ROCKS TO STEADY HIMSELF TAD WISELY CONCLUDED THAT HEREAFTER IT WOULD NOT PAY TO BE TOO CURIOUS,16000,LibriSpeech dev-clean,validation
librispeech_0870,data\raw\librispeech_sample\librispeech_0870.wav,SLOWLY BUT STEADILY THE SLENDER LINE WAS PAID OUT AMID A TENSE SILENCE ON THE PART OF THE LITTLE GROUP AT THE TOP OF THE CANYOU,16000,LibriSpeech dev-clean,validation
librispeech_0871,data\raw\librispeech_sample\librispeech_0871.wav,AFTER WHAT SEEMED TO THEM HOURS A SHARP CALL FROM THE DEPTHS REACHED THEIR EARS,16000,LibriSpeech dev-clean,validation
librispeech_0872,data\raw\librispeech_sample\librispeech_0872.wav,LIGE QUICKLY MADE FAST THE LINE TO A TREE,16000,LibriSpeech dev-clean,validation
librispeech_0873,data\raw\librispeech_sample\librispeech_0873.wav,I SEE HIM CALLED TAD HIS VOICE SOUNDING HOLLOW AND UNNATURAL TO THOSE ABOVE,16000,LibriSpeech dev-clean,validation
librispeech_0874,data\raw\librispeech_sample\librispeech_0874.wav,HE'S SO FAR TO THE RIGHT OF ME THAT I CAN'T REACH HIM,16000,LibriSpeech dev-clean,validation
librispeech_0875,data\raw\librispeech_sample\librispeech_0875.wav,LODGED IN THE BRANCHES OF A PINYON TREE I THINK IT IS BUT HE DOESN'T ANSWER ME,16000,LibriSpeech dev-clean,validation
librispeech_0876,data\raw\librispeech_sample\librispeech_0876.wav,LIGE LEANING OVER THE BRINK WAS ABLE TO FOLLOW THE BOY'S MOVEMENTS BY THE AID OF THE THIN ARC OF LIGHT MADE BY THE TORCH IN TAD'S HAND,16000,LibriSpeech dev-clean,validation
librispeech_0877,data\raw\librispeech_sample\librispeech_0877.wav,BUT FROM THE CAUTIOUS MOVEMENTS OF THE LIGHT FAR BELOW THEM THE GUIDE UNDERSTOOD THAT THE LAD WAS AT WORK CARRYING OUT HIS PART OF THE TASK OF RESCUE TO THE BEST OF HIS ABILITY,16000,LibriSpeech dev-clean,validation
librispeech_0878,data\raw\librispeech_sample\librispeech_0878.wav,MEBBY YOU THINK HE'S HAVING SOME SORT OF A PICNIC DOWN THERE EH GLARED LIGE,16000,LibriSpeech dev-clean,validation
librispeech_0879,data\raw\librispeech_sample\librispeech_0879.wav,SHALL WE HAUL UP ASKED LIGE MAKING A MEGAPHONE OF HIS HANDS YES HAUL AWAY,16000,LibriSpeech dev-clean,validation
librispeech_0880,data\raw\librispeech_sample\librispeech_0880.wav,SURE THING ANSWERED THE BOY,16000,LibriSpeech dev-clean,validation
librispeech_0881,data\raw\librispeech_sample\librispeech_0881.wav,NOR WAS HIS SENSE OF SECURITY INCREASED WHEN IN SHIFTING HIS POSITION THE TORCH FELL FROM HIS GRASP THE FAGOTS SCATTERING AS THEY SLIPPED DOWN BETWEEN THE LIMBS OF THE TREE AND WHIRLING IN EVER DIMINISHING CIRCLES UNTIL FINALLY HE HEARD THEM CLATTER ON THE ROCKS BELOW,16000,LibriSpeech dev-clean,validation
librispeech_0882,data\raw\librispeech_sample\librispeech_0882.wav,CHAPTER FOUR THE FIRST NIGHT IN CAMP,16000,LibriSpeech dev-clean,validation
librispeech_0883,data\raw\librispeech_sample\librispeech_0883.wav,EVEN IF I CAN'T SING I CAN BEAT THAT,16000,LibriSpeech dev-clean,validation
librispeech_0884,data\raw\librispeech_sample\librispeech_0884.wav,NOT ON THE RANGE WHY NOT DEMANDED THE BOY,16000,LibriSpeech dev-clean,validation
librispeech_0885,data\raw\librispeech_sample\librispeech_0885.wav,A LOUD LAUGH FOLLOWED AT CHUNKY'S EXPENSE,16000,LibriSpeech dev-clean,validation
librispeech_0886,data\raw\librispeech_sample\librispeech_0886.wav,THE PONY DID MOST OF IT ADMITTED THE LAD I JUST GAVE HIM HIS HEAD AND THAT'S ALL THERE WAS TO IT,16000,LibriSpeech dev-clean,validation
librispeech_0887,data\raw\librispeech_sample\librispeech_0887.wav,WALTER HAD GONE OUT WITH THE SECOND GUARD AND THE OTHERS HAD GATHERED AROUND THE CAMP FIRE FOR THEIR NIGHTLY STORY TELLING,16000,LibriSpeech dev-clean,validation
librispeech_0888,data\raw\librispeech_sample\librispeech_0888.wav,NONE OF YOU WILL BE FIT FOR DUTY TO MORROW,16000,LibriSpeech dev-clean,validation
librispeech_0889,data\raw\librispeech_sample\librispeech_0889.wav,WE'VE GOT A HARD DRIVE BEFORE US AND EVERY MAN MUST BE FIT AS A FIDDLE,16000,LibriSpeech dev-clean,validation
librispeech_0890,data\raw\librispeech_sample\librispeech_0890.wav,HUMPH GRUNTED CURLEY ADAMS,16000,LibriSpeech dev-clean,validation
librispeech_0891,data\raw\librispeech_sample\librispeech_0891.wav,THE COWBOY DID THIS VERY THING BUT WITHIN AN HOUR HE FOUND HIMSELF ALONE THE OTHERS HAVING TURNED IN ONE BY ONE,16000,LibriSpeech dev-clean,validation
librispeech_0892,data\raw\librispeech_sample\librispeech_0892.wav,THE LADS FOUND THAT A PAIR OF BLANKETS HAD BEEN ASSIGNED TO EACH OF THEM WITH AN ORDINARY WAGON SHEET DOUBLED FOR A TARPAULIN,16000,LibriSpeech dev-clean,validation
librispeech_0893,data\raw\librispeech_sample\librispeech_0893.wav,THESE THEY SPREAD OUT ON THE GROUND USING BOOTS WRAPPED IN COATS FOR PILLOWS,16000,LibriSpeech dev-clean,validation
librispeech_0894,data\raw\librispeech_sample\librispeech_0894.wav,STACY BROWN PROVED THE ONLY GRUMBLER IN THE LOT DECLARING THAT HE COULD NOT SLEEP A WINK ON SUCH A BED AS THAT,16000,LibriSpeech dev-clean,validation
librispeech_0895,data\raw\librispeech_sample\librispeech_0895.wav,THE HORSES OF THE OUTFIT SAVE THOSE THAT WERE ON NIGHT DUTY AND TWO OR THREE OTHERS THAT HAD DEVELOPED A HABIT OF STRAYING HAD BEEN TURNED LOOSE EARLY IN THE EVENING FOR ANIMALS ON THE TRAIL ARE SELDOM STAKED DOWN,16000,LibriSpeech dev-clean,validation
librispeech_0896,data\raw\librispeech_sample\librispeech_0896.wav,IN SPITE OF THEIR HARD COUCHES THE PONY RIDERS SLEPT SOUNDLY EVEN PROFESSOR ZEPPLIN HIMSELF NEVER WAKING THE WHOLE NIGHT THROUGH,16000,LibriSpeech dev-clean,validation
librispeech_0897,data\raw\librispeech_sample\librispeech_0897.wav,STACY GRUMBLED TURNED OVER AND WENT TO SLEEP AGAIN,16000,LibriSpeech dev-clean,validation
librispeech_0898,data\raw\librispeech_sample\librispeech_0898.wav,YOU WON'T BE SO FAST TO WAKE UP HARD WORKING COWBOYS AFTER THAT I RECKON,16000,LibriSpeech dev-clean,validation
librispeech_0899,data\raw\librispeech_sample\librispeech_0899.wav,LUMPY BATES CAME RUNNING TOWARD HIM NOT DARING TO CALL OUT FOR FEAR OF WAKING THE CAMP,16000,LibriSpeech dev-clean,validation
librispeech_0900,data\raw\librispeech_sample\librispeech_0900.wav,HI THERE HISSED LUMPY FILLED WITH INDIGNATION THAT ANYONE SHOULD ATTEMPT TO MOUNT A PONY FROM THE RIGHT SIDE,16000,LibriSpeech dev-clean,validation
librispeech_0901,data\raw\librispeech_sample\librispeech_0901.wav,STACY BROWN'S LEFT LEG SWUNG OVER THE SADDLE,16000,LibriSpeech dev-clean,validation
librispeech_0902,data\raw\librispeech_sample\librispeech_0902.wav,WHERE ARE THEY ASKED THE BOY,16000,LibriSpeech dev-clean,validation
librispeech_0903,data\raw\librispeech_sample\librispeech_0903.wav,KEEP A GOING AND IF YOU'RE LUCKY YOU'LL RUN PLUMB INTO THEM WAS THE JEERING ANSWER AS THE SLEEPY COWMEN SPURRED THEIR PONIES ON TOWARD CAMP MUTTERING THEIR DISAPPROVAL OF TAKING ALONG A BUNCH OF BOYS ON A CATTLE DRIVE,16000,LibriSpeech dev-clean,validation
librispeech_0904,data\raw\librispeech_sample\librispeech_0904.wav,ALMOST BEFORE THE ECHOES OF HIS VOICE HAD DIED AWAY A SHRILL VOICE PIPED UP FROM THE TAIL END OF THE CHUCK WAGON,16000,LibriSpeech dev-clean,validation
librispeech_0905,data\raw\librispeech_sample\librispeech_0905.wav,GRUB PI LE GRUB PI LE,16000,LibriSpeech dev-clean,validation
librispeech_0906,data\raw\librispeech_sample\librispeech_0906.wav,WHO IS THE WRANGLER THIS MORNING ASKED THE FOREMAN GLANCING ABOUT AT HIS MEN,16000,LibriSpeech dev-clean,validation
librispeech_0907,data\raw\librispeech_sample\librispeech_0907.wav,A WRANGLER'S A WRANGLER ANSWERED BIG FOOT STOLIDLY,16000,LibriSpeech dev-clean,validation
librispeech_0908,data\raw\librispeech_sample\librispeech_0908.wav,HE'S A FELLOW WHO'S ALL THE TIME MAKING TROUBLE ISN'T HE ASKED STACY INNOCENTLY,16000,LibriSpeech dev-clean,validation
librispeech_0909,data\raw\librispeech_sample\librispeech_0909.wav,OH NO THIS KIND OF A WRANGLER ISN'T LAUGHED THE FOREMAN,16000,LibriSpeech dev-clean,validation
librispeech_0910,data\raw\librispeech_sample\librispeech_0910.wav,HE'S A TROUBLE CURER NOT A TROUBLEMAKER EXCEPT FOR HIMSELF,16000,LibriSpeech dev-clean,validation
librispeech_0911,data\raw\librispeech_sample\librispeech_0911.wav,PONG TELL THE YOUNG GENTLEMEN WHAT WOULD BECOME OF YOU IF YOU WERE TO SERVE BAD MEALS TO THIS OUTFIT OF COWPUNCHERS,16000,LibriSpeech dev-clean,validation
librispeech_0912,data\raw\librispeech_sample\librispeech_0912.wav,HOW ASKED TAD,16000,LibriSpeech dev-clean,validation
librispeech_0913,data\raw\librispeech_sample\librispeech_0913.wav,WE HAD BETTER START THE DRIVE THIS MORNING,16000,LibriSpeech dev-clean,validation
librispeech_0914,data\raw\librispeech_sample\librispeech_0914.wav,HE NO DOUBT WOULD BRING FOOD OF SOME KIND WITH HIM,16000,LibriSpeech dev-clean,validation
librispeech_0915,data\raw\librispeech_sample\librispeech_0915.wav,WITH A SHOUT THE BOYS DASHED PELL MELL TO MEET THE PACK TRAIN AND FALLING IN BEHIND THE SLOW MOVING BURROS URGED THEM ON WITH DERISIVE SHOUTS AND SUNDRY RESOUNDING SLAPS ON THE ANIMALS FLANKS,16000,LibriSpeech dev-clean,validation
librispeech_0916,data\raw\librispeech_sample\librispeech_0916.wav,COLD WATER IS THE MOST NOURISHING THING WE'VE TOUCHED SINCE LAST NIGHT,16000,LibriSpeech dev-clean,validation
librispeech_0917,data\raw\librispeech_sample\librispeech_0917.wav,WE DID NOT IT MUST HAVE COME TO LIFE SOME TIME DURING THE NIGHT AND DUG ITS WAY OUT LAUGHED TAD,16000,LibriSpeech dev-clean,validation
librispeech_0918,data\raw\librispeech_sample\librispeech_0918.wav,AND WE'VE GOT A SURPRISE FOR YOU ANNOUNCED STACY SWELLING WITH PRIDE,16000,LibriSpeech dev-clean,validation
librispeech_0919,data\raw\librispeech_sample\librispeech_0919.wav,JAM EXCLAIMED CHUNKY STRETCHING HIS NECK AND EYEING THE DISH LONGINGLY,16000,LibriSpeech dev-clean,validation
librispeech_0920,data\raw\librispeech_sample\librispeech_0920.wav,NOW FALL TO YOUNG GENTLEMEN DIRECTED THE PROFESSOR,16000,LibriSpeech dev-clean,validation
librispeech_0921,data\raw\librispeech_sample\librispeech_0921.wav,I AM FREE TO ADMIT THAT I AM HUNGRY TOO,16000,LibriSpeech dev-clean,validation
librispeech_0922,data\raw\librispeech_sample\librispeech_0922.wav,HE BURIED HIS BISCUIT UNDER A LAYER OF JAM OVER WHICH HE SPREAD A THICK COATING OF HONEY,16000,LibriSpeech dev-clean,validation
librispeech_0923,data\raw\librispeech_sample\librispeech_0923.wav,PRESIDENT BROWN I WITHDRAW MY CRITICISM I OFFER YOU MY HUMBLE APOLOGIES,16000,LibriSpeech dev-clean,validation
librispeech_0924,data\raw\librispeech_sample\librispeech_0924.wav,I RECKON THERE ARE SMILED THE GUIDE WE ARE IN THE BEAR COUNTRY NOW,16000,LibriSpeech dev-clean,validation
librispeech_0925,data\raw\librispeech_sample\librispeech_0925.wav,YES THE COUNTRY IS FULL OF CAVES,16000,LibriSpeech dev-clean,validation
librispeech_0926,data\raw\librispeech_sample\librispeech_0926.wav,THIS ANNOUNCEMENT FILLED THE BOYS WITH EXCITEMENT,16000,LibriSpeech dev-clean,validation
librispeech_0927,data\raw\librispeech_sample\librispeech_0927.wav,BUT I KNOW AN OLD SETTLER WHO WILL LEND US HIS DOG IF IT IS NOT OUT,16000,LibriSpeech dev-clean,validation
librispeech_0928,data\raw\librispeech_sample\librispeech_0928.wav,SUPPER HAVING BEEN FINISHED THE PARTY GATHERED ABOUT THE CAMP FIRE FOR THEIR EVENING CHAT AFTER WHICH ADMONISHING STACY TO KEEP WITHIN HIS TENT AND NOT TO GO BORROWING TROUBLE THE BOYS TURNED IN FOR A SOUND SLEEP,16000,LibriSpeech dev-clean,validation
librispeech_0929,data\raw\librispeech_sample\librispeech_0929.wav,AS YET THEY HAD BEEN UNABLE TO ATTEMPT ANY FANCY RIDING WITH THEIR PONIES OWING TO THE RUGGED NATURE OF THE COUNTRY THROUGH WHICH THEY HAD BEEN JOURNEYING,16000,LibriSpeech dev-clean,validation
librispeech_0930,data\raw\librispeech_sample\librispeech_0930.wav,THE BOYS WERE NOW ALL ANXIETY TO START WHILE THE PONIES AFTER THEIR SUNDAY REST WERE ALMOST AS FULL OF LIFE AS WERE THEIR OWNERS,16000,LibriSpeech dev-clean,validation
librispeech_0931,data\raw\librispeech_sample\librispeech_0931.wav,THE LITTLE ANIMALS WERE BECOMING MORE SURE FOOTED EVERY DAY AND NED SAID THAT BEFORE THE TRIP WAS FINISHED JIMMIE WOULD BE ABLE TO WALK A SLACK ROPE,16000,LibriSpeech dev-clean,validation
librispeech_0932,data\raw\librispeech_sample\librispeech_0932.wav,AN EARLY START WAS MADE SO THAT THE PARTY REACHED THE PROMISED TABLE LANDS SHORTLY BEFORE TEN O'CLOCK IN THE FORENOON,16000,LibriSpeech dev-clean,validation
librispeech_0933,data\raw\librispeech_sample\librispeech_0933.wav,A TEMPORARY CAMP WAS QUICKLY PITCHED,16000,LibriSpeech dev-clean,validation
librispeech_0934,data\raw\librispeech_sample\librispeech_0934.wav,THE GREAT GREEN FIELD SURROUNDED ON ALL SIDES BY TALL TREES MADE THE PLACE AN IDEAL ONE FOR THEIR PURPOSE,16000,LibriSpeech dev-clean,validation
librispeech_0935,data\raw\librispeech_sample\librispeech_0935.wav,IT WAS A BEAUTIFUL RACE THE LITTLE INDIAN PONIES SEEMING TO ENTER THOROUGHLY INTO THE SPIRIT OF THE CONTEST STRETCHING THEMSELVES OUT TO THEIR FULL LENGTHS AND WITH HEADS ON A LEVEL WITH THEIR BACKS FAIRLY FLEW ACROSS THE GREAT PLOT OF GREEN,16000,LibriSpeech dev-clean,validation
librispeech_0936,data\raw\librispeech_sample\librispeech_0936.wav,ALL AGREED THAT TAD'S SUPERIOR HORSEMANSHIP ALONE HAD WON THE RACE FOR HIM,16000,LibriSpeech dev-clean,validation
librispeech_0937,data\raw\librispeech_sample\librispeech_0937.wav,GALLOPING INTO CAMP THE BOY FETCHED HIS SOMBRERO WHICH HE CARRIED WELL OUT INTO THE FIELD AND TOSSED AWAY,16000,LibriSpeech dev-clean,validation
librispeech_0938,data\raw\librispeech_sample\librispeech_0938.wav,THEN BIDDING THE BOYS RIDE UP NEAR THE SPOT TO WATCH HIM HE DREW OFF SOME TEN RODS AND WHEELING SPURRED HIS PONY TO A RUN,16000,LibriSpeech dev-clean,validation
librispeech_0939,data\raw\librispeech_sample\librispeech_0939.wav,GRASPING THE POMMEL WITH THE LEFT HAND HE APPEARED TO DIVE HEAD FIRST TOWARD THE GROUND,16000,LibriSpeech dev-clean,validation
librispeech_0940,data\raw\librispeech_sample\librispeech_0940.wav,THEY SAW HIS LONG HAIR ALMOST BRUSH THE GRASS ONE OF HIS HANDS SWEPT DOWN AND UP AND ONCE MORE TAD BUTLER ROSE STANDING IN HIS STIRRUPS UTTERING A COWBOY YELL AS HE WAVED THE SOMBRERO ON HIGH,16000,LibriSpeech dev-clean,validation
librispeech_0941,data\raw\librispeech_sample\librispeech_0941.wav,THE BOYS HOWLED WITH DELIGHT THAT IS ALL DID SAVE STACY BROWN,16000,LibriSpeech dev-clean,validation
librispeech_0942,data\raw\librispeech_sample\librispeech_0942.wav,TAD IS AN EXPERIENCED RIDER,16000,LibriSpeech dev-clean,validation
librispeech_0943,data\raw\librispeech_sample\librispeech_0943.wav,THE FIRST TIME HE RODE SWIFTLY BY IT LEANING OVER TO LOOK AT THE HAT AS HE PASSED HOLDING TO THE POMMEL FIRMLY WITH HIS LEFT HAND,16000,LibriSpeech dev-clean,validation
librispeech_0944,data\raw\librispeech_sample\librispeech_0944.wav,WHAT'S THAT FOR DEMANDED NED WONDERINGLY,16000,LibriSpeech dev-clean,validation
librispeech_0945,data\raw\librispeech_sample\librispeech_0945.wav,HAT TOO CLOSE TO ME I COULDN'T GET IT EXPLAINED CHUNKY THE BOYS ROARED,16000,LibriSpeech dev-clean,validation
librispeech_0946,data\raw\librispeech_sample\librispeech_0946.wav,WHY DON'T YOU MOVE THE PONY,16000,LibriSpeech dev-clean,validation
librispeech_0947,data\raw\librispeech_sample\librispeech_0947.wav,ONCE MORE STACY APPROACHED THE SOMBRERO HIS PONY RUNNING WELL AND AS HE DREW NEAR IT THEY SAW HIM RISE IN HIS SADDLE JUST AS TAD BUTLER HAD DONE A FEW MINUTES BEFORE,16000,LibriSpeech dev-clean,validation
librispeech_0948,data\raw\librispeech_sample\librispeech_0948.wav,AT THE MOMENT WHEN HE FREED HIS LEFT FOOT FROM THE STIRRUP HE THREW HIS BODY SHARPLY TO THE RIGHT REACHING FOR THE HAT WITHOUT TAKING THE PRECAUTION TO GRASP THE POMMEL,16000,LibriSpeech dev-clean,validation
librispeech_0949,data\raw\librispeech_sample\librispeech_0949.wav,AS A RESULT INSTEAD OF STOPPING WHEN HE REACHED THE HAT THE BOY KEPT ON GOING,16000,LibriSpeech dev-clean,validation
librispeech_0950,data\raw\librispeech_sample\librispeech_0950.wav,IT HAD NO ORNAMENTATION BEING EXCEEDINGLY PLAIN IN APPEARANCE,16000,LibriSpeech dev-clean,validation
librispeech_0951,data\raw\librispeech_sample\librispeech_0951.wav,HERE SAID ONE OF THEIR GUIDES AS THE PROCESSION HALTED BEFORE THE LITTLE STONE BUILDING IS THE PALACE OF TOURMALINE WHO IS OUR QUEEN,16000,LibriSpeech dev-clean,validation
librispeech_0952,data\raw\librispeech_sample\librispeech_0952.wav,WHAT THAT LITTLE CABIN,16000,LibriSpeech dev-clean,validation
librispeech_0953,data\raw\librispeech_sample\librispeech_0953.wav,EXCLAIMED TROT OF COURSE,16000,LibriSpeech dev-clean,validation
librispeech_0954,data\raw\librispeech_sample\librispeech_0954.wav,DID YOU SUPPOSE A PALACE WOULD BE LIKE ONE OF OUR HANDSOME RESIDENCES ASKED THE WOMAN EVIDENTLY SURPRISED,16000,LibriSpeech dev-clean,validation
librispeech_0955,data\raw\librispeech_sample\librispeech_0955.wav,THESE INTRUDERS ARE VERY PECULIAR PEOPLE REMARKED A MAN IN THE CROWD,16000,LibriSpeech dev-clean,validation
librispeech_0956,data\raw\librispeech_sample\librispeech_0956.wav,THEY SEEM VERY IGNORANT POOR THINGS SAID ANOTHER IN REPLY,16000,LibriSpeech dev-clean,validation
librispeech_0957,data\raw\librispeech_sample\librispeech_0957.wav,THE PEOPLE MUST WAIT OUTSIDE FOR THERE IS NO ROOM FOR THEM IN THE PALACE,16000,LibriSpeech dev-clean,validation
librispeech_0958,data\raw\librispeech_sample\librispeech_0958.wav,SO THEY FOLLOWED HER THROUGH THE LOW ARCHWAY AND IN A ROOM BEYOND VERY SIMPLY FURNISHED SAT A YOUNG GIRL ENGAGED IN DARNING A PAIR OF PINK STOCKINGS,16000,LibriSpeech dev-clean,validation
librispeech_0959,data\raw\librispeech_sample\librispeech_0959.wav,SHE WAS A BEAUTIFUL GIRL OF ABOUT SEVENTEEN YEARS OF AGE NOT FAT LIKE ALL THE REST OF THE PINKIES BUT SLENDER AND WELL FORMED ACCORDING TO OUR OWN IDEAS OF BEAUTY,16000,LibriSpeech dev-clean,validation
librispeech_0960,data\raw\librispeech_sample\librispeech_0960.wav,HER COMPLEXION WAS NOT A DECIDED PINK BUT A SOFT ROSY TINT NOT MUCH DEEPER THAN THAT OF TROT'S SKIN,16000,LibriSpeech dev-clean,validation
librispeech_0961,data\raw\librispeech_sample\librispeech_0961.wav,WHAT IS IT CORALIE SHE ASKED THE WOMAN,16000,LibriSpeech dev-clean,validation
librispeech_0962,data\raw\librispeech_sample\librispeech_0962.wav,THE QUEEN GAZED UPON OUR FRIENDS WITH EVIDENT INTEREST,16000,LibriSpeech dev-clean,validation
librispeech_0963,data\raw\librispeech_sample\librispeech_0963.wav,SHE SMILED A LITTLE SADLY AT TROT SEEMED TO APPROVE BUTTON BRIGHT'S OPEN FRANK FACE AND WAS QUITE SURPRISED BECAUSE CAP'N BILL WAS SO MUCH BIGGER THAN HER OWN PEOPLE,16000,LibriSpeech dev-clean,validation
librispeech_0964,data\raw\librispeech_sample\librispeech_0964.wav,ARE YOU A GIANT,16000,LibriSpeech dev-clean,validation
librispeech_0965,data\raw\librispeech_sample\librispeech_0965.wav,PERHAPS YOU ARE TRYING TO RIDICULE ME SHE CONTINUED REGARDING THE SAILOR'S FACE CLOSELY,16000,LibriSpeech dev-clean,validation
librispeech_0966,data\raw\librispeech_sample\librispeech_0966.wav,THERE IS NOTHING MAJESTIC ABOUT ME AS YOU KNOW VERY WELL,16000,LibriSpeech dev-clean,validation
librispeech_0967,data\raw\librispeech_sample\librispeech_0967.wav,CORALIE DO YOU CONSIDER MAJESTY A PROPER WORD TO USE WHEN ADDRESSING A QUEEN,16000,LibriSpeech dev-clean,validation
librispeech_0968,data\raw\librispeech_sample\librispeech_0968.wav,EVEN IN AMERICA EVER'BODY BOWS LOW TO OUR PRESIDENT AN THE BLUESKINS ARE SO FRAID O THEIR BOOLOOROO THAT THEY TREMBLE WHENEVER THEY GO NEAR HIM,16000,LibriSpeech dev-clean,validation
librispeech_0969,data\raw\librispeech_sample\librispeech_0969.wav,BUT SURELY THAT IS ALL WRONG SAID TOURMALINE GRAVELY,16000,LibriSpeech dev-clean,validation
librispeech_0970,data\raw\librispeech_sample\librispeech_0970.wav,THEREFORE I AM A MERE AGENT TO DIRECT THE LAWS WHICH ARE THE WILL OF THE PEOPLE AND AM ONLY A PUBLIC SERVANT OBLIGED CONSTANTLY TO GUARD THE WELFARE OF MY SUBJECTS,16000,LibriSpeech dev-clean,validation
librispeech_0971,data\raw\librispeech_sample\librispeech_0971.wav,IN THAT CASE SAID BUTTON BRIGHT YOU'RE ENTITLED TO THE BEST THERE IS TO PAY FOR YOUR TROUBLE,16000,LibriSpeech dev-clean,validation
librispeech_0972,data\raw\librispeech_sample\librispeech_0972.wav,IF I LIVED AS LUXURIOUSLY AS MY PEOPLE DO AND HAD SERVANTS AND COSTLY GOWNS THE GOOD PINKIES WOULD SAY THAT THEIR QUEEN HAD MORE THAN THEY THEMSELVES AND IT WOULD BE TRUE,16000,LibriSpeech dev-clean,validation
librispeech_0973,data\raw\librispeech_sample\librispeech_0973.wav,NO OUR WAY IS BEST,16000,LibriSpeech dev-clean,validation
librispeech_0974,data\raw\librispeech_sample\librispeech_0974.wav,THE QUEEN HAS NOTHING BUT THE POWER TO EXECUTE THE LAWS TO ADJUST GRIEVANCES AND TO COMPEL ORDER,16000,LibriSpeech dev-clean,validation
librispeech_0975,data\raw\librispeech_sample\librispeech_0975.wav,I HAVE ONE GREAT PRIVILEGE,16000,LibriSpeech dev-clean,validation
librispeech_0976,data\raw\librispeech_sample\librispeech_0976.wav,AFTER MY DEATH A PINK MARBLE STATUE OF ME WILL BE SET UP IN THE GRAND COURT WITH THE STATUES OF THE OTHER KINGS AND QUEENS WHO HAVE RULED THIS LAND AND ALL THE PINKIES IN AGES TO COME WILL THEN HONOR ME AS HAVING BEEN A JUST AND UPRIGHT QUEEN THAT IS MY REWARD,16000,LibriSpeech dev-clean,validation
librispeech_0977,data\raw\librispeech_sample\librispeech_0977.wav,A MISFORTUNE OF BIRTH PLACED ME HERE AND I CANNOT ESCAPE MY FATE,16000,LibriSpeech dev-clean,validation
librispeech_0978,data\raw\librispeech_sample\librispeech_0978.wav,IT IS MUCH MORE DESIRABLE TO BE A PRIVATE CITIZEN HAPPY AND CARE FREE,16000,LibriSpeech dev-clean,validation
librispeech_0979,data\raw\librispeech_sample\librispeech_0979.wav,YES IT WAS WET AN STICKY ALL RIGHT AGREED THE SAILOR BUT THE BIG FROG HELPED US AN WE GOT THROUGH ALL RIGHT,16000,LibriSpeech dev-clean,validation
librispeech_0980,data\raw\librispeech_sample\librispeech_0980.wav,YOU ARE NOT LIKE MY PEOPLE THE PINKIES AND THERE IS NO PLACE FOR YOU IN OUR COUNTRY,16000,LibriSpeech dev-clean,validation
librispeech_0981,data\raw\librispeech_sample\librispeech_0981.wav,IN ALL OUR HISTORY YOU ARE THE FIRST PEOPLE FROM OUTSIDE OUR BORDERS WHO HAVE EVER STEPPED A FOOT IN OUR LAND,16000,LibriSpeech dev-clean,validation
librispeech_0982,data\raw\librispeech_sample\librispeech_0982.wav,WE DO NOT HATE YOU AS YOU SAY THE BLUESKINS DO NOR ARE WE SAVAGE OR CRUEL BUT WE DO NOT WANT YOU HERE AND I AM REALLY PUZZLED WHAT TO DO WITH YOU,16000,LibriSpeech dev-clean,validation
librispeech_0983,data\raw\librispeech_sample\librispeech_0983.wav,I'LL LOOK IN THE GREAT BOOK FIRST,16000,LibriSpeech dev-clean,validation
librispeech_0984,data\raw\librispeech_sample\librispeech_0984.wav,IT WAS ABOUT NOON WHEN CAPTAIN WAVERLEY ENTERED THE STRAGGLING VILLAGE OR RATHER HAMLET OF TULLY VEOLAN CLOSE TO WHICH WAS SITUATED THE MANSION OF THE PROPRIETOR,16000,LibriSpeech dev-clean,validation
librispeech_0985,data\raw\librispeech_sample\librispeech_0985.wav,THE HOUSES SEEMED MISERABLE IN THE EXTREME ESPECIALLY TO AN EYE ACCUSTOMED TO THE SMILING NEATNESS OF ENGLISH COTTAGES,16000,LibriSpeech dev-clean,validation
librispeech_0986,data\raw\librispeech_sample\librispeech_0986.wav,OCCASIONALLY INDEED WHEN SUCH A CONSUMMATION SEEMED INEVITABLE A WATCHFUL OLD GRANDAM WITH HER CLOSE CAP DISTAFF AND SPINDLE RUSHED LIKE A SIBYL IN FRENZY OUT OF ONE OF THESE MISERABLE CELLS DASHED INTO THE MIDDLE OF THE PATH AND SNATCHING UP HER OWN CHARGE FROM AMONG THE SUNBURNT LOITERERS SALUTED HIM WITH A SOUND CUFF AND TRANSPORTED HIM BACK TO HIS DUNGEON THE LITTLE WHITE HEADED VARLET SCREAMING ALL THE WHILE FROM THE VERY TOP OF HIS LUNGS A SHRILLY TREBLE TO THE GROWLING REMONSTRANCES OF THE ENRAGED MATRON,16000,LibriSpeech dev-clean,validation
librispeech_0987,data\raw\librispeech_sample\librispeech_0987.wav,THE EVIL AND REMEDY SUCH AS IT IS STILL EXIST BUT THIS IS REMOTE FROM OUR PRESENT PURPOSE AND IS ONLY THROWN OUT FOR CONSIDERATION OF THE COLLECTORS UNDER MISTER DENT'S DOG BILL,16000,LibriSpeech dev-clean,validation
librispeech_0988,data\raw\librispeech_sample\librispeech_0988.wav,YET THE PHYSIOGNOMY OF THE PEOPLE WHEN MORE CLOSELY EXAMINED WAS FAR FROM EXHIBITING THE INDIFFERENCE OF STUPIDITY THEIR FEATURES WERE ROUGH BUT REMARKABLY INTELLIGENT GRAVE BUT THE VERY REVERSE OF STUPID AND FROM AMONG THE YOUNG WOMEN AN ARTIST MIGHT HAVE CHOSEN MORE THAN ONE MODEL WHOSE FEATURES AND FORM RESEMBLED THOSE OF MINERVA,16000,LibriSpeech dev-clean,validation
librispeech_0989,data\raw\librispeech_sample\librispeech_0989.wav,THIS AVENUE WAS STRAIGHT AND OF MODERATE LENGTH RUNNING BETWEEN A DOUBLE ROW OF VERY ANCIENT HORSE CHESTNUTS PLANTED ALTERNATELY WITH SYCAMORES WHICH ROSE TO SUCH HUGE HEIGHT AND NOURISHED SO LUXURIANTLY THAT THEIR BOUGHS COMPLETELY OVER ARCHED THE BROAD ROAD BENEATH,16000,LibriSpeech dev-clean,validation
librispeech_0990,data\raw\librispeech_sample\librispeech_0990.wav,IT WAS ONE OF THOSE EFFECTS WHICH A PAINTER LOVES TO REPRESENT AND MINGLED WELL WITH THE STRUGGLING LIGHT WHICH FOUND ITS WAY BETWEEN THE BOUGHS OF THE SHADY ARCH THAT VAULTED THE BROAD GREEN ALLEY,16000,LibriSpeech dev-clean,validation
librispeech_0991,data\raw\librispeech_sample\librispeech_0991.wav,THE HOUSE WHICH SEEMED TO CONSIST OF TWO OR THREE HIGH NARROW AND STEEP ROOFED BUILDINGS PROJECTING FROM EACH OTHER AT RIGHT ANGLES FORMED ONE SIDE OF THE INCLOSURE,16000,LibriSpeech dev-clean,validation
librispeech_0992,data\raw\librispeech_sample\librispeech_0992.wav,IT HAD BEEN BUILT AT A PERIOD WHEN CASTLES WERE NO LONGER NECESSARY AND WHEN THE SCOTTISH ARCHITECTS HAD NOT YET ACQUIRED THE ART OF DESIGNING A DOMESTIC RESIDENCE,16000,LibriSpeech dev-clean,validation
librispeech_0993,data\raw\librispeech_sample\librispeech_0993.wav,NEITHER DID THE FRONT INDICATE ABSOLUTE SECURITY FROM DANGER,16000,LibriSpeech dev-clean,validation
librispeech_0994,data\raw\librispeech_sample\librispeech_0994.wav,STABLES AND OTHER OFFICES OCCUPIED ANOTHER SIDE OF THE SQUARE,16000,LibriSpeech dev-clean,validation
librispeech_0995,data\raw\librispeech_sample\librispeech_0995.wav,TWO BATTLEMENTED WALLS ONE OF WHICH FACED THE AVENUE AND THE OTHER DIVIDED THE COURT FROM THE GARDEN COMPLETED THE INCLOSURE,16000,LibriSpeech dev-clean,validation
librispeech_0996,data\raw\librispeech_sample\librispeech_0996.wav,THIS WORK OF ART WAS THE WONDER OF THE COUNTRY TEN MILES ROUND,16000,LibriSpeech dev-clean,validation
librispeech_0997,data\raw\librispeech_sample\librispeech_0997.wav,THE COURT WAS SPACIOUS WELL PAVED AND PERFECTLY CLEAN THERE BEING PROBABLY ANOTHER ENTRANCE BEHIND THE STABLES FOR REMOVING THE LITTER,16000,LibriSpeech dev-clean,validation
librispeech_0998,data\raw\librispeech_sample\librispeech_0998.wav,EVERYTHING AROUND APPEARED SOLITARY AND WOULD HAVE BEEN SILENT BUT FOR THE CONTINUED PLASHING OF THE FOUNTAIN AND THE WHOLE SCENE STILL MAINTAINED THE MONASTIC ILLUSION WHICH THE FANCY OF WAVERLEY HAD CONJURED UP,16000,LibriSpeech dev-clean,validation
librispeech_0999,data\raw\librispeech_sample\librispeech_0999.wav,CHAPTER THIRTY THREE A CONFIDANT,16000,LibriSpeech dev-clean,validation
