audio_id,mfcc_path,mel_spectrogram_path,pitch_path,tempo_path,sample_rate,duration_seconds,mfcc_shape,mel_spectrogram_shape,pitch_shape,tempo_shape,feature_format
librispeech_0000,data\features\audio_npy\librispeech_0000_mfcc.npy,data\features\audio_npy\librispeech_0000_mel_spectrogram.npy,data\features\audio_npy\librispeech_0000_pitch.npy,data\features\audio_npy\librispeech_0000_tempo.npy,16000,6.59,"(13, 206)","(128, 206)","(201,)","(1,)",npy
librispeech_0001,data\features\audio_npy\librispeech_0001_mfcc.npy,data\features\audio_npy\librispeech_0001_mel_spectrogram.npy,data\features\audio_npy\librispeech_0001_pitch.npy,data\features\audio_npy\librispeech_0001_tempo.npy,16000,7.145,"(13, 224)","(128, 224)","(222,)","(1,)",npy
librispeech_0002,data\features\audio_npy\librispeech_0002_mfcc.npy,data\features\audio_npy\librispeech_0002_mel_spectrogram.npy,data\features\audio_npy\librispeech_0002_pitch.npy,data\features\audio_npy\librispeech_0002_tempo.npy,16000,4.835,"(13, 152)","(128, 152)","(150,)","(1,)",npy
librispeech_0003,data\features\audio_npy\librispeech_0003_mfcc.npy,data\features\audio_npy\librispeech_0003_mel_spectrogram.npy,data\features\audio_npy\librispeech_0003_pitch.npy,data\features\audio_npy\librispeech_0003_tempo.npy,16000,2.84,"(13, 89)","(128, 89)","(87,)","(1,)",npy
librispeech_0004,data\features\audio_npy\librispeech_0004_mfcc.npy,data\features\audio_npy\librispeech_0004_mel_spectrogram.npy,data\features\audio_npy\librispeech_0004_pitch.npy,data\features\audio_npy\librispeech_0004_tempo.npy,16000,1.955,"(13, 62)","(128, 62)","(62,)","(1,)",npy
librispeech_0005,data\features\audio_npy\librispeech_0005_mfcc.npy,data\features\audio_npy\librispeech_0005_mel_spectrogram.npy,data\features\audio_npy\librispeech_0005_pitch.npy,data\features\audio_npy\librispeech_0005_tempo.npy,16000,5.6,"(13, 176)","(128, 176)","(169,)","(1,)",npy
librispeech_0006,data\features\audio_npy\librispeech_0006_mfcc.npy,data\features\audio_npy\librispeech_0006_mel_spectrogram.npy,data\features\audio_npy\librispeech_0006_pitch.npy,data\features\audio_npy\librispeech_0006_tempo.npy,16000,4.97,"(13, 156)","(128, 156)","(147,)","(1,)",npy
librispeech_0007,data\features\audio_npy\librispeech_0007_mfcc.npy,data\features\audio_npy\librispeech_0007_mel_spectrogram.npy,data\features\audio_npy\librispeech_0007_pitch.npy,data\features\audio_npy\librispeech_0007_tempo.npy,16000,5.375,"(13, 168)","(128, 168)","(167,)","(1,)",npy
librispeech_0008,data\features\audio_npy\librispeech_0008_mfcc.npy,data\features\audio_npy\librispeech_0008_mel_spectrogram.npy,data\features\audio_npy\librispeech_0008_pitch.npy,data\features\audio_npy\librispeech_0008_tempo.npy,16000,6.94,"(13, 217)","(128, 217)","(212,)","(1,)",npy
librispeech_0009,data\features\audio_npy\librispeech_0009_mfcc.npy,data\features\audio_npy\librispeech_0009_mel_spectrogram.npy,data\features\audio_npy\librispeech_0009_pitch.npy,data\features\audio_npy\librispeech_0009_tempo.npy,16000,5.815,"(13, 182)","(128, 182)","(174,)","(1,)",npy
librispeech_0010,data\features\audio_npy\librispeech_0010_mfcc.npy,data\features\audio_npy\librispeech_0010_mel_spectrogram.npy,data\features\audio_npy\librispeech_0010_pitch.npy,data\features\audio_npy\librispeech_0010_tempo.npy,16000,5.275,"(13, 165)","(128, 165)","(159,)","(1,)",npy
librispeech_0011,data\features\audio_npy\librispeech_0011_mfcc.npy,data\features\audio_npy\librispeech_0011_mel_spectrogram.npy,data\features\audio_npy\librispeech_0011_pitch.npy,data\features\audio_npy\librispeech_0011_tempo.npy,16000,4.465,"(13, 140)","(128, 140)","(138,)","(1,)",npy
librispeech_0012,data\features\audio_npy\librispeech_0012_mfcc.npy,data\features\audio_npy\librispeech_0012_mel_spectrogram.npy,data\features\audio_npy\librispeech_0012_pitch.npy,data\features\audio_npy\librispeech_0012_tempo.npy,16000,2.495,"(13, 78)","(128, 78)","(76,)","(1,)",npy
librispeech_0013,data\features\audio_npy\librispeech_0013_mfcc.npy,data\features\audio_npy\librispeech_0013_mel_spectrogram.npy,data\features\audio_npy\librispeech_0013_pitch.npy,data\features\audio_npy\librispeech_0013_tempo.npy,16000,6.09,"(13, 191)","(128, 191)","(179,)","(1,)",npy
librispeech_0014,data\features\audio_npy\librispeech_0014_mfcc.npy,data\features\audio_npy\librispeech_0014_mel_spectrogram.npy,data\features\audio_npy\librispeech_0014_pitch.npy,data\features\audio_npy\librispeech_0014_tempo.npy,16000,4.07,"(13, 128)","(128, 128)","(127,)","(1,)",npy
librispeech_0015,data\features\audio_npy\librispeech_0015_mfcc.npy,data\features\audio_npy\librispeech_0015_mel_spectrogram.npy,data\features\audio_npy\librispeech_0015_pitch.npy,data\features\audio_npy\librispeech_0015_tempo.npy,16000,3.675,"(13, 115)","(128, 115)","(110,)","(1,)",npy
librispeech_0016,data\features\audio_npy\librispeech_0016_mfcc.npy,data\features\audio_npy\librispeech_0016_mel_spectrogram.npy,data\features\audio_npy\librispeech_0016_pitch.npy,data\features\audio_npy\librispeech_0016_tempo.npy,16000,2.785,"(13, 88)","(128, 88)","(88,)","(1,)",npy
librispeech_0017,data\features\audio_npy\librispeech_0017_mfcc.npy,data\features\audio_npy\librispeech_0017_mel_spectrogram.npy,data\features\audio_npy\librispeech_0017_pitch.npy,data\features\audio_npy\librispeech_0017_tempo.npy,16000,4.985,"(13, 156)","(128, 156)","(155,)","(1,)",npy
librispeech_0018,data\features\audio_npy\librispeech_0018_mfcc.npy,data\features\audio_npy\librispeech_0018_mel_spectrogram.npy,data\features\audio_npy\librispeech_0018_pitch.npy,data\features\audio_npy\librispeech_0018_tempo.npy,16000,4.545,"(13, 143)","(128, 143)","(141,)","(1,)",npy
librispeech_0019,data\features\audio_npy\librispeech_0019_mfcc.npy,data\features\audio_npy\librispeech_0019_mel_spectrogram.npy,data\features\audio_npy\librispeech_0019_pitch.npy,data\features\audio_npy\librispeech_0019_tempo.npy,16000,3.56,"(13, 112)","(128, 112)","(112,)","(1,)",npy
librispeech_0020,data\features\audio_npy\librispeech_0020_mfcc.npy,data\features\audio_npy\librispeech_0020_mel_spectrogram.npy,data\features\audio_npy\librispeech_0020_pitch.npy,data\features\audio_npy\librispeech_0020_tempo.npy,16000,5.285,"(13, 166)","(128, 166)","(164,)","(1,)",npy
librispeech_0021,data\features\audio_npy\librispeech_0021_mfcc.npy,data\features\audio_npy\librispeech_0021_mel_spectrogram.npy,data\features\audio_npy\librispeech_0021_pitch.npy,data\features\audio_npy\librispeech_0021_tempo.npy,16000,3.37,"(13, 106)","(128, 106)","(106,)","(1,)",npy
librispeech_0022,data\features\audio_npy\librispeech_0022_mfcc.npy,data\features\audio_npy\librispeech_0022_mel_spectrogram.npy,data\features\audio_npy\librispeech_0022_pitch.npy,data\features\audio_npy\librispeech_0022_tempo.npy,16000,3.38,"(13, 106)","(128, 106)","(102,)","(1,)",npy
librispeech_0023,data\features\audio_npy\librispeech_0023_mfcc.npy,data\features\audio_npy\librispeech_0023_mel_spectrogram.npy,data\features\audio_npy\librispeech_0023_pitch.npy,data\features\audio_npy\librispeech_0023_tempo.npy,16000,3.89,"(13, 122)","(128, 122)","(117,)","(1,)",npy
librispeech_0024,data\features\audio_npy\librispeech_0024_mfcc.npy,data\features\audio_npy\librispeech_0024_mel_spectrogram.npy,data\features\audio_npy\librispeech_0024_pitch.npy,data\features\audio_npy\librispeech_0024_tempo.npy,16000,4.5,"(13, 141)","(128, 141)","(133,)","(1,)",npy
librispeech_0025,data\features\audio_npy\librispeech_0025_mfcc.npy,data\features\audio_npy\librispeech_0025_mel_spectrogram.npy,data\features\audio_npy\librispeech_0025_pitch.npy,data\features\audio_npy\librispeech_0025_tempo.npy,16000,3.4,"(13, 107)","(128, 107)","(105,)","(1,)",npy
librispeech_0026,data\features\audio_npy\librispeech_0026_mfcc.npy,data\features\audio_npy\librispeech_0026_mel_spectrogram.npy,data\features\audio_npy\librispeech_0026_pitch.npy,data\features\audio_npy\librispeech_0026_tempo.npy,16000,4.92,"(13, 154)","(128, 154)","(154,)","(1,)",npy
librispeech_0027,data\features\audio_npy\librispeech_0027_mfcc.npy,data\features\audio_npy\librispeech_0027_mel_spectrogram.npy,data\features\audio_npy\librispeech_0027_pitch.npy,data\features\audio_npy\librispeech_0027_tempo.npy,16000,3.595,"(13, 113)","(128, 113)","(111,)","(1,)",npy
librispeech_0028,data\features\audio_npy\librispeech_0028_mfcc.npy,data\features\audio_npy\librispeech_0028_mel_spectrogram.npy,data\features\audio_npy\librispeech_0028_pitch.npy,data\features\audio_npy\librispeech_0028_tempo.npy,16000,2.9,"(13, 91)","(128, 91)","(91,)","(1,)",npy
librispeech_0029,data\features\audio_npy\librispeech_0029_mfcc.npy,data\features\audio_npy\librispeech_0029_mel_spectrogram.npy,data\features\audio_npy\librispeech_0029_pitch.npy,data\features\audio_npy\librispeech_0029_tempo.npy,16000,2.6,"(13, 82)","(128, 82)","(81,)","(1,)",npy
librispeech_0030,data\features\audio_npy\librispeech_0030_mfcc.npy,data\features\audio_npy\librispeech_0030_mel_spectrogram.npy,data\features\audio_npy\librispeech_0030_pitch.npy,data\features\audio_npy\librispeech_0030_tempo.npy,16000,6.3,"(13, 197)","(128, 197)","(195,)","(1,)",npy
librispeech_0031,data\features\audio_npy\librispeech_0031_mfcc.npy,data\features\audio_npy\librispeech_0031_mel_spectrogram.npy,data\features\audio_npy\librispeech_0031_pitch.npy,data\features\audio_npy\librispeech_0031_tempo.npy,16000,3.61,"(13, 113)","(128, 113)","(113,)","(1,)",npy
librispeech_0032,data\features\audio_npy\librispeech_0032_mfcc.npy,data\features\audio_npy\librispeech_0032_mel_spectrogram.npy,data\features\audio_npy\librispeech_0032_pitch.npy,data\features\audio_npy\librispeech_0032_tempo.npy,16000,10.77,"(13, 337)","(128, 337)","(321,)","(1,)",npy
librispeech_0033,data\features\audio_npy\librispeech_0033_mfcc.npy,data\features\audio_npy\librispeech_0033_mel_spectrogram.npy,data\features\audio_npy\librispeech_0033_pitch.npy,data\features\audio_npy\librispeech_0033_tempo.npy,16000,2.845,"(13, 89)","(128, 89)","(89,)","(1,)",npy
librispeech_0034,data\features\audio_npy\librispeech_0034_mfcc.npy,data\features\audio_npy\librispeech_0034_mel_spectrogram.npy,data\features\audio_npy\librispeech_0034_pitch.npy,data\features\audio_npy\librispeech_0034_tempo.npy,16000,4.005,"(13, 126)","(128, 126)","(120,)","(1,)",npy
librispeech_0035,data\features\audio_npy\librispeech_0035_mfcc.npy,data\features\audio_npy\librispeech_0035_mel_spectrogram.npy,data\features\audio_npy\librispeech_0035_pitch.npy,data\features\audio_npy\librispeech_0035_tempo.npy,16000,4.395,"(13, 138)","(128, 138)","(134,)","(1,)",npy
librispeech_0036,data\features\audio_npy\librispeech_0036_mfcc.npy,data\features\audio_npy\librispeech_0036_mel_spectrogram.npy,data\features\audio_npy\librispeech_0036_pitch.npy,data\features\audio_npy\librispeech_0036_tempo.npy,16000,2.755,"(13, 87)","(128, 87)","(84,)","(1,)",npy
librispeech_0037,data\features\audio_npy\librispeech_0037_mfcc.npy,data\features\audio_npy\librispeech_0037_mel_spectrogram.npy,data\features\audio_npy\librispeech_0037_pitch.npy,data\features\audio_npy\librispeech_0037_tempo.npy,16000,6.54,"(13, 205)","(128, 205)","(204,)","(1,)",npy
librispeech_0038,data\features\audio_npy\librispeech_0038_mfcc.npy,data\features\audio_npy\librispeech_0038_mel_spectrogram.npy,data\features\audio_npy\librispeech_0038_pitch.npy,data\features\audio_npy\librispeech_0038_tempo.npy,16000,4.84,"(13, 152)","(128, 152)","(139,)","(1,)",npy
librispeech_0039,data\features\audio_npy\librispeech_0039_mfcc.npy,data\features\audio_npy\librispeech_0039_mel_spectrogram.npy,data\features\audio_npy\librispeech_0039_pitch.npy,data\features\audio_npy\librispeech_0039_tempo.npy,16000,5.735,"(13, 180)","(128, 180)","(176,)","(1,)",npy
librispeech_0040,data\features\audio_npy\librispeech_0040_mfcc.npy,data\features\audio_npy\librispeech_0040_mel_spectrogram.npy,data\features\audio_npy\librispeech_0040_pitch.npy,data\features\audio_npy\librispeech_0040_tempo.npy,16000,11.465,"(13, 359)","(128, 359)","(336,)","(1,)",npy
librispeech_0041,data\features\audio_npy\librispeech_0041_mfcc.npy,data\features\audio_npy\librispeech_0041_mel_spectrogram.npy,data\features\audio_npy\librispeech_0041_pitch.npy,data\features\audio_npy\librispeech_0041_tempo.npy,16000,3.385,"(13, 106)","(128, 106)","(101,)","(1,)",npy
librispeech_0042,data\features\audio_npy\librispeech_0042_mfcc.npy,data\features\audio_npy\librispeech_0042_mel_spectrogram.npy,data\features\audio_npy\librispeech_0042_pitch.npy,data\features\audio_npy\librispeech_0042_tempo.npy,16000,7.855,"(13, 246)","(128, 246)","(201,)","(1,)",npy
librispeech_0043,data\features\audio_npy\librispeech_0043_mfcc.npy,data\features\audio_npy\librispeech_0043_mel_spectrogram.npy,data\features\audio_npy\librispeech_0043_pitch.npy,data\features\audio_npy\librispeech_0043_tempo.npy,16000,2.88,"(13, 91)","(128, 91)","(82,)","(1,)",npy
librispeech_0044,data\features\audio_npy\librispeech_0044_mfcc.npy,data\features\audio_npy\librispeech_0044_mel_spectrogram.npy,data\features\audio_npy\librispeech_0044_pitch.npy,data\features\audio_npy\librispeech_0044_tempo.npy,16000,3.725,"(13, 117)","(128, 117)","(116,)","(1,)",npy
librispeech_0045,data\features\audio_npy\librispeech_0045_mfcc.npy,data\features\audio_npy\librispeech_0045_mel_spectrogram.npy,data\features\audio_npy\librispeech_0045_pitch.npy,data\features\audio_npy\librispeech_0045_tempo.npy,16000,3.625,"(13, 114)","(128, 114)","(114,)","(1,)",npy
librispeech_0046,data\features\audio_npy\librispeech_0046_mfcc.npy,data\features\audio_npy\librispeech_0046_mel_spectrogram.npy,data\features\audio_npy\librispeech_0046_pitch.npy,data\features\audio_npy\librispeech_0046_tempo.npy,16000,3.3,"(13, 104)","(128, 104)","(99,)","(1,)",npy
librispeech_0047,data\features\audio_npy\librispeech_0047_mfcc.npy,data\features\audio_npy\librispeech_0047_mel_spectrogram.npy,data\features\audio_npy\librispeech_0047_pitch.npy,data\features\audio_npy\librispeech_0047_tempo.npy,16000,3.09,"(13, 97)","(128, 97)","(96,)","(1,)",npy
librispeech_0048,data\features\audio_npy\librispeech_0048_mfcc.npy,data\features\audio_npy\librispeech_0048_mel_spectrogram.npy,data\features\audio_npy\librispeech_0048_pitch.npy,data\features\audio_npy\librispeech_0048_tempo.npy,16000,4.415,"(13, 138)","(128, 138)","(138,)","(1,)",npy
librispeech_0049,data\features\audio_npy\librispeech_0049_mfcc.npy,data\features\audio_npy\librispeech_0049_mel_spectrogram.npy,data\features\audio_npy\librispeech_0049_pitch.npy,data\features\audio_npy\librispeech_0049_tempo.npy,16000,4.62,"(13, 145)","(128, 145)","(142,)","(1,)",npy
librispeech_0050,data\features\audio_npy\librispeech_0050_mfcc.npy,data\features\audio_npy\librispeech_0050_mel_spectrogram.npy,data\features\audio_npy\librispeech_0050_pitch.npy,data\features\audio_npy\librispeech_0050_tempo.npy,16000,3.04,"(13, 96)","(128, 96)","(95,)","(1,)",npy
librispeech_0051,data\features\audio_npy\librispeech_0051_mfcc.npy,data\features\audio_npy\librispeech_0051_mel_spectrogram.npy,data\features\audio_npy\librispeech_0051_pitch.npy,data\features\audio_npy\librispeech_0051_tempo.npy,16000,6.54,"(13, 205)","(128, 205)","(179,)","(1,)",npy
librispeech_0052,data\features\audio_npy\librispeech_0052_mfcc.npy,data\features\audio_npy\librispeech_0052_mel_spectrogram.npy,data\features\audio_npy\librispeech_0052_pitch.npy,data\features\audio_npy\librispeech_0052_tempo.npy,16000,7.3,"(13, 229)","(128, 229)","(218,)","(1,)",npy
librispeech_0053,data\features\audio_npy\librispeech_0053_mfcc.npy,data\features\audio_npy\librispeech_0053_mel_spectrogram.npy,data\features\audio_npy\librispeech_0053_pitch.npy,data\features\audio_npy\librispeech_0053_tempo.npy,16000,6.745,"(13, 211)","(128, 211)","(197,)","(1,)",npy
librispeech_0054,data\features\audio_npy\librispeech_0054_mfcc.npy,data\features\audio_npy\librispeech_0054_mel_spectrogram.npy,data\features\audio_npy\librispeech_0054_pitch.npy,data\features\audio_npy\librispeech_0054_tempo.npy,16000,4.85,"(13, 152)","(128, 152)","(141,)","(1,)",npy
librispeech_0055,data\features\audio_npy\librispeech_0055_mfcc.npy,data\features\audio_npy\librispeech_0055_mel_spectrogram.npy,data\features\audio_npy\librispeech_0055_pitch.npy,data\features\audio_npy\librispeech_0055_tempo.npy,16000,4.62,"(13, 145)","(128, 145)","(141,)","(1,)",npy
librispeech_0056,data\features\audio_npy\librispeech_0056_mfcc.npy,data\features\audio_npy\librispeech_0056_mel_spectrogram.npy,data\features\audio_npy\librispeech_0056_pitch.npy,data\features\audio_npy\librispeech_0056_tempo.npy,16000,4.685,"(13, 147)","(128, 147)","(143,)","(1,)",npy
librispeech_0057,data\features\audio_npy\librispeech_0057_mfcc.npy,data\features\audio_npy\librispeech_0057_mel_spectrogram.npy,data\features\audio_npy\librispeech_0057_pitch.npy,data\features\audio_npy\librispeech_0057_tempo.npy,16000,10.05,"(13, 315)","(128, 315)","(308,)","(1,)",npy
librispeech_0058,data\features\audio_npy\librispeech_0058_mfcc.npy,data\features\audio_npy\librispeech_0058_mel_spectrogram.npy,data\features\audio_npy\librispeech_0058_pitch.npy,data\features\audio_npy\librispeech_0058_tempo.npy,16000,3.31,"(13, 104)","(128, 104)","(98,)","(1,)",npy
librispeech_0059,data\features\audio_npy\librispeech_0059_mfcc.npy,data\features\audio_npy\librispeech_0059_mel_spectrogram.npy,data\features\audio_npy\librispeech_0059_pitch.npy,data\features\audio_npy\librispeech_0059_tempo.npy,16000,2.935,"(13, 92)","(128, 92)","(90,)","(1,)",npy
librispeech_0060,data\features\audio_npy\librispeech_0060_mfcc.npy,data\features\audio_npy\librispeech_0060_mel_spectrogram.npy,data\features\audio_npy\librispeech_0060_pitch.npy,data\features\audio_npy\librispeech_0060_tempo.npy,16000,4.285,"(13, 134)","(128, 134)","(130,)","(1,)",npy
librispeech_0061,data\features\audio_npy\librispeech_0061_mfcc.npy,data\features\audio_npy\librispeech_0061_mel_spectrogram.npy,data\features\audio_npy\librispeech_0061_pitch.npy,data\features\audio_npy\librispeech_0061_tempo.npy,16000,6.815,"(13, 213)","(128, 213)","(200,)","(1,)",npy
librispeech_0062,data\features\audio_npy\librispeech_0062_mfcc.npy,data\features\audio_npy\librispeech_0062_mel_spectrogram.npy,data\features\audio_npy\librispeech_0062_pitch.npy,data\features\audio_npy\librispeech_0062_tempo.npy,16000,3.515,"(13, 110)","(128, 110)","(109,)","(1,)",npy
librispeech_0063,data\features\audio_npy\librispeech_0063_mfcc.npy,data\features\audio_npy\librispeech_0063_mel_spectrogram.npy,data\features\audio_npy\librispeech_0063_pitch.npy,data\features\audio_npy\librispeech_0063_tempo.npy,16000,3.625,"(13, 114)","(128, 114)","(111,)","(1,)",npy
librispeech_0064,data\features\audio_npy\librispeech_0064_mfcc.npy,data\features\audio_npy\librispeech_0064_mel_spectrogram.npy,data\features\audio_npy\librispeech_0064_pitch.npy,data\features\audio_npy\librispeech_0064_tempo.npy,16000,7.645,"(13, 239)","(128, 239)","(237,)","(1,)",npy
librispeech_0065,data\features\audio_npy\librispeech_0065_mfcc.npy,data\features\audio_npy\librispeech_0065_mel_spectrogram.npy,data\features\audio_npy\librispeech_0065_pitch.npy,data\features\audio_npy\librispeech_0065_tempo.npy,16000,2.55,"(13, 80)","(128, 80)","(75,)","(1,)",npy
librispeech_0066,data\features\audio_npy\librispeech_0066_mfcc.npy,data\features\audio_npy\librispeech_0066_mel_spectrogram.npy,data\features\audio_npy\librispeech_0066_pitch.npy,data\features\audio_npy\librispeech_0066_tempo.npy,16000,4.405,"(13, 138)","(128, 138)","(131,)","(1,)",npy
librispeech_0067,data\features\audio_npy\librispeech_0067_mfcc.npy,data\features\audio_npy\librispeech_0067_mel_spectrogram.npy,data\features\audio_npy\librispeech_0067_pitch.npy,data\features\audio_npy\librispeech_0067_tempo.npy,16000,8.69,"(13, 272)","(128, 272)","(253,)","(1,)",npy
librispeech_0068,data\features\audio_npy\librispeech_0068_mfcc.npy,data\features\audio_npy\librispeech_0068_mel_spectrogram.npy,data\features\audio_npy\librispeech_0068_pitch.npy,data\features\audio_npy\librispeech_0068_tempo.npy,16000,5.065,"(13, 159)","(128, 159)","(151,)","(1,)",npy
librispeech_0069,data\features\audio_npy\librispeech_0069_mfcc.npy,data\features\audio_npy\librispeech_0069_mel_spectrogram.npy,data\features\audio_npy\librispeech_0069_pitch.npy,data\features\audio_npy\librispeech_0069_tempo.npy,16000,12.16,"(13, 381)","(128, 381)","(365,)","(1,)",npy
librispeech_0070,data\features\audio_npy\librispeech_0070_mfcc.npy,data\features\audio_npy\librispeech_0070_mel_spectrogram.npy,data\features\audio_npy\librispeech_0070_pitch.npy,data\features\audio_npy\librispeech_0070_tempo.npy,16000,3.45,"(13, 108)","(128, 108)","(85,)","(1,)",npy
librispeech_0071,data\features\audio_npy\librispeech_0071_mfcc.npy,data\features\audio_npy\librispeech_0071_mel_spectrogram.npy,data\features\audio_npy\librispeech_0071_pitch.npy,data\features\audio_npy\librispeech_0071_tempo.npy,16000,4.42,"(13, 139)","(128, 139)","(125,)","(1,)",npy
librispeech_0072,data\features\audio_npy\librispeech_0072_mfcc.npy,data\features\audio_npy\librispeech_0072_mel_spectrogram.npy,data\features\audio_npy\librispeech_0072_pitch.npy,data\features\audio_npy\librispeech_0072_tempo.npy,16000,3.01,"(13, 95)","(128, 95)","(93,)","(1,)",npy
librispeech_0073,data\features\audio_npy\librispeech_0073_mfcc.npy,data\features\audio_npy\librispeech_0073_mel_spectrogram.npy,data\features\audio_npy\librispeech_0073_pitch.npy,data\features\audio_npy\librispeech_0073_tempo.npy,16000,15.505,"(13, 485)","(128, 485)","(447,)","(1,)",npy
librispeech_0074,data\features\audio_npy\librispeech_0074_mfcc.npy,data\features\audio_npy\librispeech_0074_mel_spectrogram.npy,data\features\audio_npy\librispeech_0074_pitch.npy,data\features\audio_npy\librispeech_0074_tempo.npy,16000,7.04,"(13, 221)","(128, 221)","(207,)","(1,)",npy
librispeech_0075,data\features\audio_npy\librispeech_0075_mfcc.npy,data\features\audio_npy\librispeech_0075_mel_spectrogram.npy,data\features\audio_npy\librispeech_0075_pitch.npy,data\features\audio_npy\librispeech_0075_tempo.npy,16000,5.095,"(13, 160)","(128, 160)","(141,)","(1,)",npy
librispeech_0076,data\features\audio_npy\librispeech_0076_mfcc.npy,data\features\audio_npy\librispeech_0076_mel_spectrogram.npy,data\features\audio_npy\librispeech_0076_pitch.npy,data\features\audio_npy\librispeech_0076_tempo.npy,16000,7.7,"(13, 241)","(128, 241)","(219,)","(1,)",npy
librispeech_0077,data\features\audio_npy\librispeech_0077_mfcc.npy,data\features\audio_npy\librispeech_0077_mel_spectrogram.npy,data\features\audio_npy\librispeech_0077_pitch.npy,data\features\audio_npy\librispeech_0077_tempo.npy,16000,3.215,"(13, 101)","(128, 101)","(90,)","(1,)",npy
librispeech_0078,data\features\audio_npy\librispeech_0078_mfcc.npy,data\features\audio_npy\librispeech_0078_mel_spectrogram.npy,data\features\audio_npy\librispeech_0078_pitch.npy,data\features\audio_npy\librispeech_0078_tempo.npy,16000,6.37,"(13, 200)","(128, 200)","(173,)","(1,)",npy
librispeech_0079,data\features\audio_npy\librispeech_0079_mfcc.npy,data\features\audio_npy\librispeech_0079_mel_spectrogram.npy,data\features\audio_npy\librispeech_0079_pitch.npy,data\features\audio_npy\librispeech_0079_tempo.npy,16000,2.745,"(13, 86)","(128, 86)","(83,)","(1,)",npy
librispeech_0080,data\features\audio_npy\librispeech_0080_mfcc.npy,data\features\audio_npy\librispeech_0080_mel_spectrogram.npy,data\features\audio_npy\librispeech_0080_pitch.npy,data\features\audio_npy\librispeech_0080_tempo.npy,16000,4.4,"(13, 138)","(128, 138)","(123,)","(1,)",npy
librispeech_0081,data\features\audio_npy\librispeech_0081_mfcc.npy,data\features\audio_npy\librispeech_0081_mel_spectrogram.npy,data\features\audio_npy\librispeech_0081_pitch.npy,data\features\audio_npy\librispeech_0081_tempo.npy,16000,5.385,"(13, 169)","(128, 169)","(156,)","(1,)",npy
librispeech_0082,data\features\audio_npy\librispeech_0082_mfcc.npy,data\features\audio_npy\librispeech_0082_mel_spectrogram.npy,data\features\audio_npy\librispeech_0082_pitch.npy,data\features\audio_npy\librispeech_0082_tempo.npy,16000,3.35,"(13, 105)","(128, 105)","(100,)","(1,)",npy
librispeech_0083,data\features\audio_npy\librispeech_0083_mfcc.npy,data\features\audio_npy\librispeech_0083_mel_spectrogram.npy,data\features\audio_npy\librispeech_0083_pitch.npy,data\features\audio_npy\librispeech_0083_tempo.npy,16000,7.42,"(13, 232)","(128, 232)","(197,)","(1,)",npy
librispeech_0084,data\features\audio_npy\librispeech_0084_mfcc.npy,data\features\audio_npy\librispeech_0084_mel_spectrogram.npy,data\features\audio_npy\librispeech_0084_pitch.npy,data\features\audio_npy\librispeech_0084_tempo.npy,16000,2.465,"(13, 78)","(128, 78)","(62,)","(1,)",npy
librispeech_0085,data\features\audio_npy\librispeech_0085_mfcc.npy,data\features\audio_npy\librispeech_0085_mel_spectrogram.npy,data\features\audio_npy\librispeech_0085_pitch.npy,data\features\audio_npy\librispeech_0085_tempo.npy,16000,5.08,"(13, 159)","(128, 159)","(134,)","(1,)",npy
librispeech_0086,data\features\audio_npy\librispeech_0086_mfcc.npy,data\features\audio_npy\librispeech_0086_mel_spectrogram.npy,data\features\audio_npy\librispeech_0086_pitch.npy,data\features\audio_npy\librispeech_0086_tempo.npy,16000,3.16,"(13, 99)","(128, 99)","(90,)","(1,)",npy
librispeech_0087,data\features\audio_npy\librispeech_0087_mfcc.npy,data\features\audio_npy\librispeech_0087_mel_spectrogram.npy,data\features\audio_npy\librispeech_0087_pitch.npy,data\features\audio_npy\librispeech_0087_tempo.npy,16000,8.6,"(13, 269)","(128, 269)","(251,)","(1,)",npy
librispeech_0088,data\features\audio_npy\librispeech_0088_mfcc.npy,data\features\audio_npy\librispeech_0088_mel_spectrogram.npy,data\features\audio_npy\librispeech_0088_pitch.npy,data\features\audio_npy\librispeech_0088_tempo.npy,16000,4.73,"(13, 148)","(128, 148)","(134,)","(1,)",npy
librispeech_0089,data\features\audio_npy\librispeech_0089_mfcc.npy,data\features\audio_npy\librispeech_0089_mel_spectrogram.npy,data\features\audio_npy\librispeech_0089_pitch.npy,data\features\audio_npy\librispeech_0089_tempo.npy,16000,5.325,"(13, 167)","(128, 167)","(146,)","(1,)",npy
librispeech_0090,data\features\audio_npy\librispeech_0090_mfcc.npy,data\features\audio_npy\librispeech_0090_mel_spectrogram.npy,data\features\audio_npy\librispeech_0090_pitch.npy,data\features\audio_npy\librispeech_0090_tempo.npy,16000,3.36,"(13, 106)","(128, 106)","(94,)","(1,)",npy
librispeech_0091,data\features\audio_npy\librispeech_0091_mfcc.npy,data\features\audio_npy\librispeech_0091_mel_spectrogram.npy,data\features\audio_npy\librispeech_0091_pitch.npy,data\features\audio_npy\librispeech_0091_tempo.npy,16000,5.02,"(13, 157)","(128, 157)","(147,)","(1,)",npy
librispeech_0092,data\features\audio_npy\librispeech_0092_mfcc.npy,data\features\audio_npy\librispeech_0092_mel_spectrogram.npy,data\features\audio_npy\librispeech_0092_pitch.npy,data\features\audio_npy\librispeech_0092_tempo.npy,16000,8.45,"(13, 265)","(128, 265)","(243,)","(1,)",npy
librispeech_0093,data\features\audio_npy\librispeech_0093_mfcc.npy,data\features\audio_npy\librispeech_0093_mel_spectrogram.npy,data\features\audio_npy\librispeech_0093_pitch.npy,data\features\audio_npy\librispeech_0093_tempo.npy,16000,7.38,"(13, 231)","(128, 231)","(213,)","(1,)",npy
librispeech_0094,data\features\audio_npy\librispeech_0094_mfcc.npy,data\features\audio_npy\librispeech_0094_mel_spectrogram.npy,data\features\audio_npy\librispeech_0094_pitch.npy,data\features\audio_npy\librispeech_0094_tempo.npy,16000,2.985,"(13, 94)","(128, 94)","(73,)","(1,)",npy
librispeech_0095,data\features\audio_npy\librispeech_0095_mfcc.npy,data\features\audio_npy\librispeech_0095_mel_spectrogram.npy,data\features\audio_npy\librispeech_0095_pitch.npy,data\features\audio_npy\librispeech_0095_tempo.npy,16000,9.02,"(13, 282)","(128, 282)","(268,)","(1,)",npy
librispeech_0096,data\features\audio_npy\librispeech_0096_mfcc.npy,data\features\audio_npy\librispeech_0096_mel_spectrogram.npy,data\features\audio_npy\librispeech_0096_pitch.npy,data\features\audio_npy\librispeech_0096_tempo.npy,16000,3.925,"(13, 123)","(128, 123)","(109,)","(1,)",npy
librispeech_0097,data\features\audio_npy\librispeech_0097_mfcc.npy,data\features\audio_npy\librispeech_0097_mel_spectrogram.npy,data\features\audio_npy\librispeech_0097_pitch.npy,data\features\audio_npy\librispeech_0097_tempo.npy,16000,8.84,"(13, 277)","(128, 277)","(246,)","(1,)",npy
librispeech_0098,data\features\audio_npy\librispeech_0098_mfcc.npy,data\features\audio_npy\librispeech_0098_mel_spectrogram.npy,data\features\audio_npy\librispeech_0098_pitch.npy,data\features\audio_npy\librispeech_0098_tempo.npy,16000,5.84,"(13, 183)","(128, 183)","(155,)","(1,)",npy
librispeech_0099,data\features\audio_npy\librispeech_0099_mfcc.npy,data\features\audio_npy\librispeech_0099_mel_spectrogram.npy,data\features\audio_npy\librispeech_0099_pitch.npy,data\features\audio_npy\librispeech_0099_tempo.npy,16000,4.17,"(13, 131)","(128, 131)","(110,)","(1,)",npy
librispeech_0100,data\features\audio_npy\librispeech_0100_mfcc.npy,data\features\audio_npy\librispeech_0100_mel_spectrogram.npy,data\features\audio_npy\librispeech_0100_pitch.npy,data\features\audio_npy\librispeech_0100_tempo.npy,16000,6.585,"(13, 206)","(128, 206)","(190,)","(1,)",npy
librispeech_0101,data\features\audio_npy\librispeech_0101_mfcc.npy,data\features\audio_npy\librispeech_0101_mel_spectrogram.npy,data\features\audio_npy\librispeech_0101_pitch.npy,data\features\audio_npy\librispeech_0101_tempo.npy,16000,3.315,"(13, 104)","(128, 104)","(89,)","(1,)",npy
librispeech_0102,data\features\audio_npy\librispeech_0102_mfcc.npy,data\features\audio_npy\librispeech_0102_mel_spectrogram.npy,data\features\audio_npy\librispeech_0102_pitch.npy,data\features\audio_npy\librispeech_0102_tempo.npy,16000,4.6,"(13, 144)","(128, 144)","(124,)","(1,)",npy
librispeech_0103,data\features\audio_npy\librispeech_0103_mfcc.npy,data\features\audio_npy\librispeech_0103_mel_spectrogram.npy,data\features\audio_npy\librispeech_0103_pitch.npy,data\features\audio_npy\librispeech_0103_tempo.npy,16000,6.21,"(13, 195)","(128, 195)","(174,)","(1,)",npy
librispeech_0104,data\features\audio_npy\librispeech_0104_mfcc.npy,data\features\audio_npy\librispeech_0104_mel_spectrogram.npy,data\features\audio_npy\librispeech_0104_pitch.npy,data\features\audio_npy\librispeech_0104_tempo.npy,16000,3.5,"(13, 110)","(128, 110)","(101,)","(1,)",npy
librispeech_0105,data\features\audio_npy\librispeech_0105_mfcc.npy,data\features\audio_npy\librispeech_0105_mel_spectrogram.npy,data\features\audio_npy\librispeech_0105_pitch.npy,data\features\audio_npy\librispeech_0105_tempo.npy,16000,9.585,"(13, 300)","(128, 300)","(290,)","(1,)",npy
librispeech_0106,data\features\audio_npy\librispeech_0106_mfcc.npy,data\features\audio_npy\librispeech_0106_mel_spectrogram.npy,data\features\audio_npy\librispeech_0106_pitch.npy,data\features\audio_npy\librispeech_0106_tempo.npy,16000,4.38,"(13, 137)","(128, 137)","(123,)","(1,)",npy
librispeech_0107,data\features\audio_npy\librispeech_0107_mfcc.npy,data\features\audio_npy\librispeech_0107_mel_spectrogram.npy,data\features\audio_npy\librispeech_0107_pitch.npy,data\features\audio_npy\librispeech_0107_tempo.npy,16000,4.255,"(13, 133)","(128, 133)","(115,)","(1,)",npy
librispeech_0108,data\features\audio_npy\librispeech_0108_mfcc.npy,data\features\audio_npy\librispeech_0108_mel_spectrogram.npy,data\features\audio_npy\librispeech_0108_pitch.npy,data\features\audio_npy\librispeech_0108_tempo.npy,16000,2.675,"(13, 84)","(128, 84)","(72,)","(1,)",npy
librispeech_0109,data\features\audio_npy\librispeech_0109_mfcc.npy,data\features\audio_npy\librispeech_0109_mel_spectrogram.npy,data\features\audio_npy\librispeech_0109_pitch.npy,data\features\audio_npy\librispeech_0109_tempo.npy,16000,4.465,"(13, 140)","(128, 140)","(127,)","(1,)",npy
librispeech_0110,data\features\audio_npy\librispeech_0110_mfcc.npy,data\features\audio_npy\librispeech_0110_mel_spectrogram.npy,data\features\audio_npy\librispeech_0110_pitch.npy,data\features\audio_npy\librispeech_0110_tempo.npy,16000,1.56,"(13, 49)","(128, 49)","(48,)","(1,)",npy
librispeech_0111,data\features\audio_npy\librispeech_0111_mfcc.npy,data\features\audio_npy\librispeech_0111_mel_spectrogram.npy,data\features\audio_npy\librispeech_0111_pitch.npy,data\features\audio_npy\librispeech_0111_tempo.npy,16000,4.895,"(13, 153)","(128, 153)","(148,)","(1,)",npy
librispeech_0112,data\features\audio_npy\librispeech_0112_mfcc.npy,data\features\audio_npy\librispeech_0112_mel_spectrogram.npy,data\features\audio_npy\librispeech_0112_pitch.npy,data\features\audio_npy\librispeech_0112_tempo.npy,16000,7.875,"(13, 247)","(128, 247)","(214,)","(1,)",npy
librispeech_0113,data\features\audio_npy\librispeech_0113_mfcc.npy,data\features\audio_npy\librispeech_0113_mel_spectrogram.npy,data\features\audio_npy\librispeech_0113_pitch.npy,data\features\audio_npy\librispeech_0113_tempo.npy,16000,16.67,"(13, 521)","(128, 521)","(472,)","(1,)",npy
librispeech_0114,data\features\audio_npy\librispeech_0114_mfcc.npy,data\features\audio_npy\librispeech_0114_mel_spectrogram.npy,data\features\audio_npy\librispeech_0114_pitch.npy,data\features\audio_npy\librispeech_0114_tempo.npy,16000,9.34,"(13, 292)","(128, 292)","(269,)","(1,)",npy
librispeech_0115,data\features\audio_npy\librispeech_0115_mfcc.npy,data\features\audio_npy\librispeech_0115_mel_spectrogram.npy,data\features\audio_npy\librispeech_0115_pitch.npy,data\features\audio_npy\librispeech_0115_tempo.npy,16000,6.415,"(13, 201)","(128, 201)","(189,)","(1,)",npy
librispeech_0116,data\features\audio_npy\librispeech_0116_mfcc.npy,data\features\audio_npy\librispeech_0116_mel_spectrogram.npy,data\features\audio_npy\librispeech_0116_pitch.npy,data\features\audio_npy\librispeech_0116_tempo.npy,16000,7.34,"(13, 230)","(128, 230)","(218,)","(1,)",npy
librispeech_0117,data\features\audio_npy\librispeech_0117_mfcc.npy,data\features\audio_npy\librispeech_0117_mel_spectrogram.npy,data\features\audio_npy\librispeech_0117_pitch.npy,data\features\audio_npy\librispeech_0117_tempo.npy,16000,24.03,"(13, 751)","(128, 751)","(707,)","(1,)",npy
librispeech_0118,data\features\audio_npy\librispeech_0118_mfcc.npy,data\features\audio_npy\librispeech_0118_mel_spectrogram.npy,data\features\audio_npy\librispeech_0118_pitch.npy,data\features\audio_npy\librispeech_0118_tempo.npy,16000,7.71,"(13, 241)","(128, 241)","(217,)","(1,)",npy
librispeech_0119,data\features\audio_npy\librispeech_0119_mfcc.npy,data\features\audio_npy\librispeech_0119_mel_spectrogram.npy,data\features\audio_npy\librispeech_0119_pitch.npy,data\features\audio_npy\librispeech_0119_tempo.npy,16000,12.94,"(13, 405)","(128, 405)","(368,)","(1,)",npy
librispeech_0120,data\features\audio_npy\librispeech_0120_mfcc.npy,data\features\audio_npy\librispeech_0120_mel_spectrogram.npy,data\features\audio_npy\librispeech_0120_pitch.npy,data\features\audio_npy\librispeech_0120_tempo.npy,16000,6.665,"(13, 209)","(128, 209)","(190,)","(1,)",npy
librispeech_0121,data\features\audio_npy\librispeech_0121_mfcc.npy,data\features\audio_npy\librispeech_0121_mel_spectrogram.npy,data\features\audio_npy\librispeech_0121_pitch.npy,data\features\audio_npy\librispeech_0121_tempo.npy,16000,17.32,"(13, 542)","(128, 542)","(503,)","(1,)",npy
librispeech_0122,data\features\audio_npy\librispeech_0122_mfcc.npy,data\features\audio_npy\librispeech_0122_mel_spectrogram.npy,data\features\audio_npy\librispeech_0122_pitch.npy,data\features\audio_npy\librispeech_0122_tempo.npy,16000,7.6,"(13, 238)","(128, 238)","(219,)","(1,)",npy
librispeech_0123,data\features\audio_npy\librispeech_0123_mfcc.npy,data\features\audio_npy\librispeech_0123_mel_spectrogram.npy,data\features\audio_npy\librispeech_0123_pitch.npy,data\features\audio_npy\librispeech_0123_tempo.npy,16000,10.465,"(13, 328)","(128, 328)","(277,)","(1,)",npy
librispeech_0124,data\features\audio_npy\librispeech_0124_mfcc.npy,data\features\audio_npy\librispeech_0124_mel_spectrogram.npy,data\features\audio_npy\librispeech_0124_pitch.npy,data\features\audio_npy\librispeech_0124_tempo.npy,16000,10.23,"(13, 320)","(128, 320)","(298,)","(1,)",npy
librispeech_0125,data\features\audio_npy\librispeech_0125_mfcc.npy,data\features\audio_npy\librispeech_0125_mel_spectrogram.npy,data\features\audio_npy\librispeech_0125_pitch.npy,data\features\audio_npy\librispeech_0125_tempo.npy,16000,20.47,"(13, 640)","(128, 640)","(595,)","(1,)",npy
librispeech_0126,data\features\audio_npy\librispeech_0126_mfcc.npy,data\features\audio_npy\librispeech_0126_mel_spectrogram.npy,data\features\audio_npy\librispeech_0126_pitch.npy,data\features\audio_npy\librispeech_0126_tempo.npy,16000,7.35,"(13, 230)","(128, 230)","(211,)","(1,)",npy
librispeech_0127,data\features\audio_npy\librispeech_0127_mfcc.npy,data\features\audio_npy\librispeech_0127_mel_spectrogram.npy,data\features\audio_npy\librispeech_0127_pitch.npy,data\features\audio_npy\librispeech_0127_tempo.npy,16000,8.51,"(13, 266)","(128, 266)","(251,)","(1,)",npy
librispeech_0128,data\features\audio_npy\librispeech_0128_mfcc.npy,data\features\audio_npy\librispeech_0128_mel_spectrogram.npy,data\features\audio_npy\librispeech_0128_pitch.npy,data\features\audio_npy\librispeech_0128_tempo.npy,16000,6.59,"(13, 206)","(128, 206)","(179,)","(1,)",npy
librispeech_0129,data\features\audio_npy\librispeech_0129_mfcc.npy,data\features\audio_npy\librispeech_0129_mel_spectrogram.npy,data\features\audio_npy\librispeech_0129_pitch.npy,data\features\audio_npy\librispeech_0129_tempo.npy,16000,7.855,"(13, 246)","(128, 246)","(216,)","(1,)",npy
librispeech_0130,data\features\audio_npy\librispeech_0130_mfcc.npy,data\features\audio_npy\librispeech_0130_mel_spectrogram.npy,data\features\audio_npy\librispeech_0130_pitch.npy,data\features\audio_npy\librispeech_0130_tempo.npy,16000,6.015,"(13, 188)","(128, 188)","(165,)","(1,)",npy
librispeech_0131,data\features\audio_npy\librispeech_0131_mfcc.npy,data\features\audio_npy\librispeech_0131_mel_spectrogram.npy,data\features\audio_npy\librispeech_0131_pitch.npy,data\features\audio_npy\librispeech_0131_tempo.npy,16000,15.07,"(13, 471)","(128, 471)","(420,)","(1,)",npy
librispeech_0132,data\features\audio_npy\librispeech_0132_mfcc.npy,data\features\audio_npy\librispeech_0132_mel_spectrogram.npy,data\features\audio_npy\librispeech_0132_pitch.npy,data\features\audio_npy\librispeech_0132_tempo.npy,16000,4.415,"(13, 138)","(128, 138)","(132,)","(1,)",npy
librispeech_0133,data\features\audio_npy\librispeech_0133_mfcc.npy,data\features\audio_npy\librispeech_0133_mel_spectrogram.npy,data\features\audio_npy\librispeech_0133_pitch.npy,data\features\audio_npy\librispeech_0133_tempo.npy,16000,6.995,"(13, 219)","(128, 219)","(202,)","(1,)",npy
librispeech_0134,data\features\audio_npy\librispeech_0134_mfcc.npy,data\features\audio_npy\librispeech_0134_mel_spectrogram.npy,data\features\audio_npy\librispeech_0134_pitch.npy,data\features\audio_npy\librispeech_0134_tempo.npy,16000,2.695,"(13, 85)","(128, 85)","(76,)","(1,)",npy
librispeech_0135,data\features\audio_npy\librispeech_0135_mfcc.npy,data\features\audio_npy\librispeech_0135_mel_spectrogram.npy,data\features\audio_npy\librispeech_0135_pitch.npy,data\features\audio_npy\librispeech_0135_tempo.npy,16000,5.965,"(13, 187)","(128, 187)","(174,)","(1,)",npy
librispeech_0136,data\features\audio_npy\librispeech_0136_mfcc.npy,data\features\audio_npy\librispeech_0136_mel_spectrogram.npy,data\features\audio_npy\librispeech_0136_pitch.npy,data\features\audio_npy\librispeech_0136_tempo.npy,16000,9.42,"(13, 295)","(128, 295)","(269,)","(1,)",npy
librispeech_0137,data\features\audio_npy\librispeech_0137_mfcc.npy,data\features\audio_npy\librispeech_0137_mel_spectrogram.npy,data\features\audio_npy\librispeech_0137_pitch.npy,data\features\audio_npy\librispeech_0137_tempo.npy,16000,2.795,"(13, 88)","(128, 88)","(85,)","(1,)",npy
librispeech_0138,data\features\audio_npy\librispeech_0138_mfcc.npy,data\features\audio_npy\librispeech_0138_mel_spectrogram.npy,data\features\audio_npy\librispeech_0138_pitch.npy,data\features\audio_npy\librispeech_0138_tempo.npy,16000,3.1,"(13, 97)","(128, 97)","(81,)","(1,)",npy
librispeech_0139,data\features\audio_npy\librispeech_0139_mfcc.npy,data\features\audio_npy\librispeech_0139_mel_spectrogram.npy,data\features\audio_npy\librispeech_0139_pitch.npy,data\features\audio_npy\librispeech_0139_tempo.npy,16000,4.25,"(13, 133)","(128, 133)","(125,)","(1,)",npy
librispeech_0140,data\features\audio_npy\librispeech_0140_mfcc.npy,data\features\audio_npy\librispeech_0140_mel_spectrogram.npy,data\features\audio_npy\librispeech_0140_pitch.npy,data\features\audio_npy\librispeech_0140_tempo.npy,16000,2.875,"(13, 90)","(128, 90)","(81,)","(1,)",npy
librispeech_0141,data\features\audio_npy\librispeech_0141_mfcc.npy,data\features\audio_npy\librispeech_0141_mel_spectrogram.npy,data\features\audio_npy\librispeech_0141_pitch.npy,data\features\audio_npy\librispeech_0141_tempo.npy,16000,2.91,"(13, 91)","(128, 91)","(87,)","(1,)",npy
librispeech_0142,data\features\audio_npy\librispeech_0142_mfcc.npy,data\features\audio_npy\librispeech_0142_mel_spectrogram.npy,data\features\audio_npy\librispeech_0142_pitch.npy,data\features\audio_npy\librispeech_0142_tempo.npy,16000,5.72,"(13, 179)","(128, 179)","(154,)","(1,)",npy
librispeech_0143,data\features\audio_npy\librispeech_0143_mfcc.npy,data\features\audio_npy\librispeech_0143_mel_spectrogram.npy,data\features\audio_npy\librispeech_0143_pitch.npy,data\features\audio_npy\librispeech_0143_tempo.npy,16000,4.025,"(13, 126)","(128, 126)","(116,)","(1,)",npy
librispeech_0144,data\features\audio_npy\librispeech_0144_mfcc.npy,data\features\audio_npy\librispeech_0144_mel_spectrogram.npy,data\features\audio_npy\librispeech_0144_pitch.npy,data\features\audio_npy\librispeech_0144_tempo.npy,16000,4.98,"(13, 156)","(128, 156)","(147,)","(1,)",npy
librispeech_0145,data\features\audio_npy\librispeech_0145_mfcc.npy,data\features\audio_npy\librispeech_0145_mel_spectrogram.npy,data\features\audio_npy\librispeech_0145_pitch.npy,data\features\audio_npy\librispeech_0145_tempo.npy,16000,3.92,"(13, 123)","(128, 123)","(114,)","(1,)",npy
librispeech_0146,data\features\audio_npy\librispeech_0146_mfcc.npy,data\features\audio_npy\librispeech_0146_mel_spectrogram.npy,data\features\audio_npy\librispeech_0146_pitch.npy,data\features\audio_npy\librispeech_0146_tempo.npy,16000,2.785,"(13, 88)","(128, 88)","(81,)","(1,)",npy
librispeech_0147,data\features\audio_npy\librispeech_0147_mfcc.npy,data\features\audio_npy\librispeech_0147_mel_spectrogram.npy,data\features\audio_npy\librispeech_0147_pitch.npy,data\features\audio_npy\librispeech_0147_tempo.npy,16000,3.265,"(13, 103)","(128, 103)","(95,)","(1,)",npy
librispeech_0148,data\features\audio_npy\librispeech_0148_mfcc.npy,data\features\audio_npy\librispeech_0148_mel_spectrogram.npy,data\features\audio_npy\librispeech_0148_pitch.npy,data\features\audio_npy\librispeech_0148_tempo.npy,16000,2.01,"(13, 63)","(128, 63)","(63,)","(1,)",npy
librispeech_0149,data\features\audio_npy\librispeech_0149_mfcc.npy,data\features\audio_npy\librispeech_0149_mel_spectrogram.npy,data\features\audio_npy\librispeech_0149_pitch.npy,data\features\audio_npy\librispeech_0149_tempo.npy,16000,5.59,"(13, 175)","(128, 175)","(165,)","(1,)",npy
librispeech_0150,data\features\audio_npy\librispeech_0150_mfcc.npy,data\features\audio_npy\librispeech_0150_mel_spectrogram.npy,data\features\audio_npy\librispeech_0150_pitch.npy,data\features\audio_npy\librispeech_0150_tempo.npy,16000,4.77,"(13, 150)","(128, 150)","(140,)","(1,)",npy
librispeech_0151,data\features\audio_npy\librispeech_0151_mfcc.npy,data\features\audio_npy\librispeech_0151_mel_spectrogram.npy,data\features\audio_npy\librispeech_0151_pitch.npy,data\features\audio_npy\librispeech_0151_tempo.npy,16000,3.63,"(13, 114)","(128, 114)","(111,)","(1,)",npy
librispeech_0152,data\features\audio_npy\librispeech_0152_mfcc.npy,data\features\audio_npy\librispeech_0152_mel_spectrogram.npy,data\features\audio_npy\librispeech_0152_pitch.npy,data\features\audio_npy\librispeech_0152_tempo.npy,16000,10.895,"(13, 341)","(128, 341)","(315,)","(1,)",npy
librispeech_0153,data\features\audio_npy\librispeech_0153_mfcc.npy,data\features\audio_npy\librispeech_0153_mel_spectrogram.npy,data\features\audio_npy\librispeech_0153_pitch.npy,data\features\audio_npy\librispeech_0153_tempo.npy,16000,3.415,"(13, 107)","(128, 107)","(98,)","(1,)",npy
librispeech_0154,data\features\audio_npy\librispeech_0154_mfcc.npy,data\features\audio_npy\librispeech_0154_mel_spectrogram.npy,data\features\audio_npy\librispeech_0154_pitch.npy,data\features\audio_npy\librispeech_0154_tempo.npy,16000,4.31,"(13, 135)","(128, 135)","(130,)","(1,)",npy
librispeech_0155,data\features\audio_npy\librispeech_0155_mfcc.npy,data\features\audio_npy\librispeech_0155_mel_spectrogram.npy,data\features\audio_npy\librispeech_0155_pitch.npy,data\features\audio_npy\librispeech_0155_tempo.npy,16000,3.81,"(13, 120)","(128, 120)","(115,)","(1,)",npy
librispeech_0156,data\features\audio_npy\librispeech_0156_mfcc.npy,data\features\audio_npy\librispeech_0156_mel_spectrogram.npy,data\features\audio_npy\librispeech_0156_pitch.npy,data\features\audio_npy\librispeech_0156_tempo.npy,16000,5.525,"(13, 173)","(128, 173)","(148,)","(1,)",npy
librispeech_0157,data\features\audio_npy\librispeech_0157_mfcc.npy,data\features\audio_npy\librispeech_0157_mel_spectrogram.npy,data\features\audio_npy\librispeech_0157_pitch.npy,data\features\audio_npy\librispeech_0157_tempo.npy,16000,2.875,"(13, 90)","(128, 90)","(90,)","(1,)",npy
librispeech_0158,data\features\audio_npy\librispeech_0158_mfcc.npy,data\features\audio_npy\librispeech_0158_mel_spectrogram.npy,data\features\audio_npy\librispeech_0158_pitch.npy,data\features\audio_npy\librispeech_0158_tempo.npy,16000,2.875,"(13, 90)","(128, 90)","(81,)","(1,)",npy
librispeech_0159,data\features\audio_npy\librispeech_0159_mfcc.npy,data\features\audio_npy\librispeech_0159_mel_spectrogram.npy,data\features\audio_npy\librispeech_0159_pitch.npy,data\features\audio_npy\librispeech_0159_tempo.npy,16000,2.705,"(13, 85)","(128, 85)","(76,)","(1,)",npy
librispeech_0160,data\features\audio_npy\librispeech_0160_mfcc.npy,data\features\audio_npy\librispeech_0160_mel_spectrogram.npy,data\features\audio_npy\librispeech_0160_pitch.npy,data\features\audio_npy\librispeech_0160_tempo.npy,16000,3.73,"(13, 117)","(128, 117)","(113,)","(1,)",npy
librispeech_0161,data\features\audio_npy\librispeech_0161_mfcc.npy,data\features\audio_npy\librispeech_0161_mel_spectrogram.npy,data\features\audio_npy\librispeech_0161_pitch.npy,data\features\audio_npy\librispeech_0161_tempo.npy,16000,3.85,"(13, 121)","(128, 121)","(117,)","(1,)",npy
librispeech_0162,data\features\audio_npy\librispeech_0162_mfcc.npy,data\features\audio_npy\librispeech_0162_mel_spectrogram.npy,data\features\audio_npy\librispeech_0162_pitch.npy,data\features\audio_npy\librispeech_0162_tempo.npy,16000,3.55,"(13, 111)","(128, 111)","(109,)","(1,)",npy
librispeech_0163,data\features\audio_npy\librispeech_0163_mfcc.npy,data\features\audio_npy\librispeech_0163_mel_spectrogram.npy,data\features\audio_npy\librispeech_0163_pitch.npy,data\features\audio_npy\librispeech_0163_tempo.npy,16000,13.86,"(13, 434)","(128, 434)","(387,)","(1,)",npy
librispeech_0164,data\features\audio_npy\librispeech_0164_mfcc.npy,data\features\audio_npy\librispeech_0164_mel_spectrogram.npy,data\features\audio_npy\librispeech_0164_pitch.npy,data\features\audio_npy\librispeech_0164_tempo.npy,16000,1.945,"(13, 61)","(128, 61)","(61,)","(1,)",npy
librispeech_0165,data\features\audio_npy\librispeech_0165_mfcc.npy,data\features\audio_npy\librispeech_0165_mel_spectrogram.npy,data\features\audio_npy\librispeech_0165_pitch.npy,data\features\audio_npy\librispeech_0165_tempo.npy,16000,2.805,"(13, 88)","(128, 88)","(85,)","(1,)",npy
librispeech_0166,data\features\audio_npy\librispeech_0166_mfcc.npy,data\features\audio_npy\librispeech_0166_mel_spectrogram.npy,data\features\audio_npy\librispeech_0166_pitch.npy,data\features\audio_npy\librispeech_0166_tempo.npy,16000,5.445,"(13, 171)","(128, 171)","(161,)","(1,)",npy
librispeech_0167,data\features\audio_npy\librispeech_0167_mfcc.npy,data\features\audio_npy\librispeech_0167_mel_spectrogram.npy,data\features\audio_npy\librispeech_0167_pitch.npy,data\features\audio_npy\librispeech_0167_tempo.npy,16000,4.48,"(13, 141)","(128, 141)","(129,)","(1,)",npy
librispeech_0168,data\features\audio_npy\librispeech_0168_mfcc.npy,data\features\audio_npy\librispeech_0168_mel_spectrogram.npy,data\features\audio_npy\librispeech_0168_pitch.npy,data\features\audio_npy\librispeech_0168_tempo.npy,16000,4.835,"(13, 152)","(128, 152)","(145,)","(1,)",npy
librispeech_0169,data\features\audio_npy\librispeech_0169_mfcc.npy,data\features\audio_npy\librispeech_0169_mel_spectrogram.npy,data\features\audio_npy\librispeech_0169_pitch.npy,data\features\audio_npy\librispeech_0169_tempo.npy,16000,4.715,"(13, 148)","(128, 148)","(143,)","(1,)",npy
librispeech_0170,data\features\audio_npy\librispeech_0170_mfcc.npy,data\features\audio_npy\librispeech_0170_mel_spectrogram.npy,data\features\audio_npy\librispeech_0170_pitch.npy,data\features\audio_npy\librispeech_0170_tempo.npy,16000,5.35,"(13, 168)","(128, 168)","(159,)","(1,)",npy
librispeech_0171,data\features\audio_npy\librispeech_0171_mfcc.npy,data\features\audio_npy\librispeech_0171_mel_spectrogram.npy,data\features\audio_npy\librispeech_0171_pitch.npy,data\features\audio_npy\librispeech_0171_tempo.npy,16000,4.94,"(13, 155)","(128, 155)","(147,)","(1,)",npy
librispeech_0172,data\features\audio_npy\librispeech_0172_mfcc.npy,data\features\audio_npy\librispeech_0172_mel_spectrogram.npy,data\features\audio_npy\librispeech_0172_pitch.npy,data\features\audio_npy\librispeech_0172_tempo.npy,16000,9.81,"(13, 307)","(128, 307)","(262,)","(1,)",npy
librispeech_0173,data\features\audio_npy\librispeech_0173_mfcc.npy,data\features\audio_npy\librispeech_0173_mel_spectrogram.npy,data\features\audio_npy\librispeech_0173_pitch.npy,data\features\audio_npy\librispeech_0173_tempo.npy,16000,6.97,"(13, 218)","(128, 218)","(183,)","(1,)",npy
librispeech_0174,data\features\audio_npy\librispeech_0174_mfcc.npy,data\features\audio_npy\librispeech_0174_mel_spectrogram.npy,data\features\audio_npy\librispeech_0174_pitch.npy,data\features\audio_npy\librispeech_0174_tempo.npy,16000,16.745,"(13, 524)","(128, 524)","(448,)","(1,)",npy
librispeech_0175,data\features\audio_npy\librispeech_0175_mfcc.npy,data\features\audio_npy\librispeech_0175_mel_spectrogram.npy,data\features\audio_npy\librispeech_0175_pitch.npy,data\features\audio_npy\librispeech_0175_tempo.npy,16000,8.995,"(13, 282)","(128, 282)","(243,)","(1,)",npy
librispeech_0176,data\features\audio_npy\librispeech_0176_mfcc.npy,data\features\audio_npy\librispeech_0176_mel_spectrogram.npy,data\features\audio_npy\librispeech_0176_pitch.npy,data\features\audio_npy\librispeech_0176_tempo.npy,16000,15.22,"(13, 476)","(128, 476)","(411,)","(1,)",npy
librispeech_0177,data\features\audio_npy\librispeech_0177_mfcc.npy,data\features\audio_npy\librispeech_0177_mel_spectrogram.npy,data\features\audio_npy\librispeech_0177_pitch.npy,data\features\audio_npy\librispeech_0177_tempo.npy,16000,12.095,"(13, 378)","(128, 378)","(311,)","(1,)",npy
librispeech_0178,data\features\audio_npy\librispeech_0178_mfcc.npy,data\features\audio_npy\librispeech_0178_mel_spectrogram.npy,data\features\audio_npy\librispeech_0178_pitch.npy,data\features\audio_npy\librispeech_0178_tempo.npy,16000,19.78,"(13, 619)","(128, 619)","(520,)","(1,)",npy
librispeech_0179,data\features\audio_npy\librispeech_0179_mfcc.npy,data\features\audio_npy\librispeech_0179_mel_spectrogram.npy,data\features\audio_npy\librispeech_0179_pitch.npy,data\features\audio_npy\librispeech_0179_tempo.npy,16000,16.01,"(13, 501)","(128, 501)","(422,)","(1,)",npy
librispeech_0180,data\features\audio_npy\librispeech_0180_mfcc.npy,data\features\audio_npy\librispeech_0180_mel_spectrogram.npy,data\features\audio_npy\librispeech_0180_pitch.npy,data\features\audio_npy\librispeech_0180_tempo.npy,16000,22.81,"(13, 713)","(128, 713)","(608,)","(1,)",npy
librispeech_0181,data\features\audio_npy\librispeech_0181_mfcc.npy,data\features\audio_npy\librispeech_0181_mel_spectrogram.npy,data\features\audio_npy\librispeech_0181_pitch.npy,data\features\audio_npy\librispeech_0181_tempo.npy,16000,7.22,"(13, 226)","(128, 226)","(197,)","(1,)",npy
librispeech_0182,data\features\audio_npy\librispeech_0182_mfcc.npy,data\features\audio_npy\librispeech_0182_mel_spectrogram.npy,data\features\audio_npy\librispeech_0182_pitch.npy,data\features\audio_npy\librispeech_0182_tempo.npy,16000,9.09,"(13, 285)","(128, 285)","(238,)","(1,)",npy
librispeech_0183,data\features\audio_npy\librispeech_0183_mfcc.npy,data\features\audio_npy\librispeech_0183_mel_spectrogram.npy,data\features\audio_npy\librispeech_0183_pitch.npy,data\features\audio_npy\librispeech_0183_tempo.npy,16000,10.35,"(13, 324)","(128, 324)","(273,)","(1,)",npy
librispeech_0184,data\features\audio_npy\librispeech_0184_mfcc.npy,data\features\audio_npy\librispeech_0184_mel_spectrogram.npy,data\features\audio_npy\librispeech_0184_pitch.npy,data\features\audio_npy\librispeech_0184_tempo.npy,16000,5.24,"(13, 164)","(128, 164)","(129,)","(1,)",npy
librispeech_0185,data\features\audio_npy\librispeech_0185_mfcc.npy,data\features\audio_npy\librispeech_0185_mel_spectrogram.npy,data\features\audio_npy\librispeech_0185_pitch.npy,data\features\audio_npy\librispeech_0185_tempo.npy,16000,8.89,"(13, 278)","(128, 278)","(224,)","(1,)",npy
librispeech_0186,data\features\audio_npy\librispeech_0186_mfcc.npy,data\features\audio_npy\librispeech_0186_mel_spectrogram.npy,data\features\audio_npy\librispeech_0186_pitch.npy,data\features\audio_npy\librispeech_0186_tempo.npy,16000,10.6,"(13, 332)","(128, 332)","(274,)","(1,)",npy
librispeech_0187,data\features\audio_npy\librispeech_0187_mfcc.npy,data\features\audio_npy\librispeech_0187_mel_spectrogram.npy,data\features\audio_npy\librispeech_0187_pitch.npy,data\features\audio_npy\librispeech_0187_tempo.npy,16000,13.95,"(13, 436)","(128, 436)","(376,)","(1,)",npy
librispeech_0188,data\features\audio_npy\librispeech_0188_mfcc.npy,data\features\audio_npy\librispeech_0188_mel_spectrogram.npy,data\features\audio_npy\librispeech_0188_pitch.npy,data\features\audio_npy\librispeech_0188_tempo.npy,16000,19.43,"(13, 608)","(128, 608)","(528,)","(1,)",npy
librispeech_0189,data\features\audio_npy\librispeech_0189_mfcc.npy,data\features\audio_npy\librispeech_0189_mel_spectrogram.npy,data\features\audio_npy\librispeech_0189_pitch.npy,data\features\audio_npy\librispeech_0189_tempo.npy,16000,14.995,"(13, 469)","(128, 469)","(420,)","(1,)",npy
librispeech_0190,data\features\audio_npy\librispeech_0190_mfcc.npy,data\features\audio_npy\librispeech_0190_mel_spectrogram.npy,data\features\audio_npy\librispeech_0190_pitch.npy,data\features\audio_npy\librispeech_0190_tempo.npy,16000,17.57,"(13, 550)","(128, 550)","(458,)","(1,)",npy
librispeech_0191,data\features\audio_npy\librispeech_0191_mfcc.npy,data\features\audio_npy\librispeech_0191_mel_spectrogram.npy,data\features\audio_npy\librispeech_0191_pitch.npy,data\features\audio_npy\librispeech_0191_tempo.npy,16000,9.58,"(13, 300)","(128, 300)","(259,)","(1,)",npy
librispeech_0192,data\features\audio_npy\librispeech_0192_mfcc.npy,data\features\audio_npy\librispeech_0192_mel_spectrogram.npy,data\features\audio_npy\librispeech_0192_pitch.npy,data\features\audio_npy\librispeech_0192_tempo.npy,16000,8.19,"(13, 256)","(128, 256)","(214,)","(1,)",npy
librispeech_0193,data\features\audio_npy\librispeech_0193_mfcc.npy,data\features\audio_npy\librispeech_0193_mel_spectrogram.npy,data\features\audio_npy\librispeech_0193_pitch.npy,data\features\audio_npy\librispeech_0193_tempo.npy,16000,7.52,"(13, 236)","(128, 236)","(203,)","(1,)",npy
librispeech_0194,data\features\audio_npy\librispeech_0194_mfcc.npy,data\features\audio_npy\librispeech_0194_mel_spectrogram.npy,data\features\audio_npy\librispeech_0194_pitch.npy,data\features\audio_npy\librispeech_0194_tempo.npy,16000,8.7,"(13, 272)","(128, 272)","(232,)","(1,)",npy
librispeech_0195,data\features\audio_npy\librispeech_0195_mfcc.npy,data\features\audio_npy\librispeech_0195_mel_spectrogram.npy,data\features\audio_npy\librispeech_0195_pitch.npy,data\features\audio_npy\librispeech_0195_tempo.npy,16000,6.83,"(13, 214)","(128, 214)","(167,)","(1,)",npy
librispeech_0196,data\features\audio_npy\librispeech_0196_mfcc.npy,data\features\audio_npy\librispeech_0196_mel_spectrogram.npy,data\features\audio_npy\librispeech_0196_pitch.npy,data\features\audio_npy\librispeech_0196_tempo.npy,16000,13.18,"(13, 412)","(128, 412)","(350,)","(1,)",npy
librispeech_0197,data\features\audio_npy\librispeech_0197_mfcc.npy,data\features\audio_npy\librispeech_0197_mel_spectrogram.npy,data\features\audio_npy\librispeech_0197_pitch.npy,data\features\audio_npy\librispeech_0197_tempo.npy,16000,2.93,"(13, 92)","(128, 92)","(68,)","(1,)",npy
librispeech_0198,data\features\audio_npy\librispeech_0198_mfcc.npy,data\features\audio_npy\librispeech_0198_mel_spectrogram.npy,data\features\audio_npy\librispeech_0198_pitch.npy,data\features\audio_npy\librispeech_0198_tempo.npy,16000,3.335,"(13, 105)","(128, 105)","(79,)","(1,)",npy
librispeech_0199,data\features\audio_npy\librispeech_0199_mfcc.npy,data\features\audio_npy\librispeech_0199_mel_spectrogram.npy,data\features\audio_npy\librispeech_0199_pitch.npy,data\features\audio_npy\librispeech_0199_tempo.npy,16000,9.265,"(13, 290)","(128, 290)","(248,)","(1,)",npy
librispeech_0200,data\features\audio_npy\librispeech_0200_mfcc.npy,data\features\audio_npy\librispeech_0200_mel_spectrogram.npy,data\features\audio_npy\librispeech_0200_pitch.npy,data\features\audio_npy\librispeech_0200_tempo.npy,16000,7.365,"(13, 231)","(128, 231)","(190,)","(1,)",npy
librispeech_0201,data\features\audio_npy\librispeech_0201_mfcc.npy,data\features\audio_npy\librispeech_0201_mel_spectrogram.npy,data\features\audio_npy\librispeech_0201_pitch.npy,data\features\audio_npy\librispeech_0201_tempo.npy,16000,3.805,"(13, 119)","(128, 119)","(93,)","(1,)",npy
librispeech_0202,data\features\audio_npy\librispeech_0202_mfcc.npy,data\features\audio_npy\librispeech_0202_mel_spectrogram.npy,data\features\audio_npy\librispeech_0202_pitch.npy,data\features\audio_npy\librispeech_0202_tempo.npy,16000,10.255,"(13, 321)","(128, 321)","(276,)","(1,)",npy
librispeech_0203,data\features\audio_npy\librispeech_0203_mfcc.npy,data\features\audio_npy\librispeech_0203_mel_spectrogram.npy,data\features\audio_npy\librispeech_0203_pitch.npy,data\features\audio_npy\librispeech_0203_tempo.npy,16000,4.81,"(13, 151)","(128, 151)","(115,)","(1,)",npy
librispeech_0204,data\features\audio_npy\librispeech_0204_mfcc.npy,data\features\audio_npy\librispeech_0204_mel_spectrogram.npy,data\features\audio_npy\librispeech_0204_pitch.npy,data\features\audio_npy\librispeech_0204_tempo.npy,16000,4.245,"(13, 133)","(128, 133)","(97,)","(1,)",npy
librispeech_0205,data\features\audio_npy\librispeech_0205_mfcc.npy,data\features\audio_npy\librispeech_0205_mel_spectrogram.npy,data\features\audio_npy\librispeech_0205_pitch.npy,data\features\audio_npy\librispeech_0205_tempo.npy,16000,2.855,"(13, 90)","(128, 90)","(67,)","(1,)",npy
librispeech_0206,data\features\audio_npy\librispeech_0206_mfcc.npy,data\features\audio_npy\librispeech_0206_mel_spectrogram.npy,data\features\audio_npy\librispeech_0206_pitch.npy,data\features\audio_npy\librispeech_0206_tempo.npy,16000,5.58,"(13, 175)","(128, 175)","(140,)","(1,)",npy
librispeech_0207,data\features\audio_npy\librispeech_0207_mfcc.npy,data\features\audio_npy\librispeech_0207_mel_spectrogram.npy,data\features\audio_npy\librispeech_0207_pitch.npy,data\features\audio_npy\librispeech_0207_tempo.npy,16000,8.1,"(13, 254)","(128, 254)","(217,)","(1,)",npy
librispeech_0208,data\features\audio_npy\librispeech_0208_mfcc.npy,data\features\audio_npy\librispeech_0208_mel_spectrogram.npy,data\features\audio_npy\librispeech_0208_pitch.npy,data\features\audio_npy\librispeech_0208_tempo.npy,16000,8.58,"(13, 269)","(128, 269)","(202,)","(1,)",npy
librispeech_0209,data\features\audio_npy\librispeech_0209_mfcc.npy,data\features\audio_npy\librispeech_0209_mel_spectrogram.npy,data\features\audio_npy\librispeech_0209_pitch.npy,data\features\audio_npy\librispeech_0209_tempo.npy,16000,3.76,"(13, 118)","(128, 118)","(96,)","(1,)",npy
librispeech_0210,data\features\audio_npy\librispeech_0210_mfcc.npy,data\features\audio_npy\librispeech_0210_mel_spectrogram.npy,data\features\audio_npy\librispeech_0210_pitch.npy,data\features\audio_npy\librispeech_0210_tempo.npy,16000,7.435,"(13, 233)","(128, 233)","(195,)","(1,)",npy
librispeech_0211,data\features\audio_npy\librispeech_0211_mfcc.npy,data\features\audio_npy\librispeech_0211_mel_spectrogram.npy,data\features\audio_npy\librispeech_0211_pitch.npy,data\features\audio_npy\librispeech_0211_tempo.npy,16000,5.91,"(13, 185)","(128, 185)","(158,)","(1,)",npy
librispeech_0212,data\features\audio_npy\librispeech_0212_mfcc.npy,data\features\audio_npy\librispeech_0212_mel_spectrogram.npy,data\features\audio_npy\librispeech_0212_pitch.npy,data\features\audio_npy\librispeech_0212_tempo.npy,16000,10.55,"(13, 330)","(128, 330)","(281,)","(1,)",npy
librispeech_0213,data\features\audio_npy\librispeech_0213_mfcc.npy,data\features\audio_npy\librispeech_0213_mel_spectrogram.npy,data\features\audio_npy\librispeech_0213_pitch.npy,data\features\audio_npy\librispeech_0213_tempo.npy,16000,6.32,"(13, 198)","(128, 198)","(173,)","(1,)",npy
librispeech_0214,data\features\audio_npy\librispeech_0214_mfcc.npy,data\features\audio_npy\librispeech_0214_mel_spectrogram.npy,data\features\audio_npy\librispeech_0214_pitch.npy,data\features\audio_npy\librispeech_0214_tempo.npy,16000,4.835,"(13, 152)","(128, 152)","(132,)","(1,)",npy
librispeech_0215,data\features\audio_npy\librispeech_0215_mfcc.npy,data\features\audio_npy\librispeech_0215_mel_spectrogram.npy,data\features\audio_npy\librispeech_0215_pitch.npy,data\features\audio_npy\librispeech_0215_tempo.npy,16000,4.35,"(13, 136)","(128, 136)","(104,)","(1,)",npy
librispeech_0216,data\features\audio_npy\librispeech_0216_mfcc.npy,data\features\audio_npy\librispeech_0216_mel_spectrogram.npy,data\features\audio_npy\librispeech_0216_pitch.npy,data\features\audio_npy\librispeech_0216_tempo.npy,16000,2.48,"(13, 78)","(128, 78)","(49,)","(1,)",npy
librispeech_0217,data\features\audio_npy\librispeech_0217_mfcc.npy,data\features\audio_npy\librispeech_0217_mel_spectrogram.npy,data\features\audio_npy\librispeech_0217_pitch.npy,data\features\audio_npy\librispeech_0217_tempo.npy,16000,6.7,"(13, 210)","(128, 210)","(183,)","(1,)",npy
librispeech_0218,data\features\audio_npy\librispeech_0218_mfcc.npy,data\features\audio_npy\librispeech_0218_mel_spectrogram.npy,data\features\audio_npy\librispeech_0218_pitch.npy,data\features\audio_npy\librispeech_0218_tempo.npy,16000,14.805,"(13, 463)","(128, 463)","(404,)","(1,)",npy
librispeech_0219,data\features\audio_npy\librispeech_0219_mfcc.npy,data\features\audio_npy\librispeech_0219_mel_spectrogram.npy,data\features\audio_npy\librispeech_0219_pitch.npy,data\features\audio_npy\librispeech_0219_tempo.npy,16000,2.84,"(13, 89)","(128, 89)","(75,)","(1,)",npy
librispeech_0220,data\features\audio_npy\librispeech_0220_mfcc.npy,data\features\audio_npy\librispeech_0220_mel_spectrogram.npy,data\features\audio_npy\librispeech_0220_pitch.npy,data\features\audio_npy\librispeech_0220_tempo.npy,16000,2.77,"(13, 87)","(128, 87)","(56,)","(1,)",npy
librispeech_0221,data\features\audio_npy\librispeech_0221_mfcc.npy,data\features\audio_npy\librispeech_0221_mel_spectrogram.npy,data\features\audio_npy\librispeech_0221_pitch.npy,data\features\audio_npy\librispeech_0221_tempo.npy,16000,3.95,"(13, 124)","(128, 124)","(101,)","(1,)",npy
librispeech_0222,data\features\audio_npy\librispeech_0222_mfcc.npy,data\features\audio_npy\librispeech_0222_mel_spectrogram.npy,data\features\audio_npy\librispeech_0222_pitch.npy,data\features\audio_npy\librispeech_0222_tempo.npy,16000,4.545,"(13, 143)","(128, 143)","(117,)","(1,)",npy
librispeech_0223,data\features\audio_npy\librispeech_0223_mfcc.npy,data\features\audio_npy\librispeech_0223_mel_spectrogram.npy,data\features\audio_npy\librispeech_0223_pitch.npy,data\features\audio_npy\librispeech_0223_tempo.npy,16000,3.415,"(13, 107)","(128, 107)","(87,)","(1,)",npy
librispeech_0224,data\features\audio_npy\librispeech_0224_mfcc.npy,data\features\audio_npy\librispeech_0224_mel_spectrogram.npy,data\features\audio_npy\librispeech_0224_pitch.npy,data\features\audio_npy\librispeech_0224_tempo.npy,16000,3.92,"(13, 123)","(128, 123)","(95,)","(1,)",npy
librispeech_0225,data\features\audio_npy\librispeech_0225_mfcc.npy,data\features\audio_npy\librispeech_0225_mel_spectrogram.npy,data\features\audio_npy\librispeech_0225_pitch.npy,data\features\audio_npy\librispeech_0225_tempo.npy,16000,11.31,"(13, 354)","(128, 354)","(299,)","(1,)",npy
librispeech_0226,data\features\audio_npy\librispeech_0226_mfcc.npy,data\features\audio_npy\librispeech_0226_mel_spectrogram.npy,data\features\audio_npy\librispeech_0226_pitch.npy,data\features\audio_npy\librispeech_0226_tempo.npy,16000,11.605,"(13, 363)","(128, 363)","(297,)","(1,)",npy
librispeech_0227,data\features\audio_npy\librispeech_0227_mfcc.npy,data\features\audio_npy\librispeech_0227_mel_spectrogram.npy,data\features\audio_npy\librispeech_0227_pitch.npy,data\features\audio_npy\librispeech_0227_tempo.npy,16000,3.55,"(13, 111)","(128, 111)","(97,)","(1,)",npy
librispeech_0228,data\features\audio_npy\librispeech_0228_mfcc.npy,data\features\audio_npy\librispeech_0228_mel_spectrogram.npy,data\features\audio_npy\librispeech_0228_pitch.npy,data\features\audio_npy\librispeech_0228_tempo.npy,16000,7.35,"(13, 230)","(128, 230)","(201,)","(1,)",npy
librispeech_0229,data\features\audio_npy\librispeech_0229_mfcc.npy,data\features\audio_npy\librispeech_0229_mel_spectrogram.npy,data\features\audio_npy\librispeech_0229_pitch.npy,data\features\audio_npy\librispeech_0229_tempo.npy,16000,7.845,"(13, 246)","(128, 246)","(221,)","(1,)",npy
librispeech_0230,data\features\audio_npy\librispeech_0230_mfcc.npy,data\features\audio_npy\librispeech_0230_mel_spectrogram.npy,data\features\audio_npy\librispeech_0230_pitch.npy,data\features\audio_npy\librispeech_0230_tempo.npy,16000,9.23,"(13, 289)","(128, 289)","(238,)","(1,)",npy
librispeech_0231,data\features\audio_npy\librispeech_0231_mfcc.npy,data\features\audio_npy\librispeech_0231_mel_spectrogram.npy,data\features\audio_npy\librispeech_0231_pitch.npy,data\features\audio_npy\librispeech_0231_tempo.npy,16000,4.735,"(13, 148)","(128, 148)","(126,)","(1,)",npy
librispeech_0232,data\features\audio_npy\librispeech_0232_mfcc.npy,data\features\audio_npy\librispeech_0232_mel_spectrogram.npy,data\features\audio_npy\librispeech_0232_pitch.npy,data\features\audio_npy\librispeech_0232_tempo.npy,16000,5.21,"(13, 163)","(128, 163)","(141,)","(1,)",npy
librispeech_0233,data\features\audio_npy\librispeech_0233_mfcc.npy,data\features\audio_npy\librispeech_0233_mel_spectrogram.npy,data\features\audio_npy\librispeech_0233_pitch.npy,data\features\audio_npy\librispeech_0233_tempo.npy,16000,10.62,"(13, 332)","(128, 332)","(298,)","(1,)",npy
librispeech_0234,data\features\audio_npy\librispeech_0234_mfcc.npy,data\features\audio_npy\librispeech_0234_mel_spectrogram.npy,data\features\audio_npy\librispeech_0234_pitch.npy,data\features\audio_npy\librispeech_0234_tempo.npy,16000,2.74,"(13, 86)","(128, 86)","(75,)","(1,)",npy
librispeech_0235,data\features\audio_npy\librispeech_0235_mfcc.npy,data\features\audio_npy\librispeech_0235_mel_spectrogram.npy,data\features\audio_npy\librispeech_0235_pitch.npy,data\features\audio_npy\librispeech_0235_tempo.npy,16000,5.295,"(13, 166)","(128, 166)","(144,)","(1,)",npy
librispeech_0236,data\features\audio_npy\librispeech_0236_mfcc.npy,data\features\audio_npy\librispeech_0236_mel_spectrogram.npy,data\features\audio_npy\librispeech_0236_pitch.npy,data\features\audio_npy\librispeech_0236_tempo.npy,16000,4.81,"(13, 151)","(128, 151)","(120,)","(1,)",npy
librispeech_0237,data\features\audio_npy\librispeech_0237_mfcc.npy,data\features\audio_npy\librispeech_0237_mel_spectrogram.npy,data\features\audio_npy\librispeech_0237_pitch.npy,data\features\audio_npy\librispeech_0237_tempo.npy,16000,6.61,"(13, 207)","(128, 207)","(181,)","(1,)",npy
librispeech_0238,data\features\audio_npy\librispeech_0238_mfcc.npy,data\features\audio_npy\librispeech_0238_mel_spectrogram.npy,data\features\audio_npy\librispeech_0238_pitch.npy,data\features\audio_npy\librispeech_0238_tempo.npy,16000,5.47,"(13, 171)","(128, 171)","(137,)","(1,)",npy
librispeech_0239,data\features\audio_npy\librispeech_0239_mfcc.npy,data\features\audio_npy\librispeech_0239_mel_spectrogram.npy,data\features\audio_npy\librispeech_0239_pitch.npy,data\features\audio_npy\librispeech_0239_tempo.npy,16000,8.295,"(13, 260)","(128, 260)","(228,)","(1,)",npy
librispeech_0240,data\features\audio_npy\librispeech_0240_mfcc.npy,data\features\audio_npy\librispeech_0240_mel_spectrogram.npy,data\features\audio_npy\librispeech_0240_pitch.npy,data\features\audio_npy\librispeech_0240_tempo.npy,16000,6.555,"(13, 205)","(128, 205)","(170,)","(1,)",npy
librispeech_0241,data\features\audio_npy\librispeech_0241_mfcc.npy,data\features\audio_npy\librispeech_0241_mel_spectrogram.npy,data\features\audio_npy\librispeech_0241_pitch.npy,data\features\audio_npy\librispeech_0241_tempo.npy,16000,5.21,"(13, 163)","(128, 163)","(138,)","(1,)",npy
librispeech_0242,data\features\audio_npy\librispeech_0242_mfcc.npy,data\features\audio_npy\librispeech_0242_mel_spectrogram.npy,data\features\audio_npy\librispeech_0242_pitch.npy,data\features\audio_npy\librispeech_0242_tempo.npy,16000,5.35,"(13, 168)","(128, 168)","(153,)","(1,)",npy
librispeech_0243,data\features\audio_npy\librispeech_0243_mfcc.npy,data\features\audio_npy\librispeech_0243_mel_spectrogram.npy,data\features\audio_npy\librispeech_0243_pitch.npy,data\features\audio_npy\librispeech_0243_tempo.npy,16000,4.18,"(13, 131)","(128, 131)","(113,)","(1,)",npy
librispeech_0244,data\features\audio_npy\librispeech_0244_mfcc.npy,data\features\audio_npy\librispeech_0244_mel_spectrogram.npy,data\features\audio_npy\librispeech_0244_pitch.npy,data\features\audio_npy\librispeech_0244_tempo.npy,16000,2.685,"(13, 84)","(128, 84)","(72,)","(1,)",npy
librispeech_0245,data\features\audio_npy\librispeech_0245_mfcc.npy,data\features\audio_npy\librispeech_0245_mel_spectrogram.npy,data\features\audio_npy\librispeech_0245_pitch.npy,data\features\audio_npy\librispeech_0245_tempo.npy,16000,8.075,"(13, 253)","(128, 253)","(215,)","(1,)",npy
librispeech_0246,data\features\audio_npy\librispeech_0246_mfcc.npy,data\features\audio_npy\librispeech_0246_mel_spectrogram.npy,data\features\audio_npy\librispeech_0246_pitch.npy,data\features\audio_npy\librispeech_0246_tempo.npy,16000,2.745,"(13, 86)","(128, 86)","(76,)","(1,)",npy
librispeech_0247,data\features\audio_npy\librispeech_0247_mfcc.npy,data\features\audio_npy\librispeech_0247_mel_spectrogram.npy,data\features\audio_npy\librispeech_0247_pitch.npy,data\features\audio_npy\librispeech_0247_tempo.npy,16000,2.54,"(13, 80)","(128, 80)","(63,)","(1,)",npy
librispeech_0248,data\features\audio_npy\librispeech_0248_mfcc.npy,data\features\audio_npy\librispeech_0248_mel_spectrogram.npy,data\features\audio_npy\librispeech_0248_pitch.npy,data\features\audio_npy\librispeech_0248_tempo.npy,16000,3.365,"(13, 106)","(128, 106)","(85,)","(1,)",npy
librispeech_0249,data\features\audio_npy\librispeech_0249_mfcc.npy,data\features\audio_npy\librispeech_0249_mel_spectrogram.npy,data\features\audio_npy\librispeech_0249_pitch.npy,data\features\audio_npy\librispeech_0249_tempo.npy,16000,4.02,"(13, 126)","(128, 126)","(112,)","(1,)",npy
librispeech_0250,data\features\audio_npy\librispeech_0250_mfcc.npy,data\features\audio_npy\librispeech_0250_mel_spectrogram.npy,data\features\audio_npy\librispeech_0250_pitch.npy,data\features\audio_npy\librispeech_0250_tempo.npy,16000,3.44,"(13, 108)","(128, 108)","(98,)","(1,)",npy
librispeech_0251,data\features\audio_npy\librispeech_0251_mfcc.npy,data\features\audio_npy\librispeech_0251_mel_spectrogram.npy,data\features\audio_npy\librispeech_0251_pitch.npy,data\features\audio_npy\librispeech_0251_tempo.npy,16000,3.15,"(13, 99)","(128, 99)","(86,)","(1,)",npy
librispeech_0252,data\features\audio_npy\librispeech_0252_mfcc.npy,data\features\audio_npy\librispeech_0252_mel_spectrogram.npy,data\features\audio_npy\librispeech_0252_pitch.npy,data\features\audio_npy\librispeech_0252_tempo.npy,16000,2.59,"(13, 81)","(128, 81)","(73,)","(1,)",npy
librispeech_0253,data\features\audio_npy\librispeech_0253_mfcc.npy,data\features\audio_npy\librispeech_0253_mel_spectrogram.npy,data\features\audio_npy\librispeech_0253_pitch.npy,data\features\audio_npy\librispeech_0253_tempo.npy,16000,9.16,"(13, 287)","(128, 287)","(258,)","(1,)",npy
librispeech_0254,data\features\audio_npy\librispeech_0254_mfcc.npy,data\features\audio_npy\librispeech_0254_mel_spectrogram.npy,data\features\audio_npy\librispeech_0254_pitch.npy,data\features\audio_npy\librispeech_0254_tempo.npy,16000,2.8,"(13, 88)","(128, 88)","(77,)","(1,)",npy
librispeech_0255,data\features\audio_npy\librispeech_0255_mfcc.npy,data\features\audio_npy\librispeech_0255_mel_spectrogram.npy,data\features\audio_npy\librispeech_0255_pitch.npy,data\features\audio_npy\librispeech_0255_tempo.npy,16000,3.045,"(13, 96)","(128, 96)","(85,)","(1,)",npy
librispeech_0256,data\features\audio_npy\librispeech_0256_mfcc.npy,data\features\audio_npy\librispeech_0256_mel_spectrogram.npy,data\features\audio_npy\librispeech_0256_pitch.npy,data\features\audio_npy\librispeech_0256_tempo.npy,16000,9.175,"(13, 287)","(128, 287)","(262,)","(1,)",npy
librispeech_0257,data\features\audio_npy\librispeech_0257_mfcc.npy,data\features\audio_npy\librispeech_0257_mel_spectrogram.npy,data\features\audio_npy\librispeech_0257_pitch.npy,data\features\audio_npy\librispeech_0257_tempo.npy,16000,6.015,"(13, 188)","(128, 188)","(163,)","(1,)",npy
librispeech_0258,data\features\audio_npy\librispeech_0258_mfcc.npy,data\features\audio_npy\librispeech_0258_mel_spectrogram.npy,data\features\audio_npy\librispeech_0258_pitch.npy,data\features\audio_npy\librispeech_0258_tempo.npy,16000,5.56,"(13, 174)","(128, 174)","(157,)","(1,)",npy
librispeech_0259,data\features\audio_npy\librispeech_0259_mfcc.npy,data\features\audio_npy\librispeech_0259_mel_spectrogram.npy,data\features\audio_npy\librispeech_0259_pitch.npy,data\features\audio_npy\librispeech_0259_tempo.npy,16000,9.4,"(13, 294)","(128, 294)","(260,)","(1,)",npy
librispeech_0260,data\features\audio_npy\librispeech_0260_mfcc.npy,data\features\audio_npy\librispeech_0260_mel_spectrogram.npy,data\features\audio_npy\librispeech_0260_pitch.npy,data\features\audio_npy\librispeech_0260_tempo.npy,16000,6.48,"(13, 203)","(128, 203)","(173,)","(1,)",npy
librispeech_0261,data\features\audio_npy\librispeech_0261_mfcc.npy,data\features\audio_npy\librispeech_0261_mel_spectrogram.npy,data\features\audio_npy\librispeech_0261_pitch.npy,data\features\audio_npy\librispeech_0261_tempo.npy,16000,7.19,"(13, 225)","(128, 225)","(197,)","(1,)",npy
librispeech_0262,data\features\audio_npy\librispeech_0262_mfcc.npy,data\features\audio_npy\librispeech_0262_mel_spectrogram.npy,data\features\audio_npy\librispeech_0262_pitch.npy,data\features\audio_npy\librispeech_0262_tempo.npy,16000,4.045,"(13, 127)","(128, 127)","(108,)","(1,)",npy
librispeech_0263,data\features\audio_npy\librispeech_0263_mfcc.npy,data\features\audio_npy\librispeech_0263_mel_spectrogram.npy,data\features\audio_npy\librispeech_0263_pitch.npy,data\features\audio_npy\librispeech_0263_tempo.npy,16000,4.525,"(13, 142)","(128, 142)","(120,)","(1,)",npy
librispeech_0264,data\features\audio_npy\librispeech_0264_mfcc.npy,data\features\audio_npy\librispeech_0264_mel_spectrogram.npy,data\features\audio_npy\librispeech_0264_pitch.npy,data\features\audio_npy\librispeech_0264_tempo.npy,16000,6.425,"(13, 201)","(128, 201)","(181,)","(1,)",npy
librispeech_0265,data\features\audio_npy\librispeech_0265_mfcc.npy,data\features\audio_npy\librispeech_0265_mel_spectrogram.npy,data\features\audio_npy\librispeech_0265_pitch.npy,data\features\audio_npy\librispeech_0265_tempo.npy,16000,5.155,"(13, 162)","(128, 162)","(147,)","(1,)",npy
librispeech_0266,data\features\audio_npy\librispeech_0266_mfcc.npy,data\features\audio_npy\librispeech_0266_mel_spectrogram.npy,data\features\audio_npy\librispeech_0266_pitch.npy,data\features\audio_npy\librispeech_0266_tempo.npy,16000,10.025,"(13, 314)","(128, 314)","(272,)","(1,)",npy
librispeech_0267,data\features\audio_npy\librispeech_0267_mfcc.npy,data\features\audio_npy\librispeech_0267_mel_spectrogram.npy,data\features\audio_npy\librispeech_0267_pitch.npy,data\features\audio_npy\librispeech_0267_tempo.npy,16000,7.49,"(13, 235)","(128, 235)","(192,)","(1,)",npy
librispeech_0268,data\features\audio_npy\librispeech_0268_mfcc.npy,data\features\audio_npy\librispeech_0268_mel_spectrogram.npy,data\features\audio_npy\librispeech_0268_pitch.npy,data\features\audio_npy\librispeech_0268_tempo.npy,16000,7.355,"(13, 230)","(128, 230)","(192,)","(1,)",npy
librispeech_0269,data\features\audio_npy\librispeech_0269_mfcc.npy,data\features\audio_npy\librispeech_0269_mel_spectrogram.npy,data\features\audio_npy\librispeech_0269_pitch.npy,data\features\audio_npy\librispeech_0269_tempo.npy,16000,10.205,"(13, 319)","(128, 319)","(282,)","(1,)",npy
librispeech_0270,data\features\audio_npy\librispeech_0270_mfcc.npy,data\features\audio_npy\librispeech_0270_mel_spectrogram.npy,data\features\audio_npy\librispeech_0270_pitch.npy,data\features\audio_npy\librispeech_0270_tempo.npy,16000,1.935,"(13, 61)","(128, 61)","(50,)","(1,)",npy
librispeech_0271,data\features\audio_npy\librispeech_0271_mfcc.npy,data\features\audio_npy\librispeech_0271_mel_spectrogram.npy,data\features\audio_npy\librispeech_0271_pitch.npy,data\features\audio_npy\librispeech_0271_tempo.npy,16000,4.29,"(13, 135)","(128, 135)","(104,)","(1,)",npy
librispeech_0272,data\features\audio_npy\librispeech_0272_mfcc.npy,data\features\audio_npy\librispeech_0272_mel_spectrogram.npy,data\features\audio_npy\librispeech_0272_pitch.npy,data\features\audio_npy\librispeech_0272_tempo.npy,16000,5.225,"(13, 164)","(128, 164)","(130,)","(1,)",npy
librispeech_0273,data\features\audio_npy\librispeech_0273_mfcc.npy,data\features\audio_npy\librispeech_0273_mel_spectrogram.npy,data\features\audio_npy\librispeech_0273_pitch.npy,data\features\audio_npy\librispeech_0273_tempo.npy,16000,2.09,"(13, 66)","(128, 66)","(50,)","(1,)",npy
librispeech_0274,data\features\audio_npy\librispeech_0274_mfcc.npy,data\features\audio_npy\librispeech_0274_mel_spectrogram.npy,data\features\audio_npy\librispeech_0274_pitch.npy,data\features\audio_npy\librispeech_0274_tempo.npy,16000,4.655,"(13, 146)","(128, 146)","(117,)","(1,)",npy
librispeech_0275,data\features\audio_npy\librispeech_0275_mfcc.npy,data\features\audio_npy\librispeech_0275_mel_spectrogram.npy,data\features\audio_npy\librispeech_0275_pitch.npy,data\features\audio_npy\librispeech_0275_tempo.npy,16000,5.38,"(13, 169)","(128, 169)","(136,)","(1,)",npy
librispeech_0276,data\features\audio_npy\librispeech_0276_mfcc.npy,data\features\audio_npy\librispeech_0276_mel_spectrogram.npy,data\features\audio_npy\librispeech_0276_pitch.npy,data\features\audio_npy\librispeech_0276_tempo.npy,16000,4.78,"(13, 150)","(128, 150)","(119,)","(1,)",npy
librispeech_0277,data\features\audio_npy\librispeech_0277_mfcc.npy,data\features\audio_npy\librispeech_0277_mel_spectrogram.npy,data\features\audio_npy\librispeech_0277_pitch.npy,data\features\audio_npy\librispeech_0277_tempo.npy,16000,6.135,"(13, 192)","(128, 192)","(164,)","(1,)",npy
librispeech_0278,data\features\audio_npy\librispeech_0278_mfcc.npy,data\features\audio_npy\librispeech_0278_mel_spectrogram.npy,data\features\audio_npy\librispeech_0278_pitch.npy,data\features\audio_npy\librispeech_0278_tempo.npy,16000,5.235,"(13, 164)","(128, 164)","(139,)","(1,)",npy
librispeech_0279,data\features\audio_npy\librispeech_0279_mfcc.npy,data\features\audio_npy\librispeech_0279_mel_spectrogram.npy,data\features\audio_npy\librispeech_0279_pitch.npy,data\features\audio_npy\librispeech_0279_tempo.npy,16000,3.55,"(13, 111)","(128, 111)","(84,)","(1,)",npy
librispeech_0280,data\features\audio_npy\librispeech_0280_mfcc.npy,data\features\audio_npy\librispeech_0280_mel_spectrogram.npy,data\features\audio_npy\librispeech_0280_pitch.npy,data\features\audio_npy\librispeech_0280_tempo.npy,16000,6.675,"(13, 209)","(128, 209)","(178,)","(1,)",npy
librispeech_0281,data\features\audio_npy\librispeech_0281_mfcc.npy,data\features\audio_npy\librispeech_0281_mel_spectrogram.npy,data\features\audio_npy\librispeech_0281_pitch.npy,data\features\audio_npy\librispeech_0281_tempo.npy,16000,3.87,"(13, 121)","(128, 121)","(101,)","(1,)",npy
librispeech_0282,data\features\audio_npy\librispeech_0282_mfcc.npy,data\features\audio_npy\librispeech_0282_mel_spectrogram.npy,data\features\audio_npy\librispeech_0282_pitch.npy,data\features\audio_npy\librispeech_0282_tempo.npy,16000,11.79,"(13, 369)","(128, 369)","(324,)","(1,)",npy
librispeech_0283,data\features\audio_npy\librispeech_0283_mfcc.npy,data\features\audio_npy\librispeech_0283_mel_spectrogram.npy,data\features\audio_npy\librispeech_0283_pitch.npy,data\features\audio_npy\librispeech_0283_tempo.npy,16000,15.22,"(13, 476)","(128, 476)","(401,)","(1,)",npy
librispeech_0284,data\features\audio_npy\librispeech_0284_mfcc.npy,data\features\audio_npy\librispeech_0284_mel_spectrogram.npy,data\features\audio_npy\librispeech_0284_pitch.npy,data\features\audio_npy\librispeech_0284_tempo.npy,16000,4.72,"(13, 148)","(128, 148)","(121,)","(1,)",npy
librispeech_0285,data\features\audio_npy\librispeech_0285_mfcc.npy,data\features\audio_npy\librispeech_0285_mel_spectrogram.npy,data\features\audio_npy\librispeech_0285_pitch.npy,data\features\audio_npy\librispeech_0285_tempo.npy,16000,7.12,"(13, 223)","(128, 223)","(180,)","(1,)",npy
librispeech_0286,data\features\audio_npy\librispeech_0286_mfcc.npy,data\features\audio_npy\librispeech_0286_mel_spectrogram.npy,data\features\audio_npy\librispeech_0286_pitch.npy,data\features\audio_npy\librispeech_0286_tempo.npy,16000,6.1,"(13, 191)","(128, 191)","(151,)","(1,)",npy
librispeech_0287,data\features\audio_npy\librispeech_0287_mfcc.npy,data\features\audio_npy\librispeech_0287_mel_spectrogram.npy,data\features\audio_npy\librispeech_0287_pitch.npy,data\features\audio_npy\librispeech_0287_tempo.npy,16000,7.26,"(13, 227)","(128, 227)","(196,)","(1,)",npy
librispeech_0288,data\features\audio_npy\librispeech_0288_mfcc.npy,data\features\audio_npy\librispeech_0288_mel_spectrogram.npy,data\features\audio_npy\librispeech_0288_pitch.npy,data\features\audio_npy\librispeech_0288_tempo.npy,16000,7.795,"(13, 244)","(128, 244)","(195,)","(1,)",npy
librispeech_0289,data\features\audio_npy\librispeech_0289_mfcc.npy,data\features\audio_npy\librispeech_0289_mel_spectrogram.npy,data\features\audio_npy\librispeech_0289_pitch.npy,data\features\audio_npy\librispeech_0289_tempo.npy,16000,7.815,"(13, 245)","(128, 245)","(201,)","(1,)",npy
librispeech_0290,data\features\audio_npy\librispeech_0290_mfcc.npy,data\features\audio_npy\librispeech_0290_mel_spectrogram.npy,data\features\audio_npy\librispeech_0290_pitch.npy,data\features\audio_npy\librispeech_0290_tempo.npy,16000,6.705,"(13, 210)","(128, 210)","(172,)","(1,)",npy
librispeech_0291,data\features\audio_npy\librispeech_0291_mfcc.npy,data\features\audio_npy\librispeech_0291_mel_spectrogram.npy,data\features\audio_npy\librispeech_0291_pitch.npy,data\features\audio_npy\librispeech_0291_tempo.npy,16000,8.555,"(13, 268)","(128, 268)","(234,)","(1,)",npy
librispeech_0292,data\features\audio_npy\librispeech_0292_mfcc.npy,data\features\audio_npy\librispeech_0292_mel_spectrogram.npy,data\features\audio_npy\librispeech_0292_pitch.npy,data\features\audio_npy\librispeech_0292_tempo.npy,16000,6.725,"(13, 211)","(128, 211)","(190,)","(1,)",npy
librispeech_0293,data\features\audio_npy\librispeech_0293_mfcc.npy,data\features\audio_npy\librispeech_0293_mel_spectrogram.npy,data\features\audio_npy\librispeech_0293_pitch.npy,data\features\audio_npy\librispeech_0293_tempo.npy,16000,10.86,"(13, 340)","(128, 340)","(284,)","(1,)",npy
librispeech_0294,data\features\audio_npy\librispeech_0294_mfcc.npy,data\features\audio_npy\librispeech_0294_mel_spectrogram.npy,data\features\audio_npy\librispeech_0294_pitch.npy,data\features\audio_npy\librispeech_0294_tempo.npy,16000,8.82,"(13, 276)","(128, 276)","(232,)","(1,)",npy
librispeech_0295,data\features\audio_npy\librispeech_0295_mfcc.npy,data\features\audio_npy\librispeech_0295_mel_spectrogram.npy,data\features\audio_npy\librispeech_0295_pitch.npy,data\features\audio_npy\librispeech_0295_tempo.npy,16000,16.28,"(13, 509)","(128, 509)","(446,)","(1,)",npy
librispeech_0296,data\features\audio_npy\librispeech_0296_mfcc.npy,data\features\audio_npy\librispeech_0296_mel_spectrogram.npy,data\features\audio_npy\librispeech_0296_pitch.npy,data\features\audio_npy\librispeech_0296_tempo.npy,16000,9.32,"(13, 292)","(128, 292)","(248,)","(1,)",npy
librispeech_0297,data\features\audio_npy\librispeech_0297_mfcc.npy,data\features\audio_npy\librispeech_0297_mel_spectrogram.npy,data\features\audio_npy\librispeech_0297_pitch.npy,data\features\audio_npy\librispeech_0297_tempo.npy,16000,6.295,"(13, 197)","(128, 197)","(157,)","(1,)",npy
librispeech_0298,data\features\audio_npy\librispeech_0298_mfcc.npy,data\features\audio_npy\librispeech_0298_mel_spectrogram.npy,data\features\audio_npy\librispeech_0298_pitch.npy,data\features\audio_npy\librispeech_0298_tempo.npy,16000,7.75,"(13, 243)","(128, 243)","(212,)","(1,)",npy
librispeech_0299,data\features\audio_npy\librispeech_0299_mfcc.npy,data\features\audio_npy\librispeech_0299_mel_spectrogram.npy,data\features\audio_npy\librispeech_0299_pitch.npy,data\features\audio_npy\librispeech_0299_tempo.npy,16000,3.135,"(13, 98)","(128, 98)","(89,)","(1,)",npy
librispeech_0300,data\features\audio_npy\librispeech_0300_mfcc.npy,data\features\audio_npy\librispeech_0300_mel_spectrogram.npy,data\features\audio_npy\librispeech_0300_pitch.npy,data\features\audio_npy\librispeech_0300_tempo.npy,16000,13.26,"(13, 415)","(128, 415)","(358,)","(1,)",npy
librispeech_0301,data\features\audio_npy\librispeech_0301_mfcc.npy,data\features\audio_npy\librispeech_0301_mel_spectrogram.npy,data\features\audio_npy\librispeech_0301_pitch.npy,data\features\audio_npy\librispeech_0301_tempo.npy,16000,2.46,"(13, 77)","(128, 77)","(70,)","(1,)",npy
librispeech_0302,data\features\audio_npy\librispeech_0302_mfcc.npy,data\features\audio_npy\librispeech_0302_mel_spectrogram.npy,data\features\audio_npy\librispeech_0302_pitch.npy,data\features\audio_npy\librispeech_0302_tempo.npy,16000,2.825,"(13, 89)","(128, 89)","(74,)","(1,)",npy
librispeech_0303,data\features\audio_npy\librispeech_0303_mfcc.npy,data\features\audio_npy\librispeech_0303_mel_spectrogram.npy,data\features\audio_npy\librispeech_0303_pitch.npy,data\features\audio_npy\librispeech_0303_tempo.npy,16000,8.535,"(13, 267)","(128, 267)","(222,)","(1,)",npy
librispeech_0304,data\features\audio_npy\librispeech_0304_mfcc.npy,data\features\audio_npy\librispeech_0304_mel_spectrogram.npy,data\features\audio_npy\librispeech_0304_pitch.npy,data\features\audio_npy\librispeech_0304_tempo.npy,16000,5.035,"(13, 158)","(128, 158)","(140,)","(1,)",npy
librispeech_0305,data\features\audio_npy\librispeech_0305_mfcc.npy,data\features\audio_npy\librispeech_0305_mel_spectrogram.npy,data\features\audio_npy\librispeech_0305_pitch.npy,data\features\audio_npy\librispeech_0305_tempo.npy,16000,14.95,"(13, 468)","(128, 468)","(345,)","(1,)",npy
librispeech_0306,data\features\audio_npy\librispeech_0306_mfcc.npy,data\features\audio_npy\librispeech_0306_mel_spectrogram.npy,data\features\audio_npy\librispeech_0306_pitch.npy,data\features\audio_npy\librispeech_0306_tempo.npy,16000,14.21,"(13, 445)","(128, 445)","(345,)","(1,)",npy
librispeech_0307,data\features\audio_npy\librispeech_0307_mfcc.npy,data\features\audio_npy\librispeech_0307_mel_spectrogram.npy,data\features\audio_npy\librispeech_0307_pitch.npy,data\features\audio_npy\librispeech_0307_tempo.npy,16000,4.395,"(13, 138)","(128, 138)","(119,)","(1,)",npy
librispeech_0308,data\features\audio_npy\librispeech_0308_mfcc.npy,data\features\audio_npy\librispeech_0308_mel_spectrogram.npy,data\features\audio_npy\librispeech_0308_pitch.npy,data\features\audio_npy\librispeech_0308_tempo.npy,16000,2.495,"(13, 78)","(128, 78)","(53,)","(1,)",npy
librispeech_0309,data\features\audio_npy\librispeech_0309_mfcc.npy,data\features\audio_npy\librispeech_0309_mel_spectrogram.npy,data\features\audio_npy\librispeech_0309_pitch.npy,data\features\audio_npy\librispeech_0309_tempo.npy,16000,9.025,"(13, 283)","(128, 283)","(218,)","(1,)",npy
librispeech_0310,data\features\audio_npy\librispeech_0310_mfcc.npy,data\features\audio_npy\librispeech_0310_mel_spectrogram.npy,data\features\audio_npy\librispeech_0310_pitch.npy,data\features\audio_npy\librispeech_0310_tempo.npy,16000,3.47,"(13, 109)","(128, 109)","(73,)","(1,)",npy
librispeech_0311,data\features\audio_npy\librispeech_0311_mfcc.npy,data\features\audio_npy\librispeech_0311_mel_spectrogram.npy,data\features\audio_npy\librispeech_0311_pitch.npy,data\features\audio_npy\librispeech_0311_tempo.npy,16000,5.38,"(13, 169)","(128, 169)","(132,)","(1,)",npy
librispeech_0312,data\features\audio_npy\librispeech_0312_mfcc.npy,data\features\audio_npy\librispeech_0312_mel_spectrogram.npy,data\features\audio_npy\librispeech_0312_pitch.npy,data\features\audio_npy\librispeech_0312_tempo.npy,16000,5.865,"(13, 184)","(128, 184)","(136,)","(1,)",npy
librispeech_0313,data\features\audio_npy\librispeech_0313_mfcc.npy,data\features\audio_npy\librispeech_0313_mel_spectrogram.npy,data\features\audio_npy\librispeech_0313_pitch.npy,data\features\audio_npy\librispeech_0313_tempo.npy,16000,14.92,"(13, 467)","(128, 467)","(383,)","(1,)",npy
librispeech_0314,data\features\audio_npy\librispeech_0314_mfcc.npy,data\features\audio_npy\librispeech_0314_mel_spectrogram.npy,data\features\audio_npy\librispeech_0314_pitch.npy,data\features\audio_npy\librispeech_0314_tempo.npy,16000,5.16,"(13, 162)","(128, 162)","(113,)","(1,)",npy
librispeech_0315,data\features\audio_npy\librispeech_0315_mfcc.npy,data\features\audio_npy\librispeech_0315_mel_spectrogram.npy,data\features\audio_npy\librispeech_0315_pitch.npy,data\features\audio_npy\librispeech_0315_tempo.npy,16000,3.855,"(13, 121)","(128, 121)","(86,)","(1,)",npy
librispeech_0316,data\features\audio_npy\librispeech_0316_mfcc.npy,data\features\audio_npy\librispeech_0316_mel_spectrogram.npy,data\features\audio_npy\librispeech_0316_pitch.npy,data\features\audio_npy\librispeech_0316_tempo.npy,16000,5.23,"(13, 164)","(128, 164)","(127,)","(1,)",npy
librispeech_0317,data\features\audio_npy\librispeech_0317_mfcc.npy,data\features\audio_npy\librispeech_0317_mel_spectrogram.npy,data\features\audio_npy\librispeech_0317_pitch.npy,data\features\audio_npy\librispeech_0317_tempo.npy,16000,4.57,"(13, 143)","(128, 143)","(113,)","(1,)",npy
librispeech_0318,data\features\audio_npy\librispeech_0318_mfcc.npy,data\features\audio_npy\librispeech_0318_mel_spectrogram.npy,data\features\audio_npy\librispeech_0318_pitch.npy,data\features\audio_npy\librispeech_0318_tempo.npy,16000,2.89,"(13, 91)","(128, 91)","(61,)","(1,)",npy
librispeech_0319,data\features\audio_npy\librispeech_0319_mfcc.npy,data\features\audio_npy\librispeech_0319_mel_spectrogram.npy,data\features\audio_npy\librispeech_0319_pitch.npy,data\features\audio_npy\librispeech_0319_tempo.npy,16000,2.185,"(13, 69)","(128, 69)","(44,)","(1,)",npy
librispeech_0320,data\features\audio_npy\librispeech_0320_mfcc.npy,data\features\audio_npy\librispeech_0320_mel_spectrogram.npy,data\features\audio_npy\librispeech_0320_pitch.npy,data\features\audio_npy\librispeech_0320_tempo.npy,16000,4.175,"(13, 131)","(128, 131)","(91,)","(1,)",npy
librispeech_0321,data\features\audio_npy\librispeech_0321_mfcc.npy,data\features\audio_npy\librispeech_0321_mel_spectrogram.npy,data\features\audio_npy\librispeech_0321_pitch.npy,data\features\audio_npy\librispeech_0321_tempo.npy,16000,3.17,"(13, 100)","(128, 100)","(78,)","(1,)",npy
librispeech_0322,data\features\audio_npy\librispeech_0322_mfcc.npy,data\features\audio_npy\librispeech_0322_mel_spectrogram.npy,data\features\audio_npy\librispeech_0322_pitch.npy,data\features\audio_npy\librispeech_0322_tempo.npy,16000,6.3,"(13, 197)","(128, 197)","(169,)","(1,)",npy
librispeech_0323,data\features\audio_npy\librispeech_0323_mfcc.npy,data\features\audio_npy\librispeech_0323_mel_spectrogram.npy,data\features\audio_npy\librispeech_0323_pitch.npy,data\features\audio_npy\librispeech_0323_tempo.npy,16000,3.535,"(13, 111)","(128, 111)","(96,)","(1,)",npy
librispeech_0324,data\features\audio_npy\librispeech_0324_mfcc.npy,data\features\audio_npy\librispeech_0324_mel_spectrogram.npy,data\features\audio_npy\librispeech_0324_pitch.npy,data\features\audio_npy\librispeech_0324_tempo.npy,16000,6.135,"(13, 192)","(128, 192)","(155,)","(1,)",npy
librispeech_0325,data\features\audio_npy\librispeech_0325_mfcc.npy,data\features\audio_npy\librispeech_0325_mel_spectrogram.npy,data\features\audio_npy\librispeech_0325_pitch.npy,data\features\audio_npy\librispeech_0325_tempo.npy,16000,6.78,"(13, 212)","(128, 212)","(166,)","(1,)",npy
librispeech_0326,data\features\audio_npy\librispeech_0326_mfcc.npy,data\features\audio_npy\librispeech_0326_mel_spectrogram.npy,data\features\audio_npy\librispeech_0326_pitch.npy,data\features\audio_npy\librispeech_0326_tempo.npy,16000,4.935,"(13, 155)","(128, 155)","(118,)","(1,)",npy
librispeech_0327,data\features\audio_npy\librispeech_0327_mfcc.npy,data\features\audio_npy\librispeech_0327_mel_spectrogram.npy,data\features\audio_npy\librispeech_0327_pitch.npy,data\features\audio_npy\librispeech_0327_tempo.npy,16000,7.54,"(13, 236)","(128, 236)","(174,)","(1,)",npy
librispeech_0328,data\features\audio_npy\librispeech_0328_mfcc.npy,data\features\audio_npy\librispeech_0328_mel_spectrogram.npy,data\features\audio_npy\librispeech_0328_pitch.npy,data\features\audio_npy\librispeech_0328_tempo.npy,16000,4.14,"(13, 130)","(128, 130)","(105,)","(1,)",npy
librispeech_0329,data\features\audio_npy\librispeech_0329_mfcc.npy,data\features\audio_npy\librispeech_0329_mel_spectrogram.npy,data\features\audio_npy\librispeech_0329_pitch.npy,data\features\audio_npy\librispeech_0329_tempo.npy,16000,3.085,"(13, 97)","(128, 97)","(67,)","(1,)",npy
librispeech_0330,data\features\audio_npy\librispeech_0330_mfcc.npy,data\features\audio_npy\librispeech_0330_mel_spectrogram.npy,data\features\audio_npy\librispeech_0330_pitch.npy,data\features\audio_npy\librispeech_0330_tempo.npy,16000,2.41,"(13, 76)","(128, 76)","(47,)","(1,)",npy
librispeech_0331,data\features\audio_npy\librispeech_0331_mfcc.npy,data\features\audio_npy\librispeech_0331_mel_spectrogram.npy,data\features\audio_npy\librispeech_0331_pitch.npy,data\features\audio_npy\librispeech_0331_tempo.npy,16000,6.915,"(13, 217)","(128, 217)","(165,)","(1,)",npy
librispeech_0332,data\features\audio_npy\librispeech_0332_mfcc.npy,data\features\audio_npy\librispeech_0332_mel_spectrogram.npy,data\features\audio_npy\librispeech_0332_pitch.npy,data\features\audio_npy\librispeech_0332_tempo.npy,16000,7.73,"(13, 242)","(128, 242)","(206,)","(1,)",npy
librispeech_0333,data\features\audio_npy\librispeech_0333_mfcc.npy,data\features\audio_npy\librispeech_0333_mel_spectrogram.npy,data\features\audio_npy\librispeech_0333_pitch.npy,data\features\audio_npy\librispeech_0333_tempo.npy,16000,5.88,"(13, 184)","(128, 184)","(143,)","(1,)",npy
librispeech_0334,data\features\audio_npy\librispeech_0334_mfcc.npy,data\features\audio_npy\librispeech_0334_mel_spectrogram.npy,data\features\audio_npy\librispeech_0334_pitch.npy,data\features\audio_npy\librispeech_0334_tempo.npy,16000,5.65,"(13, 177)","(128, 177)","(134,)","(1,)",npy
librispeech_0335,data\features\audio_npy\librispeech_0335_mfcc.npy,data\features\audio_npy\librispeech_0335_mel_spectrogram.npy,data\features\audio_npy\librispeech_0335_pitch.npy,data\features\audio_npy\librispeech_0335_tempo.npy,16000,16.825,"(13, 526)","(128, 526)","(481,)","(1,)",npy
librispeech_0336,data\features\audio_npy\librispeech_0336_mfcc.npy,data\features\audio_npy\librispeech_0336_mel_spectrogram.npy,data\features\audio_npy\librispeech_0336_pitch.npy,data\features\audio_npy\librispeech_0336_tempo.npy,16000,11.02,"(13, 345)","(128, 345)","(324,)","(1,)",npy
librispeech_0337,data\features\audio_npy\librispeech_0337_mfcc.npy,data\features\audio_npy\librispeech_0337_mel_spectrogram.npy,data\features\audio_npy\librispeech_0337_pitch.npy,data\features\audio_npy\librispeech_0337_tempo.npy,16000,4.45,"(13, 140)","(128, 140)","(124,)","(1,)",npy
librispeech_0338,data\features\audio_npy\librispeech_0338_mfcc.npy,data\features\audio_npy\librispeech_0338_mel_spectrogram.npy,data\features\audio_npy\librispeech_0338_pitch.npy,data\features\audio_npy\librispeech_0338_tempo.npy,16000,5.58,"(13, 175)","(128, 175)","(159,)","(1,)",npy
librispeech_0339,data\features\audio_npy\librispeech_0339_mfcc.npy,data\features\audio_npy\librispeech_0339_mel_spectrogram.npy,data\features\audio_npy\librispeech_0339_pitch.npy,data\features\audio_npy\librispeech_0339_tempo.npy,16000,13.7,"(13, 429)","(128, 429)","(386,)","(1,)",npy
librispeech_0340,data\features\audio_npy\librispeech_0340_mfcc.npy,data\features\audio_npy\librispeech_0340_mel_spectrogram.npy,data\features\audio_npy\librispeech_0340_pitch.npy,data\features\audio_npy\librispeech_0340_tempo.npy,16000,16.35,"(13, 511)","(128, 511)","(461,)","(1,)",npy
librispeech_0341,data\features\audio_npy\librispeech_0341_mfcc.npy,data\features\audio_npy\librispeech_0341_mel_spectrogram.npy,data\features\audio_npy\librispeech_0341_pitch.npy,data\features\audio_npy\librispeech_0341_tempo.npy,16000,22.865,"(13, 715)","(128, 715)","(639,)","(1,)",npy
librispeech_0342,data\features\audio_npy\librispeech_0342_mfcc.npy,data\features\audio_npy\librispeech_0342_mel_spectrogram.npy,data\features\audio_npy\librispeech_0342_pitch.npy,data\features\audio_npy\librispeech_0342_tempo.npy,16000,7.44,"(13, 233)","(128, 233)","(187,)","(1,)",npy
librispeech_0343,data\features\audio_npy\librispeech_0343_mfcc.npy,data\features\audio_npy\librispeech_0343_mel_spectrogram.npy,data\features\audio_npy\librispeech_0343_pitch.npy,data\features\audio_npy\librispeech_0343_tempo.npy,16000,6.815,"(13, 213)","(128, 213)","(191,)","(1,)",npy
librispeech_0344,data\features\audio_npy\librispeech_0344_mfcc.npy,data\features\audio_npy\librispeech_0344_mel_spectrogram.npy,data\features\audio_npy\librispeech_0344_pitch.npy,data\features\audio_npy\librispeech_0344_tempo.npy,16000,7.4,"(13, 232)","(128, 232)","(200,)","(1,)",npy
librispeech_0345,data\features\audio_npy\librispeech_0345_mfcc.npy,data\features\audio_npy\librispeech_0345_mel_spectrogram.npy,data\features\audio_npy\librispeech_0345_pitch.npy,data\features\audio_npy\librispeech_0345_tempo.npy,16000,8.685,"(13, 272)","(128, 272)","(218,)","(1,)",npy
librispeech_0346,data\features\audio_npy\librispeech_0346_mfcc.npy,data\features\audio_npy\librispeech_0346_mel_spectrogram.npy,data\features\audio_npy\librispeech_0346_pitch.npy,data\features\audio_npy\librispeech_0346_tempo.npy,16000,9.55,"(13, 299)","(128, 299)","(252,)","(1,)",npy
librispeech_0347,data\features\audio_npy\librispeech_0347_mfcc.npy,data\features\audio_npy\librispeech_0347_mel_spectrogram.npy,data\features\audio_npy\librispeech_0347_pitch.npy,data\features\audio_npy\librispeech_0347_tempo.npy,16000,13.655,"(13, 427)","(128, 427)","(369,)","(1,)",npy
librispeech_0348,data\features\audio_npy\librispeech_0348_mfcc.npy,data\features\audio_npy\librispeech_0348_mel_spectrogram.npy,data\features\audio_npy\librispeech_0348_pitch.npy,data\features\audio_npy\librispeech_0348_tempo.npy,16000,10.405,"(13, 326)","(128, 326)","(298,)","(1,)",npy
librispeech_0349,data\features\audio_npy\librispeech_0349_mfcc.npy,data\features\audio_npy\librispeech_0349_mel_spectrogram.npy,data\features\audio_npy\librispeech_0349_pitch.npy,data\features\audio_npy\librispeech_0349_tempo.npy,16000,10.615,"(13, 332)","(128, 332)","(302,)","(1,)",npy
librispeech_0350,data\features\audio_npy\librispeech_0350_mfcc.npy,data\features\audio_npy\librispeech_0350_mel_spectrogram.npy,data\features\audio_npy\librispeech_0350_pitch.npy,data\features\audio_npy\librispeech_0350_tempo.npy,16000,17.335,"(13, 542)","(128, 542)","(479,)","(1,)",npy
librispeech_0351,data\features\audio_npy\librispeech_0351_mfcc.npy,data\features\audio_npy\librispeech_0351_mel_spectrogram.npy,data\features\audio_npy\librispeech_0351_pitch.npy,data\features\audio_npy\librispeech_0351_tempo.npy,16000,3.32,"(13, 104)","(128, 104)","(94,)","(1,)",npy
librispeech_0352,data\features\audio_npy\librispeech_0352_mfcc.npy,data\features\audio_npy\librispeech_0352_mel_spectrogram.npy,data\features\audio_npy\librispeech_0352_pitch.npy,data\features\audio_npy\librispeech_0352_tempo.npy,16000,7.895,"(13, 247)","(128, 247)","(213,)","(1,)",npy
librispeech_0353,data\features\audio_npy\librispeech_0353_mfcc.npy,data\features\audio_npy\librispeech_0353_mel_spectrogram.npy,data\features\audio_npy\librispeech_0353_pitch.npy,data\features\audio_npy\librispeech_0353_tempo.npy,16000,4.555,"(13, 143)","(128, 143)","(120,)","(1,)",npy
librispeech_0354,data\features\audio_npy\librispeech_0354_mfcc.npy,data\features\audio_npy\librispeech_0354_mel_spectrogram.npy,data\features\audio_npy\librispeech_0354_pitch.npy,data\features\audio_npy\librispeech_0354_tempo.npy,16000,5.16,"(13, 162)","(128, 162)","(137,)","(1,)",npy
librispeech_0355,data\features\audio_npy\librispeech_0355_mfcc.npy,data\features\audio_npy\librispeech_0355_mel_spectrogram.npy,data\features\audio_npy\librispeech_0355_pitch.npy,data\features\audio_npy\librispeech_0355_tempo.npy,16000,5.5,"(13, 172)","(128, 172)","(153,)","(1,)",npy
librispeech_0356,data\features\audio_npy\librispeech_0356_mfcc.npy,data\features\audio_npy\librispeech_0356_mel_spectrogram.npy,data\features\audio_npy\librispeech_0356_pitch.npy,data\features\audio_npy\librispeech_0356_tempo.npy,16000,6.455,"(13, 202)","(128, 202)","(182,)","(1,)",npy
librispeech_0357,data\features\audio_npy\librispeech_0357_mfcc.npy,data\features\audio_npy\librispeech_0357_mel_spectrogram.npy,data\features\audio_npy\librispeech_0357_pitch.npy,data\features\audio_npy\librispeech_0357_tempo.npy,16000,1.98,"(13, 62)","(128, 62)","(36,)","(1,)",npy
librispeech_0358,data\features\audio_npy\librispeech_0358_mfcc.npy,data\features\audio_npy\librispeech_0358_mel_spectrogram.npy,data\features\audio_npy\librispeech_0358_pitch.npy,data\features\audio_npy\librispeech_0358_tempo.npy,16000,5.28,"(13, 166)","(128, 166)","(142,)","(1,)",npy
librispeech_0359,data\features\audio_npy\librispeech_0359_mfcc.npy,data\features\audio_npy\librispeech_0359_mel_spectrogram.npy,data\features\audio_npy\librispeech_0359_pitch.npy,data\features\audio_npy\librispeech_0359_tempo.npy,16000,2.47,"(13, 78)","(128, 78)","(57,)","(1,)",npy
librispeech_0360,data\features\audio_npy\librispeech_0360_mfcc.npy,data\features\audio_npy\librispeech_0360_mel_spectrogram.npy,data\features\audio_npy\librispeech_0360_pitch.npy,data\features\audio_npy\librispeech_0360_tempo.npy,16000,6.52,"(13, 204)","(128, 204)","(171,)","(1,)",npy
librispeech_0361,data\features\audio_npy\librispeech_0361_mfcc.npy,data\features\audio_npy\librispeech_0361_mel_spectrogram.npy,data\features\audio_npy\librispeech_0361_pitch.npy,data\features\audio_npy\librispeech_0361_tempo.npy,16000,3.03,"(13, 95)","(128, 95)","(62,)","(1,)",npy
librispeech_0362,data\features\audio_npy\librispeech_0362_mfcc.npy,data\features\audio_npy\librispeech_0362_mel_spectrogram.npy,data\features\audio_npy\librispeech_0362_pitch.npy,data\features\audio_npy\librispeech_0362_tempo.npy,16000,9.69,"(13, 303)","(128, 303)","(232,)","(1,)",npy
librispeech_0363,data\features\audio_npy\librispeech_0363_mfcc.npy,data\features\audio_npy\librispeech_0363_mel_spectrogram.npy,data\features\audio_npy\librispeech_0363_pitch.npy,data\features\audio_npy\librispeech_0363_tempo.npy,16000,3.64,"(13, 114)","(128, 114)","(100,)","(1,)",npy
librispeech_0364,data\features\audio_npy\librispeech_0364_mfcc.npy,data\features\audio_npy\librispeech_0364_mel_spectrogram.npy,data\features\audio_npy\librispeech_0364_pitch.npy,data\features\audio_npy\librispeech_0364_tempo.npy,16000,5.535,"(13, 173)","(128, 173)","(167,)","(1,)",npy
librispeech_0365,data\features\audio_npy\librispeech_0365_mfcc.npy,data\features\audio_npy\librispeech_0365_mel_spectrogram.npy,data\features\audio_npy\librispeech_0365_pitch.npy,data\features\audio_npy\librispeech_0365_tempo.npy,16000,2.53,"(13, 80)","(128, 80)","(66,)","(1,)",npy
librispeech_0366,data\features\audio_npy\librispeech_0366_mfcc.npy,data\features\audio_npy\librispeech_0366_mel_spectrogram.npy,data\features\audio_npy\librispeech_0366_pitch.npy,data\features\audio_npy\librispeech_0366_tempo.npy,16000,4.745,"(13, 149)","(128, 149)","(120,)","(1,)",npy
librispeech_0367,data\features\audio_npy\librispeech_0367_mfcc.npy,data\features\audio_npy\librispeech_0367_mel_spectrogram.npy,data\features\audio_npy\librispeech_0367_pitch.npy,data\features\audio_npy\librispeech_0367_tempo.npy,16000,2.455,"(13, 77)","(128, 77)","(65,)","(1,)",npy
librispeech_0368,data\features\audio_npy\librispeech_0368_mfcc.npy,data\features\audio_npy\librispeech_0368_mel_spectrogram.npy,data\features\audio_npy\librispeech_0368_pitch.npy,data\features\audio_npy\librispeech_0368_tempo.npy,16000,6.12,"(13, 192)","(128, 192)","(156,)","(1,)",npy
librispeech_0369,data\features\audio_npy\librispeech_0369_mfcc.npy,data\features\audio_npy\librispeech_0369_mel_spectrogram.npy,data\features\audio_npy\librispeech_0369_pitch.npy,data\features\audio_npy\librispeech_0369_tempo.npy,16000,5.35,"(13, 168)","(128, 168)","(150,)","(1,)",npy
librispeech_0370,data\features\audio_npy\librispeech_0370_mfcc.npy,data\features\audio_npy\librispeech_0370_mel_spectrogram.npy,data\features\audio_npy\librispeech_0370_pitch.npy,data\features\audio_npy\librispeech_0370_tempo.npy,16000,2.715,"(13, 85)","(128, 85)","(74,)","(1,)",npy
librispeech_0371,data\features\audio_npy\librispeech_0371_mfcc.npy,data\features\audio_npy\librispeech_0371_mel_spectrogram.npy,data\features\audio_npy\librispeech_0371_pitch.npy,data\features\audio_npy\librispeech_0371_tempo.npy,16000,6.4,"(13, 201)","(128, 201)","(181,)","(1,)",npy
librispeech_0372,data\features\audio_npy\librispeech_0372_mfcc.npy,data\features\audio_npy\librispeech_0372_mel_spectrogram.npy,data\features\audio_npy\librispeech_0372_pitch.npy,data\features\audio_npy\librispeech_0372_tempo.npy,16000,4.28,"(13, 134)","(128, 134)","(110,)","(1,)",npy
librispeech_0373,data\features\audio_npy\librispeech_0373_mfcc.npy,data\features\audio_npy\librispeech_0373_mel_spectrogram.npy,data\features\audio_npy\librispeech_0373_pitch.npy,data\features\audio_npy\librispeech_0373_tempo.npy,16000,2.765,"(13, 87)","(128, 87)","(68,)","(1,)",npy
librispeech_0374,data\features\audio_npy\librispeech_0374_mfcc.npy,data\features\audio_npy\librispeech_0374_mel_spectrogram.npy,data\features\audio_npy\librispeech_0374_pitch.npy,data\features\audio_npy\librispeech_0374_tempo.npy,16000,4.32,"(13, 136)","(128, 136)","(111,)","(1,)",npy
librispeech_0375,data\features\audio_npy\librispeech_0375_mfcc.npy,data\features\audio_npy\librispeech_0375_mel_spectrogram.npy,data\features\audio_npy\librispeech_0375_pitch.npy,data\features\audio_npy\librispeech_0375_tempo.npy,16000,6.005,"(13, 188)","(128, 188)","(164,)","(1,)",npy
librispeech_0376,data\features\audio_npy\librispeech_0376_mfcc.npy,data\features\audio_npy\librispeech_0376_mel_spectrogram.npy,data\features\audio_npy\librispeech_0376_pitch.npy,data\features\audio_npy\librispeech_0376_tempo.npy,16000,2.91,"(13, 91)","(128, 91)","(79,)","(1,)",npy
librispeech_0377,data\features\audio_npy\librispeech_0377_mfcc.npy,data\features\audio_npy\librispeech_0377_mel_spectrogram.npy,data\features\audio_npy\librispeech_0377_pitch.npy,data\features\audio_npy\librispeech_0377_tempo.npy,16000,2.595,"(13, 82)","(128, 82)","(63,)","(1,)",npy
librispeech_0378,data\features\audio_npy\librispeech_0378_mfcc.npy,data\features\audio_npy\librispeech_0378_mel_spectrogram.npy,data\features\audio_npy\librispeech_0378_pitch.npy,data\features\audio_npy\librispeech_0378_tempo.npy,16000,2.545,"(13, 80)","(128, 80)","(69,)","(1,)",npy
librispeech_0379,data\features\audio_npy\librispeech_0379_mfcc.npy,data\features\audio_npy\librispeech_0379_mel_spectrogram.npy,data\features\audio_npy\librispeech_0379_pitch.npy,data\features\audio_npy\librispeech_0379_tempo.npy,16000,2.95,"(13, 93)","(128, 93)","(83,)","(1,)",npy
librispeech_0380,data\features\audio_npy\librispeech_0380_mfcc.npy,data\features\audio_npy\librispeech_0380_mel_spectrogram.npy,data\features\audio_npy\librispeech_0380_pitch.npy,data\features\audio_npy\librispeech_0380_tempo.npy,16000,2.74,"(13, 86)","(128, 86)","(64,)","(1,)",npy
librispeech_0381,data\features\audio_npy\librispeech_0381_mfcc.npy,data\features\audio_npy\librispeech_0381_mel_spectrogram.npy,data\features\audio_npy\librispeech_0381_pitch.npy,data\features\audio_npy\librispeech_0381_tempo.npy,16000,2.3,"(13, 72)","(128, 72)","(53,)","(1,)",npy
librispeech_0382,data\features\audio_npy\librispeech_0382_mfcc.npy,data\features\audio_npy\librispeech_0382_mel_spectrogram.npy,data\features\audio_npy\librispeech_0382_pitch.npy,data\features\audio_npy\librispeech_0382_tempo.npy,16000,5.06,"(13, 159)","(128, 159)","(131,)","(1,)",npy
librispeech_0383,data\features\audio_npy\librispeech_0383_mfcc.npy,data\features\audio_npy\librispeech_0383_mel_spectrogram.npy,data\features\audio_npy\librispeech_0383_pitch.npy,data\features\audio_npy\librispeech_0383_tempo.npy,16000,9.45,"(13, 296)","(128, 296)","(240,)","(1,)",npy
librispeech_0384,data\features\audio_npy\librispeech_0384_mfcc.npy,data\features\audio_npy\librispeech_0384_mel_spectrogram.npy,data\features\audio_npy\librispeech_0384_pitch.npy,data\features\audio_npy\librispeech_0384_tempo.npy,16000,4.255,"(13, 133)","(128, 133)","(104,)","(1,)",npy
librispeech_0385,data\features\audio_npy\librispeech_0385_mfcc.npy,data\features\audio_npy\librispeech_0385_mel_spectrogram.npy,data\features\audio_npy\librispeech_0385_pitch.npy,data\features\audio_npy\librispeech_0385_tempo.npy,16000,11.12,"(13, 348)","(128, 348)","(297,)","(1,)",npy
librispeech_0386,data\features\audio_npy\librispeech_0386_mfcc.npy,data\features\audio_npy\librispeech_0386_mel_spectrogram.npy,data\features\audio_npy\librispeech_0386_pitch.npy,data\features\audio_npy\librispeech_0386_tempo.npy,16000,4.575,"(13, 143)","(128, 143)","(108,)","(1,)",npy
librispeech_0387,data\features\audio_npy\librispeech_0387_mfcc.npy,data\features\audio_npy\librispeech_0387_mel_spectrogram.npy,data\features\audio_npy\librispeech_0387_pitch.npy,data\features\audio_npy\librispeech_0387_tempo.npy,16000,12.255,"(13, 383)","(128, 383)","(318,)","(1,)",npy
librispeech_0388,data\features\audio_npy\librispeech_0388_mfcc.npy,data\features\audio_npy\librispeech_0388_mel_spectrogram.npy,data\features\audio_npy\librispeech_0388_pitch.npy,data\features\audio_npy\librispeech_0388_tempo.npy,16000,4.425,"(13, 139)","(128, 139)","(120,)","(1,)",npy
librispeech_0389,data\features\audio_npy\librispeech_0389_mfcc.npy,data\features\audio_npy\librispeech_0389_mel_spectrogram.npy,data\features\audio_npy\librispeech_0389_pitch.npy,data\features\audio_npy\librispeech_0389_tempo.npy,16000,4.815,"(13, 151)","(128, 151)","(112,)","(1,)",npy
librispeech_0390,data\features\audio_npy\librispeech_0390_mfcc.npy,data\features\audio_npy\librispeech_0390_mel_spectrogram.npy,data\features\audio_npy\librispeech_0390_pitch.npy,data\features\audio_npy\librispeech_0390_tempo.npy,16000,3.42,"(13, 107)","(128, 107)","(83,)","(1,)",npy
librispeech_0391,data\features\audio_npy\librispeech_0391_mfcc.npy,data\features\audio_npy\librispeech_0391_mel_spectrogram.npy,data\features\audio_npy\librispeech_0391_pitch.npy,data\features\audio_npy\librispeech_0391_tempo.npy,16000,7.45,"(13, 233)","(128, 233)","(177,)","(1,)",npy
librispeech_0392,data\features\audio_npy\librispeech_0392_mfcc.npy,data\features\audio_npy\librispeech_0392_mel_spectrogram.npy,data\features\audio_npy\librispeech_0392_pitch.npy,data\features\audio_npy\librispeech_0392_tempo.npy,16000,4.835,"(13, 152)","(128, 152)","(120,)","(1,)",npy
librispeech_0393,data\features\audio_npy\librispeech_0393_mfcc.npy,data\features\audio_npy\librispeech_0393_mel_spectrogram.npy,data\features\audio_npy\librispeech_0393_pitch.npy,data\features\audio_npy\librispeech_0393_tempo.npy,16000,15.15,"(13, 474)","(128, 474)","(388,)","(1,)",npy
librispeech_0394,data\features\audio_npy\librispeech_0394_mfcc.npy,data\features\audio_npy\librispeech_0394_mel_spectrogram.npy,data\features\audio_npy\librispeech_0394_pitch.npy,data\features\audio_npy\librispeech_0394_tempo.npy,16000,7.42,"(13, 232)","(128, 232)","(190,)","(1,)",npy
librispeech_0395,data\features\audio_npy\librispeech_0395_mfcc.npy,data\features\audio_npy\librispeech_0395_mel_spectrogram.npy,data\features\audio_npy\librispeech_0395_pitch.npy,data\features\audio_npy\librispeech_0395_tempo.npy,16000,9.51,"(13, 298)","(128, 298)","(268,)","(1,)",npy
librispeech_0396,data\features\audio_npy\librispeech_0396_mfcc.npy,data\features\audio_npy\librispeech_0396_mel_spectrogram.npy,data\features\audio_npy\librispeech_0396_pitch.npy,data\features\audio_npy\librispeech_0396_tempo.npy,16000,12.535,"(13, 392)","(128, 392)","(323,)","(1,)",npy
librispeech_0397,data\features\audio_npy\librispeech_0397_mfcc.npy,data\features\audio_npy\librispeech_0397_mel_spectrogram.npy,data\features\audio_npy\librispeech_0397_pitch.npy,data\features\audio_npy\librispeech_0397_tempo.npy,16000,2.73,"(13, 86)","(128, 86)","(62,)","(1,)",npy
librispeech_0398,data\features\audio_npy\librispeech_0398_mfcc.npy,data\features\audio_npy\librispeech_0398_mel_spectrogram.npy,data\features\audio_npy\librispeech_0398_pitch.npy,data\features\audio_npy\librispeech_0398_tempo.npy,16000,4.05,"(13, 127)","(128, 127)","(97,)","(1,)",npy
librispeech_0399,data\features\audio_npy\librispeech_0399_mfcc.npy,data\features\audio_npy\librispeech_0399_mel_spectrogram.npy,data\features\audio_npy\librispeech_0399_pitch.npy,data\features\audio_npy\librispeech_0399_tempo.npy,16000,4.94,"(13, 155)","(128, 155)","(110,)","(1,)",npy
librispeech_0400,data\features\audio_npy\librispeech_0400_mfcc.npy,data\features\audio_npy\librispeech_0400_mel_spectrogram.npy,data\features\audio_npy\librispeech_0400_pitch.npy,data\features\audio_npy\librispeech_0400_tempo.npy,16000,2.205,"(13, 69)","(128, 69)","(40,)","(1,)",npy
librispeech_0401,data\features\audio_npy\librispeech_0401_mfcc.npy,data\features\audio_npy\librispeech_0401_mel_spectrogram.npy,data\features\audio_npy\librispeech_0401_pitch.npy,data\features\audio_npy\librispeech_0401_tempo.npy,16000,3.635,"(13, 114)","(128, 114)","(87,)","(1,)",npy
librispeech_0402,data\features\audio_npy\librispeech_0402_mfcc.npy,data\features\audio_npy\librispeech_0402_mel_spectrogram.npy,data\features\audio_npy\librispeech_0402_pitch.npy,data\features\audio_npy\librispeech_0402_tempo.npy,16000,3.02,"(13, 95)","(128, 95)","(83,)","(1,)",npy
librispeech_0403,data\features\audio_npy\librispeech_0403_mfcc.npy,data\features\audio_npy\librispeech_0403_mel_spectrogram.npy,data\features\audio_npy\librispeech_0403_pitch.npy,data\features\audio_npy\librispeech_0403_tempo.npy,16000,7.02,"(13, 220)","(128, 220)","(183,)","(1,)",npy
librispeech_0404,data\features\audio_npy\librispeech_0404_mfcc.npy,data\features\audio_npy\librispeech_0404_mel_spectrogram.npy,data\features\audio_npy\librispeech_0404_pitch.npy,data\features\audio_npy\librispeech_0404_tempo.npy,16000,13.6,"(13, 426)","(128, 426)","(339,)","(1,)",npy
librispeech_0405,data\features\audio_npy\librispeech_0405_mfcc.npy,data\features\audio_npy\librispeech_0405_mel_spectrogram.npy,data\features\audio_npy\librispeech_0405_pitch.npy,data\features\audio_npy\librispeech_0405_tempo.npy,16000,9.18,"(13, 287)","(128, 287)","(232,)","(1,)",npy
librispeech_0406,data\features\audio_npy\librispeech_0406_mfcc.npy,data\features\audio_npy\librispeech_0406_mel_spectrogram.npy,data\features\audio_npy\librispeech_0406_pitch.npy,data\features\audio_npy\librispeech_0406_tempo.npy,16000,1.97,"(13, 62)","(128, 62)","(44,)","(1,)",npy
librispeech_0407,data\features\audio_npy\librispeech_0407_mfcc.npy,data\features\audio_npy\librispeech_0407_mel_spectrogram.npy,data\features\audio_npy\librispeech_0407_pitch.npy,data\features\audio_npy\librispeech_0407_tempo.npy,16000,4.33,"(13, 136)","(128, 136)","(106,)","(1,)",npy
librispeech_0408,data\features\audio_npy\librispeech_0408_mfcc.npy,data\features\audio_npy\librispeech_0408_mel_spectrogram.npy,data\features\audio_npy\librispeech_0408_pitch.npy,data\features\audio_npy\librispeech_0408_tempo.npy,16000,12.77,"(13, 400)","(128, 400)","(334,)","(1,)",npy
librispeech_0409,data\features\audio_npy\librispeech_0409_mfcc.npy,data\features\audio_npy\librispeech_0409_mel_spectrogram.npy,data\features\audio_npy\librispeech_0409_pitch.npy,data\features\audio_npy\librispeech_0409_tempo.npy,16000,3.585,"(13, 113)","(128, 113)","(91,)","(1,)",npy
librispeech_0410,data\features\audio_npy\librispeech_0410_mfcc.npy,data\features\audio_npy\librispeech_0410_mel_spectrogram.npy,data\features\audio_npy\librispeech_0410_pitch.npy,data\features\audio_npy\librispeech_0410_tempo.npy,16000,6.465,"(13, 203)","(128, 203)","(165,)","(1,)",npy
librispeech_0411,data\features\audio_npy\librispeech_0411_mfcc.npy,data\features\audio_npy\librispeech_0411_mel_spectrogram.npy,data\features\audio_npy\librispeech_0411_pitch.npy,data\features\audio_npy\librispeech_0411_tempo.npy,16000,11.065,"(13, 346)","(128, 346)","(284,)","(1,)",npy
librispeech_0412,data\features\audio_npy\librispeech_0412_mfcc.npy,data\features\audio_npy\librispeech_0412_mel_spectrogram.npy,data\features\audio_npy\librispeech_0412_pitch.npy,data\features\audio_npy\librispeech_0412_tempo.npy,16000,5.85,"(13, 183)","(128, 183)","(140,)","(1,)",npy
librispeech_0413,data\features\audio_npy\librispeech_0413_mfcc.npy,data\features\audio_npy\librispeech_0413_mel_spectrogram.npy,data\features\audio_npy\librispeech_0413_pitch.npy,data\features\audio_npy\librispeech_0413_tempo.npy,16000,3.655,"(13, 115)","(128, 115)","(89,)","(1,)",npy
librispeech_0414,data\features\audio_npy\librispeech_0414_mfcc.npy,data\features\audio_npy\librispeech_0414_mel_spectrogram.npy,data\features\audio_npy\librispeech_0414_pitch.npy,data\features\audio_npy\librispeech_0414_tempo.npy,16000,3.48,"(13, 109)","(128, 109)","(81,)","(1,)",npy
librispeech_0415,data\features\audio_npy\librispeech_0415_mfcc.npy,data\features\audio_npy\librispeech_0415_mel_spectrogram.npy,data\features\audio_npy\librispeech_0415_pitch.npy,data\features\audio_npy\librispeech_0415_tempo.npy,16000,5.585,"(13, 175)","(128, 175)","(149,)","(1,)",npy
librispeech_0416,data\features\audio_npy\librispeech_0416_mfcc.npy,data\features\audio_npy\librispeech_0416_mel_spectrogram.npy,data\features\audio_npy\librispeech_0416_pitch.npy,data\features\audio_npy\librispeech_0416_tempo.npy,16000,9.07,"(13, 284)","(128, 284)","(230,)","(1,)",npy
librispeech_0417,data\features\audio_npy\librispeech_0417_mfcc.npy,data\features\audio_npy\librispeech_0417_mel_spectrogram.npy,data\features\audio_npy\librispeech_0417_pitch.npy,data\features\audio_npy\librispeech_0417_tempo.npy,16000,5.44,"(13, 171)","(128, 171)","(136,)","(1,)",npy
librispeech_0418,data\features\audio_npy\librispeech_0418_mfcc.npy,data\features\audio_npy\librispeech_0418_mel_spectrogram.npy,data\features\audio_npy\librispeech_0418_pitch.npy,data\features\audio_npy\librispeech_0418_tempo.npy,16000,3.1,"(13, 97)","(128, 97)","(76,)","(1,)",npy
librispeech_0419,data\features\audio_npy\librispeech_0419_mfcc.npy,data\features\audio_npy\librispeech_0419_mel_spectrogram.npy,data\features\audio_npy\librispeech_0419_pitch.npy,data\features\audio_npy\librispeech_0419_tempo.npy,16000,2.835,"(13, 89)","(128, 89)","(72,)","(1,)",npy
librispeech_0420,data\features\audio_npy\librispeech_0420_mfcc.npy,data\features\audio_npy\librispeech_0420_mel_spectrogram.npy,data\features\audio_npy\librispeech_0420_pitch.npy,data\features\audio_npy\librispeech_0420_tempo.npy,16000,4.985,"(13, 156)","(128, 156)","(135,)","(1,)",npy
librispeech_0421,data\features\audio_npy\librispeech_0421_mfcc.npy,data\features\audio_npy\librispeech_0421_mel_spectrogram.npy,data\features\audio_npy\librispeech_0421_pitch.npy,data\features\audio_npy\librispeech_0421_tempo.npy,16000,10.09,"(13, 316)","(128, 316)","(254,)","(1,)",npy
librispeech_0422,data\features\audio_npy\librispeech_0422_mfcc.npy,data\features\audio_npy\librispeech_0422_mel_spectrogram.npy,data\features\audio_npy\librispeech_0422_pitch.npy,data\features\audio_npy\librispeech_0422_tempo.npy,16000,5.57,"(13, 175)","(128, 175)","(156,)","(1,)",npy
librispeech_0423,data\features\audio_npy\librispeech_0423_mfcc.npy,data\features\audio_npy\librispeech_0423_mel_spectrogram.npy,data\features\audio_npy\librispeech_0423_pitch.npy,data\features\audio_npy\librispeech_0423_tempo.npy,16000,2.535,"(13, 80)","(128, 80)","(59,)","(1,)",npy
librispeech_0424,data\features\audio_npy\librispeech_0424_mfcc.npy,data\features\audio_npy\librispeech_0424_mel_spectrogram.npy,data\features\audio_npy\librispeech_0424_pitch.npy,data\features\audio_npy\librispeech_0424_tempo.npy,16000,4.025,"(13, 126)","(128, 126)","(99,)","(1,)",npy
librispeech_0425,data\features\audio_npy\librispeech_0425_mfcc.npy,data\features\audio_npy\librispeech_0425_mel_spectrogram.npy,data\features\audio_npy\librispeech_0425_pitch.npy,data\features\audio_npy\librispeech_0425_tempo.npy,16000,11.975,"(13, 375)","(128, 375)","(293,)","(1,)",npy
librispeech_0426,data\features\audio_npy\librispeech_0426_mfcc.npy,data\features\audio_npy\librispeech_0426_mel_spectrogram.npy,data\features\audio_npy\librispeech_0426_pitch.npy,data\features\audio_npy\librispeech_0426_tempo.npy,16000,2.245,"(13, 71)","(128, 71)","(54,)","(1,)",npy
librispeech_0427,data\features\audio_npy\librispeech_0427_mfcc.npy,data\features\audio_npy\librispeech_0427_mel_spectrogram.npy,data\features\audio_npy\librispeech_0427_pitch.npy,data\features\audio_npy\librispeech_0427_tempo.npy,16000,8.125,"(13, 254)","(128, 254)","(208,)","(1,)",npy
librispeech_0428,data\features\audio_npy\librispeech_0428_mfcc.npy,data\features\audio_npy\librispeech_0428_mel_spectrogram.npy,data\features\audio_npy\librispeech_0428_pitch.npy,data\features\audio_npy\librispeech_0428_tempo.npy,16000,5.975,"(13, 187)","(128, 187)","(152,)","(1,)",npy
librispeech_0429,data\features\audio_npy\librispeech_0429_mfcc.npy,data\features\audio_npy\librispeech_0429_mel_spectrogram.npy,data\features\audio_npy\librispeech_0429_pitch.npy,data\features\audio_npy\librispeech_0429_tempo.npy,16000,2.25,"(13, 71)","(128, 71)","(45,)","(1,)",npy
librispeech_0430,data\features\audio_npy\librispeech_0430_mfcc.npy,data\features\audio_npy\librispeech_0430_mel_spectrogram.npy,data\features\audio_npy\librispeech_0430_pitch.npy,data\features\audio_npy\librispeech_0430_tempo.npy,16000,6.81,"(13, 213)","(128, 213)","(169,)","(1,)",npy
librispeech_0431,data\features\audio_npy\librispeech_0431_mfcc.npy,data\features\audio_npy\librispeech_0431_mel_spectrogram.npy,data\features\audio_npy\librispeech_0431_pitch.npy,data\features\audio_npy\librispeech_0431_tempo.npy,16000,4.335,"(13, 136)","(128, 136)","(110,)","(1,)",npy
librispeech_0432,data\features\audio_npy\librispeech_0432_mfcc.npy,data\features\audio_npy\librispeech_0432_mel_spectrogram.npy,data\features\audio_npy\librispeech_0432_pitch.npy,data\features\audio_npy\librispeech_0432_tempo.npy,16000,4.95,"(13, 155)","(128, 155)","(125,)","(1,)",npy
librispeech_0433,data\features\audio_npy\librispeech_0433_mfcc.npy,data\features\audio_npy\librispeech_0433_mel_spectrogram.npy,data\features\audio_npy\librispeech_0433_pitch.npy,data\features\audio_npy\librispeech_0433_tempo.npy,16000,4.66,"(13, 146)","(128, 146)","(114,)","(1,)",npy
librispeech_0434,data\features\audio_npy\librispeech_0434_mfcc.npy,data\features\audio_npy\librispeech_0434_mel_spectrogram.npy,data\features\audio_npy\librispeech_0434_pitch.npy,data\features\audio_npy\librispeech_0434_tempo.npy,16000,3.03,"(13, 95)","(128, 95)","(79,)","(1,)",npy
librispeech_0435,data\features\audio_npy\librispeech_0435_mfcc.npy,data\features\audio_npy\librispeech_0435_mel_spectrogram.npy,data\features\audio_npy\librispeech_0435_pitch.npy,data\features\audio_npy\librispeech_0435_tempo.npy,16000,3.855,"(13, 121)","(128, 121)","(98,)","(1,)",npy
librispeech_0436,data\features\audio_npy\librispeech_0436_mfcc.npy,data\features\audio_npy\librispeech_0436_mel_spectrogram.npy,data\features\audio_npy\librispeech_0436_pitch.npy,data\features\audio_npy\librispeech_0436_tempo.npy,16000,9.26,"(13, 290)","(128, 290)","(257,)","(1,)",npy
librispeech_0437,data\features\audio_npy\librispeech_0437_mfcc.npy,data\features\audio_npy\librispeech_0437_mel_spectrogram.npy,data\features\audio_npy\librispeech_0437_pitch.npy,data\features\audio_npy\librispeech_0437_tempo.npy,16000,10.975,"(13, 343)","(128, 343)","(284,)","(1,)",npy
librispeech_0438,data\features\audio_npy\librispeech_0438_mfcc.npy,data\features\audio_npy\librispeech_0438_mel_spectrogram.npy,data\features\audio_npy\librispeech_0438_pitch.npy,data\features\audio_npy\librispeech_0438_tempo.npy,16000,5.225,"(13, 164)","(128, 164)","(145,)","(1,)",npy
librispeech_0439,data\features\audio_npy\librispeech_0439_mfcc.npy,data\features\audio_npy\librispeech_0439_mel_spectrogram.npy,data\features\audio_npy\librispeech_0439_pitch.npy,data\features\audio_npy\librispeech_0439_tempo.npy,16000,6.16,"(13, 193)","(128, 193)","(153,)","(1,)",npy
librispeech_0440,data\features\audio_npy\librispeech_0440_mfcc.npy,data\features\audio_npy\librispeech_0440_mel_spectrogram.npy,data\features\audio_npy\librispeech_0440_pitch.npy,data\features\audio_npy\librispeech_0440_tempo.npy,16000,7.895,"(13, 247)","(128, 247)","(206,)","(1,)",npy
librispeech_0441,data\features\audio_npy\librispeech_0441_mfcc.npy,data\features\audio_npy\librispeech_0441_mel_spectrogram.npy,data\features\audio_npy\librispeech_0441_pitch.npy,data\features\audio_npy\librispeech_0441_tempo.npy,16000,4.565,"(13, 143)","(128, 143)","(119,)","(1,)",npy
librispeech_0442,data\features\audio_npy\librispeech_0442_mfcc.npy,data\features\audio_npy\librispeech_0442_mel_spectrogram.npy,data\features\audio_npy\librispeech_0442_pitch.npy,data\features\audio_npy\librispeech_0442_tempo.npy,16000,2.375,"(13, 75)","(128, 75)","(47,)","(1,)",npy
librispeech_0443,data\features\audio_npy\librispeech_0443_mfcc.npy,data\features\audio_npy\librispeech_0443_mel_spectrogram.npy,data\features\audio_npy\librispeech_0443_pitch.npy,data\features\audio_npy\librispeech_0443_tempo.npy,16000,18.17,"(13, 568)","(128, 568)","(461,)","(1,)",npy
librispeech_0444,data\features\audio_npy\librispeech_0444_mfcc.npy,data\features\audio_npy\librispeech_0444_mel_spectrogram.npy,data\features\audio_npy\librispeech_0444_pitch.npy,data\features\audio_npy\librispeech_0444_tempo.npy,16000,5.86,"(13, 184)","(128, 184)","(153,)","(1,)",npy
librispeech_0445,data\features\audio_npy\librispeech_0445_mfcc.npy,data\features\audio_npy\librispeech_0445_mel_spectrogram.npy,data\features\audio_npy\librispeech_0445_pitch.npy,data\features\audio_npy\librispeech_0445_tempo.npy,16000,5.225,"(13, 164)","(128, 164)","(135,)","(1,)",npy
librispeech_0446,data\features\audio_npy\librispeech_0446_mfcc.npy,data\features\audio_npy\librispeech_0446_mel_spectrogram.npy,data\features\audio_npy\librispeech_0446_pitch.npy,data\features\audio_npy\librispeech_0446_tempo.npy,16000,11.595,"(13, 363)","(128, 363)","(314,)","(1,)",npy
librispeech_0447,data\features\audio_npy\librispeech_0447_mfcc.npy,data\features\audio_npy\librispeech_0447_mel_spectrogram.npy,data\features\audio_npy\librispeech_0447_pitch.npy,data\features\audio_npy\librispeech_0447_tempo.npy,16000,5.245,"(13, 164)","(128, 164)","(140,)","(1,)",npy
librispeech_0448,data\features\audio_npy\librispeech_0448_mfcc.npy,data\features\audio_npy\librispeech_0448_mel_spectrogram.npy,data\features\audio_npy\librispeech_0448_pitch.npy,data\features\audio_npy\librispeech_0448_tempo.npy,16000,2.765,"(13, 87)","(128, 87)","(77,)","(1,)",npy
librispeech_0449,data\features\audio_npy\librispeech_0449_mfcc.npy,data\features\audio_npy\librispeech_0449_mel_spectrogram.npy,data\features\audio_npy\librispeech_0449_pitch.npy,data\features\audio_npy\librispeech_0449_tempo.npy,16000,4.945,"(13, 155)","(128, 155)","(134,)","(1,)",npy
librispeech_0450,data\features\audio_npy\librispeech_0450_mfcc.npy,data\features\audio_npy\librispeech_0450_mel_spectrogram.npy,data\features\audio_npy\librispeech_0450_pitch.npy,data\features\audio_npy\librispeech_0450_tempo.npy,16000,7.315,"(13, 229)","(128, 229)","(188,)","(1,)",npy
librispeech_0451,data\features\audio_npy\librispeech_0451_mfcc.npy,data\features\audio_npy\librispeech_0451_mel_spectrogram.npy,data\features\audio_npy\librispeech_0451_pitch.npy,data\features\audio_npy\librispeech_0451_tempo.npy,16000,2.305,"(13, 73)","(128, 73)","(62,)","(1,)",npy
librispeech_0452,data\features\audio_npy\librispeech_0452_mfcc.npy,data\features\audio_npy\librispeech_0452_mel_spectrogram.npy,data\features\audio_npy\librispeech_0452_pitch.npy,data\features\audio_npy\librispeech_0452_tempo.npy,16000,2.71,"(13, 85)","(128, 85)","(63,)","(1,)",npy
librispeech_0453,data\features\audio_npy\librispeech_0453_mfcc.npy,data\features\audio_npy\librispeech_0453_mel_spectrogram.npy,data\features\audio_npy\librispeech_0453_pitch.npy,data\features\audio_npy\librispeech_0453_tempo.npy,16000,3.8,"(13, 119)","(128, 119)","(94,)","(1,)",npy
librispeech_0454,data\features\audio_npy\librispeech_0454_mfcc.npy,data\features\audio_npy\librispeech_0454_mel_spectrogram.npy,data\features\audio_npy\librispeech_0454_pitch.npy,data\features\audio_npy\librispeech_0454_tempo.npy,16000,3.48,"(13, 109)","(128, 109)","(82,)","(1,)",npy
librispeech_0455,data\features\audio_npy\librispeech_0455_mfcc.npy,data\features\audio_npy\librispeech_0455_mel_spectrogram.npy,data\features\audio_npy\librispeech_0455_pitch.npy,data\features\audio_npy\librispeech_0455_tempo.npy,16000,4.495,"(13, 141)","(128, 141)","(114,)","(1,)",npy
librispeech_0456,data\features\audio_npy\librispeech_0456_mfcc.npy,data\features\audio_npy\librispeech_0456_mel_spectrogram.npy,data\features\audio_npy\librispeech_0456_pitch.npy,data\features\audio_npy\librispeech_0456_tempo.npy,16000,4.26,"(13, 134)","(128, 134)","(104,)","(1,)",npy
librispeech_0457,data\features\audio_npy\librispeech_0457_mfcc.npy,data\features\audio_npy\librispeech_0457_mel_spectrogram.npy,data\features\audio_npy\librispeech_0457_pitch.npy,data\features\audio_npy\librispeech_0457_tempo.npy,16000,2.405,"(13, 76)","(128, 76)","(58,)","(1,)",npy
librispeech_0458,data\features\audio_npy\librispeech_0458_mfcc.npy,data\features\audio_npy\librispeech_0458_mel_spectrogram.npy,data\features\audio_npy\librispeech_0458_pitch.npy,data\features\audio_npy\librispeech_0458_tempo.npy,16000,2.27,"(13, 71)","(128, 71)","(60,)","(1,)",npy
librispeech_0459,data\features\audio_npy\librispeech_0459_mfcc.npy,data\features\audio_npy\librispeech_0459_mel_spectrogram.npy,data\features\audio_npy\librispeech_0459_pitch.npy,data\features\audio_npy\librispeech_0459_tempo.npy,16000,10.04,"(13, 314)","(128, 314)","(274,)","(1,)",npy
librispeech_0460,data\features\audio_npy\librispeech_0460_mfcc.npy,data\features\audio_npy\librispeech_0460_mel_spectrogram.npy,data\features\audio_npy\librispeech_0460_pitch.npy,data\features\audio_npy\librispeech_0460_tempo.npy,16000,2.535,"(13, 80)","(128, 80)","(72,)","(1,)",npy
librispeech_0461,data\features\audio_npy\librispeech_0461_mfcc.npy,data\features\audio_npy\librispeech_0461_mel_spectrogram.npy,data\features\audio_npy\librispeech_0461_pitch.npy,data\features\audio_npy\librispeech_0461_tempo.npy,16000,1.505,"(13, 48)","(128, 48)","(46,)","(1,)",npy
librispeech_0462,data\features\audio_npy\librispeech_0462_mfcc.npy,data\features\audio_npy\librispeech_0462_mel_spectrogram.npy,data\features\audio_npy\librispeech_0462_pitch.npy,data\features\audio_npy\librispeech_0462_tempo.npy,16000,2.09,"(13, 66)","(128, 66)","(48,)","(1,)",npy
librispeech_0463,data\features\audio_npy\librispeech_0463_mfcc.npy,data\features\audio_npy\librispeech_0463_mel_spectrogram.npy,data\features\audio_npy\librispeech_0463_pitch.npy,data\features\audio_npy\librispeech_0463_tempo.npy,16000,3.99,"(13, 125)","(128, 125)","(118,)","(1,)",npy
librispeech_0464,data\features\audio_npy\librispeech_0464_mfcc.npy,data\features\audio_npy\librispeech_0464_mel_spectrogram.npy,data\features\audio_npy\librispeech_0464_pitch.npy,data\features\audio_npy\librispeech_0464_tempo.npy,16000,13.69,"(13, 428)","(128, 428)","(406,)","(1,)",npy
librispeech_0465,data\features\audio_npy\librispeech_0465_mfcc.npy,data\features\audio_npy\librispeech_0465_mel_spectrogram.npy,data\features\audio_npy\librispeech_0465_pitch.npy,data\features\audio_npy\librispeech_0465_tempo.npy,16000,6.8,"(13, 213)","(128, 213)","(185,)","(1,)",npy
librispeech_0466,data\features\audio_npy\librispeech_0466_mfcc.npy,data\features\audio_npy\librispeech_0466_mel_spectrogram.npy,data\features\audio_npy\librispeech_0466_pitch.npy,data\features\audio_npy\librispeech_0466_tempo.npy,16000,4.4,"(13, 138)","(128, 138)","(132,)","(1,)",npy
librispeech_0467,data\features\audio_npy\librispeech_0467_mfcc.npy,data\features\audio_npy\librispeech_0467_mel_spectrogram.npy,data\features\audio_npy\librispeech_0467_pitch.npy,data\features\audio_npy\librispeech_0467_tempo.npy,16000,15.96,"(13, 499)","(128, 499)","(479,)","(1,)",npy
librispeech_0468,data\features\audio_npy\librispeech_0468_mfcc.npy,data\features\audio_npy\librispeech_0468_mel_spectrogram.npy,data\features\audio_npy\librispeech_0468_pitch.npy,data\features\audio_npy\librispeech_0468_tempo.npy,16000,5.62,"(13, 176)","(128, 176)","(155,)","(1,)",npy
librispeech_0469,data\features\audio_npy\librispeech_0469_mfcc.npy,data\features\audio_npy\librispeech_0469_mel_spectrogram.npy,data\features\audio_npy\librispeech_0469_pitch.npy,data\features\audio_npy\librispeech_0469_tempo.npy,16000,2.0,"(13, 63)","(128, 63)","(60,)","(1,)",npy
librispeech_0470,data\features\audio_npy\librispeech_0470_mfcc.npy,data\features\audio_npy\librispeech_0470_mel_spectrogram.npy,data\features\audio_npy\librispeech_0470_pitch.npy,data\features\audio_npy\librispeech_0470_tempo.npy,16000,7.015,"(13, 220)","(128, 220)","(213,)","(1,)",npy
librispeech_0471,data\features\audio_npy\librispeech_0471_mfcc.npy,data\features\audio_npy\librispeech_0471_mel_spectrogram.npy,data\features\audio_npy\librispeech_0471_pitch.npy,data\features\audio_npy\librispeech_0471_tempo.npy,16000,2.695,"(13, 85)","(128, 85)","(75,)","(1,)",npy
librispeech_0472,data\features\audio_npy\librispeech_0472_mfcc.npy,data\features\audio_npy\librispeech_0472_mel_spectrogram.npy,data\features\audio_npy\librispeech_0472_pitch.npy,data\features\audio_npy\librispeech_0472_tempo.npy,16000,7.19,"(13, 225)","(128, 225)","(214,)","(1,)",npy
librispeech_0473,data\features\audio_npy\librispeech_0473_mfcc.npy,data\features\audio_npy\librispeech_0473_mel_spectrogram.npy,data\features\audio_npy\librispeech_0473_pitch.npy,data\features\audio_npy\librispeech_0473_tempo.npy,16000,3.25,"(13, 102)","(128, 102)","(88,)","(1,)",npy
librispeech_0474,data\features\audio_npy\librispeech_0474_mfcc.npy,data\features\audio_npy\librispeech_0474_mel_spectrogram.npy,data\features\audio_npy\librispeech_0474_pitch.npy,data\features\audio_npy\librispeech_0474_tempo.npy,16000,2.56,"(13, 81)","(128, 81)","(75,)","(1,)",npy
librispeech_0475,data\features\audio_npy\librispeech_0475_mfcc.npy,data\features\audio_npy\librispeech_0475_mel_spectrogram.npy,data\features\audio_npy\librispeech_0475_pitch.npy,data\features\audio_npy\librispeech_0475_tempo.npy,16000,2.4,"(13, 76)","(128, 76)","(72,)","(1,)",npy
librispeech_0476,data\features\audio_npy\librispeech_0476_mfcc.npy,data\features\audio_npy\librispeech_0476_mel_spectrogram.npy,data\features\audio_npy\librispeech_0476_pitch.npy,data\features\audio_npy\librispeech_0476_tempo.npy,16000,2.885,"(13, 91)","(128, 91)","(85,)","(1,)",npy
librispeech_0477,data\features\audio_npy\librispeech_0477_mfcc.npy,data\features\audio_npy\librispeech_0477_mel_spectrogram.npy,data\features\audio_npy\librispeech_0477_pitch.npy,data\features\audio_npy\librispeech_0477_tempo.npy,16000,3.035,"(13, 95)","(128, 95)","(85,)","(1,)",npy
librispeech_0478,data\features\audio_npy\librispeech_0478_mfcc.npy,data\features\audio_npy\librispeech_0478_mel_spectrogram.npy,data\features\audio_npy\librispeech_0478_pitch.npy,data\features\audio_npy\librispeech_0478_tempo.npy,16000,8.41,"(13, 263)","(128, 263)","(242,)","(1,)",npy
librispeech_0479,data\features\audio_npy\librispeech_0479_mfcc.npy,data\features\audio_npy\librispeech_0479_mel_spectrogram.npy,data\features\audio_npy\librispeech_0479_pitch.npy,data\features\audio_npy\librispeech_0479_tempo.npy,16000,9.375,"(13, 293)","(128, 293)","(282,)","(1,)",npy
librispeech_0480,data\features\audio_npy\librispeech_0480_mfcc.npy,data\features\audio_npy\librispeech_0480_mel_spectrogram.npy,data\features\audio_npy\librispeech_0480_pitch.npy,data\features\audio_npy\librispeech_0480_tempo.npy,16000,3.55,"(13, 111)","(128, 111)","(108,)","(1,)",npy
librispeech_0481,data\features\audio_npy\librispeech_0481_mfcc.npy,data\features\audio_npy\librispeech_0481_mel_spectrogram.npy,data\features\audio_npy\librispeech_0481_pitch.npy,data\features\audio_npy\librispeech_0481_tempo.npy,16000,2.435,"(13, 77)","(128, 77)","(77,)","(1,)",npy
librispeech_0482,data\features\audio_npy\librispeech_0482_mfcc.npy,data\features\audio_npy\librispeech_0482_mel_spectrogram.npy,data\features\audio_npy\librispeech_0482_pitch.npy,data\features\audio_npy\librispeech_0482_tempo.npy,16000,6.92,"(13, 217)","(128, 217)","(196,)","(1,)",npy
librispeech_0483,data\features\audio_npy\librispeech_0483_mfcc.npy,data\features\audio_npy\librispeech_0483_mel_spectrogram.npy,data\features\audio_npy\librispeech_0483_pitch.npy,data\features\audio_npy\librispeech_0483_tempo.npy,16000,4.815,"(13, 151)","(128, 151)","(146,)","(1,)",npy
librispeech_0484,data\features\audio_npy\librispeech_0484_mfcc.npy,data\features\audio_npy\librispeech_0484_mel_spectrogram.npy,data\features\audio_npy\librispeech_0484_pitch.npy,data\features\audio_npy\librispeech_0484_tempo.npy,16000,2.61,"(13, 82)","(128, 82)","(80,)","(1,)",npy
librispeech_0485,data\features\audio_npy\librispeech_0485_mfcc.npy,data\features\audio_npy\librispeech_0485_mel_spectrogram.npy,data\features\audio_npy\librispeech_0485_pitch.npy,data\features\audio_npy\librispeech_0485_tempo.npy,16000,4.685,"(13, 147)","(128, 147)","(135,)","(1,)",npy
librispeech_0486,data\features\audio_npy\librispeech_0486_mfcc.npy,data\features\audio_npy\librispeech_0486_mel_spectrogram.npy,data\features\audio_npy\librispeech_0486_pitch.npy,data\features\audio_npy\librispeech_0486_tempo.npy,16000,10.38,"(13, 325)","(128, 325)","(307,)","(1,)",npy
librispeech_0487,data\features\audio_npy\librispeech_0487_mfcc.npy,data\features\audio_npy\librispeech_0487_mel_spectrogram.npy,data\features\audio_npy\librispeech_0487_pitch.npy,data\features\audio_npy\librispeech_0487_tempo.npy,16000,6.255,"(13, 196)","(128, 196)","(187,)","(1,)",npy
librispeech_0488,data\features\audio_npy\librispeech_0488_mfcc.npy,data\features\audio_npy\librispeech_0488_mel_spectrogram.npy,data\features\audio_npy\librispeech_0488_pitch.npy,data\features\audio_npy\librispeech_0488_tempo.npy,16000,13.94,"(13, 436)","(128, 436)","(418,)","(1,)",npy
librispeech_0489,data\features\audio_npy\librispeech_0489_mfcc.npy,data\features\audio_npy\librispeech_0489_mel_spectrogram.npy,data\features\audio_npy\librispeech_0489_pitch.npy,data\features\audio_npy\librispeech_0489_tempo.npy,16000,3.07,"(13, 96)","(128, 96)","(95,)","(1,)",npy
librispeech_0490,data\features\audio_npy\librispeech_0490_mfcc.npy,data\features\audio_npy\librispeech_0490_mel_spectrogram.npy,data\features\audio_npy\librispeech_0490_pitch.npy,data\features\audio_npy\librispeech_0490_tempo.npy,16000,4.76,"(13, 149)","(128, 149)","(144,)","(1,)",npy
librispeech_0491,data\features\audio_npy\librispeech_0491_mfcc.npy,data\features\audio_npy\librispeech_0491_mel_spectrogram.npy,data\features\audio_npy\librispeech_0491_pitch.npy,data\features\audio_npy\librispeech_0491_tempo.npy,16000,8.435,"(13, 264)","(128, 264)","(232,)","(1,)",npy
librispeech_0492,data\features\audio_npy\librispeech_0492_mfcc.npy,data\features\audio_npy\librispeech_0492_mel_spectrogram.npy,data\features\audio_npy\librispeech_0492_pitch.npy,data\features\audio_npy\librispeech_0492_tempo.npy,16000,7.975,"(13, 250)","(128, 250)","(228,)","(1,)",npy
librispeech_0493,data\features\audio_npy\librispeech_0493_mfcc.npy,data\features\audio_npy\librispeech_0493_mel_spectrogram.npy,data\features\audio_npy\librispeech_0493_pitch.npy,data\features\audio_npy\librispeech_0493_tempo.npy,16000,8.265,"(13, 259)","(128, 259)","(231,)","(1,)",npy
librispeech_0494,data\features\audio_npy\librispeech_0494_mfcc.npy,data\features\audio_npy\librispeech_0494_mel_spectrogram.npy,data\features\audio_npy\librispeech_0494_pitch.npy,data\features\audio_npy\librispeech_0494_tempo.npy,16000,8.16,"(13, 256)","(128, 256)","(223,)","(1,)",npy
librispeech_0495,data\features\audio_npy\librispeech_0495_mfcc.npy,data\features\audio_npy\librispeech_0495_mel_spectrogram.npy,data\features\audio_npy\librispeech_0495_pitch.npy,data\features\audio_npy\librispeech_0495_tempo.npy,16000,7.965,"(13, 249)","(128, 249)","(223,)","(1,)",npy
librispeech_0496,data\features\audio_npy\librispeech_0496_mfcc.npy,data\features\audio_npy\librispeech_0496_mel_spectrogram.npy,data\features\audio_npy\librispeech_0496_pitch.npy,data\features\audio_npy\librispeech_0496_tempo.npy,16000,8.715,"(13, 273)","(128, 273)","(248,)","(1,)",npy
librispeech_0497,data\features\audio_npy\librispeech_0497_mfcc.npy,data\features\audio_npy\librispeech_0497_mel_spectrogram.npy,data\features\audio_npy\librispeech_0497_pitch.npy,data\features\audio_npy\librispeech_0497_tempo.npy,16000,8.83,"(13, 276)","(128, 276)","(238,)","(1,)",npy
librispeech_0498,data\features\audio_npy\librispeech_0498_mfcc.npy,data\features\audio_npy\librispeech_0498_mel_spectrogram.npy,data\features\audio_npy\librispeech_0498_pitch.npy,data\features\audio_npy\librispeech_0498_tempo.npy,16000,9.525,"(13, 298)","(128, 298)","(266,)","(1,)",npy
librispeech_0499,data\features\audio_npy\librispeech_0499_mfcc.npy,data\features\audio_npy\librispeech_0499_mel_spectrogram.npy,data\features\audio_npy\librispeech_0499_pitch.npy,data\features\audio_npy\librispeech_0499_tempo.npy,16000,8.445,"(13, 264)","(128, 264)","(236,)","(1,)",npy
librispeech_0500,data\features\audio_npy\librispeech_0500_mfcc.npy,data\features\audio_npy\librispeech_0500_mel_spectrogram.npy,data\features\audio_npy\librispeech_0500_pitch.npy,data\features\audio_npy\librispeech_0500_tempo.npy,16000,8.615,"(13, 270)","(128, 270)","(223,)","(1,)",npy
librispeech_0501,data\features\audio_npy\librispeech_0501_mfcc.npy,data\features\audio_npy\librispeech_0501_mel_spectrogram.npy,data\features\audio_npy\librispeech_0501_pitch.npy,data\features\audio_npy\librispeech_0501_tempo.npy,16000,8.33,"(13, 261)","(128, 261)","(227,)","(1,)",npy
librispeech_0502,data\features\audio_npy\librispeech_0502_mfcc.npy,data\features\audio_npy\librispeech_0502_mel_spectrogram.npy,data\features\audio_npy\librispeech_0502_pitch.npy,data\features\audio_npy\librispeech_0502_tempo.npy,16000,9.355,"(13, 293)","(128, 293)","(257,)","(1,)",npy
librispeech_0503,data\features\audio_npy\librispeech_0503_mfcc.npy,data\features\audio_npy\librispeech_0503_mel_spectrogram.npy,data\features\audio_npy\librispeech_0503_pitch.npy,data\features\audio_npy\librispeech_0503_tempo.npy,16000,9.24,"(13, 289)","(128, 289)","(242,)","(1,)",npy
librispeech_0504,data\features\audio_npy\librispeech_0504_mfcc.npy,data\features\audio_npy\librispeech_0504_mel_spectrogram.npy,data\features\audio_npy\librispeech_0504_pitch.npy,data\features\audio_npy\librispeech_0504_tempo.npy,16000,19.11,"(13, 598)","(128, 598)","(531,)","(1,)",npy
librispeech_0505,data\features\audio_npy\librispeech_0505_mfcc.npy,data\features\audio_npy\librispeech_0505_mel_spectrogram.npy,data\features\audio_npy\librispeech_0505_pitch.npy,data\features\audio_npy\librispeech_0505_tempo.npy,16000,8.185,"(13, 256)","(128, 256)","(226,)","(1,)",npy
librispeech_0506,data\features\audio_npy\librispeech_0506_mfcc.npy,data\features\audio_npy\librispeech_0506_mel_spectrogram.npy,data\features\audio_npy\librispeech_0506_pitch.npy,data\features\audio_npy\librispeech_0506_tempo.npy,16000,8.155,"(13, 255)","(128, 255)","(229,)","(1,)",npy
librispeech_0507,data\features\audio_npy\librispeech_0507_mfcc.npy,data\features\audio_npy\librispeech_0507_mel_spectrogram.npy,data\features\audio_npy\librispeech_0507_pitch.npy,data\features\audio_npy\librispeech_0507_tempo.npy,16000,8.955,"(13, 280)","(128, 280)","(240,)","(1,)",npy
librispeech_0508,data\features\audio_npy\librispeech_0508_mfcc.npy,data\features\audio_npy\librispeech_0508_mel_spectrogram.npy,data\features\audio_npy\librispeech_0508_pitch.npy,data\features\audio_npy\librispeech_0508_tempo.npy,16000,8.645,"(13, 271)","(128, 271)","(246,)","(1,)",npy
librispeech_0509,data\features\audio_npy\librispeech_0509_mfcc.npy,data\features\audio_npy\librispeech_0509_mel_spectrogram.npy,data\features\audio_npy\librispeech_0509_pitch.npy,data\features\audio_npy\librispeech_0509_tempo.npy,16000,9.46,"(13, 296)","(128, 296)","(258,)","(1,)",npy
librispeech_0510,data\features\audio_npy\librispeech_0510_mfcc.npy,data\features\audio_npy\librispeech_0510_mel_spectrogram.npy,data\features\audio_npy\librispeech_0510_pitch.npy,data\features\audio_npy\librispeech_0510_tempo.npy,16000,9.28,"(13, 290)","(128, 290)","(261,)","(1,)",npy
librispeech_0511,data\features\audio_npy\librispeech_0511_mfcc.npy,data\features\audio_npy\librispeech_0511_mel_spectrogram.npy,data\features\audio_npy\librispeech_0511_pitch.npy,data\features\audio_npy\librispeech_0511_tempo.npy,16000,8.39,"(13, 263)","(128, 263)","(222,)","(1,)",npy
librispeech_0512,data\features\audio_npy\librispeech_0512_mfcc.npy,data\features\audio_npy\librispeech_0512_mel_spectrogram.npy,data\features\audio_npy\librispeech_0512_pitch.npy,data\features\audio_npy\librispeech_0512_tempo.npy,16000,8.71,"(13, 273)","(128, 273)","(237,)","(1,)",npy
librispeech_0513,data\features\audio_npy\librispeech_0513_mfcc.npy,data\features\audio_npy\librispeech_0513_mel_spectrogram.npy,data\features\audio_npy\librispeech_0513_pitch.npy,data\features\audio_npy\librispeech_0513_tempo.npy,16000,7.65,"(13, 240)","(128, 240)","(225,)","(1,)",npy
librispeech_0514,data\features\audio_npy\librispeech_0514_mfcc.npy,data\features\audio_npy\librispeech_0514_mel_spectrogram.npy,data\features\audio_npy\librispeech_0514_pitch.npy,data\features\audio_npy\librispeech_0514_tempo.npy,16000,7.215,"(13, 226)","(128, 226)","(215,)","(1,)",npy
librispeech_0515,data\features\audio_npy\librispeech_0515_mfcc.npy,data\features\audio_npy\librispeech_0515_mel_spectrogram.npy,data\features\audio_npy\librispeech_0515_pitch.npy,data\features\audio_npy\librispeech_0515_tempo.npy,16000,8.63,"(13, 270)","(128, 270)","(237,)","(1,)",npy
librispeech_0516,data\features\audio_npy\librispeech_0516_mfcc.npy,data\features\audio_npy\librispeech_0516_mel_spectrogram.npy,data\features\audio_npy\librispeech_0516_pitch.npy,data\features\audio_npy\librispeech_0516_tempo.npy,16000,9.84,"(13, 308)","(128, 308)","(266,)","(1,)",npy
librispeech_0517,data\features\audio_npy\librispeech_0517_mfcc.npy,data\features\audio_npy\librispeech_0517_mel_spectrogram.npy,data\features\audio_npy\librispeech_0517_pitch.npy,data\features\audio_npy\librispeech_0517_tempo.npy,16000,9.35,"(13, 293)","(128, 293)","(264,)","(1,)",npy
librispeech_0518,data\features\audio_npy\librispeech_0518_mfcc.npy,data\features\audio_npy\librispeech_0518_mel_spectrogram.npy,data\features\audio_npy\librispeech_0518_pitch.npy,data\features\audio_npy\librispeech_0518_tempo.npy,16000,3.995,"(13, 125)","(128, 125)","(101,)","(1,)",npy
librispeech_0519,data\features\audio_npy\librispeech_0519_mfcc.npy,data\features\audio_npy\librispeech_0519_mel_spectrogram.npy,data\features\audio_npy\librispeech_0519_pitch.npy,data\features\audio_npy\librispeech_0519_tempo.npy,16000,7.64,"(13, 239)","(128, 239)","(219,)","(1,)",npy
librispeech_0520,data\features\audio_npy\librispeech_0520_mfcc.npy,data\features\audio_npy\librispeech_0520_mel_spectrogram.npy,data\features\audio_npy\librispeech_0520_pitch.npy,data\features\audio_npy\librispeech_0520_tempo.npy,16000,8.385,"(13, 263)","(128, 263)","(244,)","(1,)",npy
librispeech_0521,data\features\audio_npy\librispeech_0521_mfcc.npy,data\features\audio_npy\librispeech_0521_mel_spectrogram.npy,data\features\audio_npy\librispeech_0521_pitch.npy,data\features\audio_npy\librispeech_0521_tempo.npy,16000,8.925,"(13, 279)","(128, 279)","(255,)","(1,)",npy
librispeech_0522,data\features\audio_npy\librispeech_0522_mfcc.npy,data\features\audio_npy\librispeech_0522_mel_spectrogram.npy,data\features\audio_npy\librispeech_0522_pitch.npy,data\features\audio_npy\librispeech_0522_tempo.npy,16000,8.655,"(13, 271)","(128, 271)","(238,)","(1,)",npy
librispeech_0523,data\features\audio_npy\librispeech_0523_mfcc.npy,data\features\audio_npy\librispeech_0523_mel_spectrogram.npy,data\features\audio_npy\librispeech_0523_pitch.npy,data\features\audio_npy\librispeech_0523_tempo.npy,16000,8.25,"(13, 258)","(128, 258)","(227,)","(1,)",npy
librispeech_0524,data\features\audio_npy\librispeech_0524_mfcc.npy,data\features\audio_npy\librispeech_0524_mel_spectrogram.npy,data\features\audio_npy\librispeech_0524_pitch.npy,data\features\audio_npy\librispeech_0524_tempo.npy,16000,8.02,"(13, 251)","(128, 251)","(213,)","(1,)",npy
librispeech_0525,data\features\audio_npy\librispeech_0525_mfcc.npy,data\features\audio_npy\librispeech_0525_mel_spectrogram.npy,data\features\audio_npy\librispeech_0525_pitch.npy,data\features\audio_npy\librispeech_0525_tempo.npy,16000,8.945,"(13, 280)","(128, 280)","(257,)","(1,)",npy
librispeech_0526,data\features\audio_npy\librispeech_0526_mfcc.npy,data\features\audio_npy\librispeech_0526_mel_spectrogram.npy,data\features\audio_npy\librispeech_0526_pitch.npy,data\features\audio_npy\librispeech_0526_tempo.npy,16000,8.22,"(13, 257)","(128, 257)","(233,)","(1,)",npy
librispeech_0527,data\features\audio_npy\librispeech_0527_mfcc.npy,data\features\audio_npy\librispeech_0527_mel_spectrogram.npy,data\features\audio_npy\librispeech_0527_pitch.npy,data\features\audio_npy\librispeech_0527_tempo.npy,16000,14.675,"(13, 459)","(128, 459)","(408,)","(1,)",npy
librispeech_0528,data\features\audio_npy\librispeech_0528_mfcc.npy,data\features\audio_npy\librispeech_0528_mel_spectrogram.npy,data\features\audio_npy\librispeech_0528_pitch.npy,data\features\audio_npy\librispeech_0528_tempo.npy,16000,14.05,"(13, 440)","(128, 440)","(416,)","(1,)",npy
librispeech_0529,data\features\audio_npy\librispeech_0529_mfcc.npy,data\features\audio_npy\librispeech_0529_mel_spectrogram.npy,data\features\audio_npy\librispeech_0529_pitch.npy,data\features\audio_npy\librispeech_0529_tempo.npy,16000,7.85,"(13, 246)","(128, 246)","(237,)","(1,)",npy
librispeech_0530,data\features\audio_npy\librispeech_0530_mfcc.npy,data\features\audio_npy\librispeech_0530_mel_spectrogram.npy,data\features\audio_npy\librispeech_0530_pitch.npy,data\features\audio_npy\librispeech_0530_tempo.npy,16000,11.355,"(13, 355)","(128, 355)","(334,)","(1,)",npy
librispeech_0531,data\features\audio_npy\librispeech_0531_mfcc.npy,data\features\audio_npy\librispeech_0531_mel_spectrogram.npy,data\features\audio_npy\librispeech_0531_pitch.npy,data\features\audio_npy\librispeech_0531_tempo.npy,16000,19.915,"(13, 623)","(128, 623)","(583,)","(1,)",npy
librispeech_0532,data\features\audio_npy\librispeech_0532_mfcc.npy,data\features\audio_npy\librispeech_0532_mel_spectrogram.npy,data\features\audio_npy\librispeech_0532_pitch.npy,data\features\audio_npy\librispeech_0532_tempo.npy,16000,11.74,"(13, 367)","(128, 367)","(343,)","(1,)",npy
librispeech_0533,data\features\audio_npy\librispeech_0533_mfcc.npy,data\features\audio_npy\librispeech_0533_mel_spectrogram.npy,data\features\audio_npy\librispeech_0533_pitch.npy,data\features\audio_npy\librispeech_0533_tempo.npy,16000,15.92,"(13, 498)","(128, 498)","(468,)","(1,)",npy
librispeech_0534,data\features\audio_npy\librispeech_0534_mfcc.npy,data\features\audio_npy\librispeech_0534_mel_spectrogram.npy,data\features\audio_npy\librispeech_0534_pitch.npy,data\features\audio_npy\librispeech_0534_tempo.npy,16000,7.095,"(13, 222)","(128, 222)","(211,)","(1,)",npy
librispeech_0535,data\features\audio_npy\librispeech_0535_mfcc.npy,data\features\audio_npy\librispeech_0535_mel_spectrogram.npy,data\features\audio_npy\librispeech_0535_pitch.npy,data\features\audio_npy\librispeech_0535_tempo.npy,16000,17.65,"(13, 552)","(128, 552)","(513,)","(1,)",npy
librispeech_0536,data\features\audio_npy\librispeech_0536_mfcc.npy,data\features\audio_npy\librispeech_0536_mel_spectrogram.npy,data\features\audio_npy\librispeech_0536_pitch.npy,data\features\audio_npy\librispeech_0536_tempo.npy,16000,16.46,"(13, 515)","(128, 515)","(483,)","(1,)",npy
librispeech_0537,data\features\audio_npy\librispeech_0537_mfcc.npy,data\features\audio_npy\librispeech_0537_mel_spectrogram.npy,data\features\audio_npy\librispeech_0537_pitch.npy,data\features\audio_npy\librispeech_0537_tempo.npy,16000,11.995,"(13, 375)","(128, 375)","(359,)","(1,)",npy
librispeech_0538,data\features\audio_npy\librispeech_0538_mfcc.npy,data\features\audio_npy\librispeech_0538_mel_spectrogram.npy,data\features\audio_npy\librispeech_0538_pitch.npy,data\features\audio_npy\librispeech_0538_tempo.npy,16000,16.415,"(13, 513)","(128, 513)","(483,)","(1,)",npy
librispeech_0539,data\features\audio_npy\librispeech_0539_mfcc.npy,data\features\audio_npy\librispeech_0539_mel_spectrogram.npy,data\features\audio_npy\librispeech_0539_pitch.npy,data\features\audio_npy\librispeech_0539_tempo.npy,16000,14.47,"(13, 453)","(128, 453)","(425,)","(1,)",npy
librispeech_0540,data\features\audio_npy\librispeech_0540_mfcc.npy,data\features\audio_npy\librispeech_0540_mel_spectrogram.npy,data\features\audio_npy\librispeech_0540_pitch.npy,data\features\audio_npy\librispeech_0540_tempo.npy,16000,15.52,"(13, 486)","(128, 486)","(428,)","(1,)",npy
librispeech_0541,data\features\audio_npy\librispeech_0541_mfcc.npy,data\features\audio_npy\librispeech_0541_mel_spectrogram.npy,data\features\audio_npy\librispeech_0541_pitch.npy,data\features\audio_npy\librispeech_0541_tempo.npy,16000,13.985,"(13, 438)","(128, 438)","(418,)","(1,)",npy
librispeech_0542,data\features\audio_npy\librispeech_0542_mfcc.npy,data\features\audio_npy\librispeech_0542_mel_spectrogram.npy,data\features\audio_npy\librispeech_0542_pitch.npy,data\features\audio_npy\librispeech_0542_tempo.npy,16000,6.305,"(13, 198)","(128, 198)","(187,)","(1,)",npy
librispeech_0543,data\features\audio_npy\librispeech_0543_mfcc.npy,data\features\audio_npy\librispeech_0543_mel_spectrogram.npy,data\features\audio_npy\librispeech_0543_pitch.npy,data\features\audio_npy\librispeech_0543_tempo.npy,16000,14.455,"(13, 452)","(128, 452)","(407,)","(1,)",npy
librispeech_0544,data\features\audio_npy\librispeech_0544_mfcc.npy,data\features\audio_npy\librispeech_0544_mel_spectrogram.npy,data\features\audio_npy\librispeech_0544_pitch.npy,data\features\audio_npy\librispeech_0544_tempo.npy,16000,8.43,"(13, 264)","(128, 264)","(239,)","(1,)",npy
librispeech_0545,data\features\audio_npy\librispeech_0545_mfcc.npy,data\features\audio_npy\librispeech_0545_mel_spectrogram.npy,data\features\audio_npy\librispeech_0545_pitch.npy,data\features\audio_npy\librispeech_0545_tempo.npy,16000,12.655,"(13, 396)","(128, 396)","(375,)","(1,)",npy
librispeech_0546,data\features\audio_npy\librispeech_0546_mfcc.npy,data\features\audio_npy\librispeech_0546_mel_spectrogram.npy,data\features\audio_npy\librispeech_0546_pitch.npy,data\features\audio_npy\librispeech_0546_tempo.npy,16000,15.485,"(13, 484)","(128, 484)","(441,)","(1,)",npy
librispeech_0547,data\features\audio_npy\librispeech_0547_mfcc.npy,data\features\audio_npy\librispeech_0547_mel_spectrogram.npy,data\features\audio_npy\librispeech_0547_pitch.npy,data\features\audio_npy\librispeech_0547_tempo.npy,16000,15.02,"(13, 470)","(128, 470)","(446,)","(1,)",npy
librispeech_0548,data\features\audio_npy\librispeech_0548_mfcc.npy,data\features\audio_npy\librispeech_0548_mel_spectrogram.npy,data\features\audio_npy\librispeech_0548_pitch.npy,data\features\audio_npy\librispeech_0548_tempo.npy,16000,9.35,"(13, 293)","(128, 293)","(266,)","(1,)",npy
librispeech_0549,data\features\audio_npy\librispeech_0549_mfcc.npy,data\features\audio_npy\librispeech_0549_mel_spectrogram.npy,data\features\audio_npy\librispeech_0549_pitch.npy,data\features\audio_npy\librispeech_0549_tempo.npy,16000,8.895,"(13, 278)","(128, 278)","(244,)","(1,)",npy
librispeech_0550,data\features\audio_npy\librispeech_0550_mfcc.npy,data\features\audio_npy\librispeech_0550_mel_spectrogram.npy,data\features\audio_npy\librispeech_0550_pitch.npy,data\features\audio_npy\librispeech_0550_tempo.npy,16000,13.03,"(13, 408)","(128, 408)","(385,)","(1,)",npy
librispeech_0551,data\features\audio_npy\librispeech_0551_mfcc.npy,data\features\audio_npy\librispeech_0551_mel_spectrogram.npy,data\features\audio_npy\librispeech_0551_pitch.npy,data\features\audio_npy\librispeech_0551_tempo.npy,16000,11.18,"(13, 350)","(128, 350)","(320,)","(1,)",npy
librispeech_0552,data\features\audio_npy\librispeech_0552_mfcc.npy,data\features\audio_npy\librispeech_0552_mel_spectrogram.npy,data\features\audio_npy\librispeech_0552_pitch.npy,data\features\audio_npy\librispeech_0552_tempo.npy,16000,12.07,"(13, 378)","(128, 378)","(349,)","(1,)",npy
librispeech_0553,data\features\audio_npy\librispeech_0553_mfcc.npy,data\features\audio_npy\librispeech_0553_mel_spectrogram.npy,data\features\audio_npy\librispeech_0553_pitch.npy,data\features\audio_npy\librispeech_0553_tempo.npy,16000,9.895,"(13, 310)","(128, 310)","(286,)","(1,)",npy
librispeech_0554,data\features\audio_npy\librispeech_0554_mfcc.npy,data\features\audio_npy\librispeech_0554_mel_spectrogram.npy,data\features\audio_npy\librispeech_0554_pitch.npy,data\features\audio_npy\librispeech_0554_tempo.npy,16000,8.535,"(13, 267)","(128, 267)","(251,)","(1,)",npy
librispeech_0555,data\features\audio_npy\librispeech_0555_mfcc.npy,data\features\audio_npy\librispeech_0555_mel_spectrogram.npy,data\features\audio_npy\librispeech_0555_pitch.npy,data\features\audio_npy\librispeech_0555_tempo.npy,16000,5.16,"(13, 162)","(128, 162)","(141,)","(1,)",npy
librispeech_0556,data\features\audio_npy\librispeech_0556_mfcc.npy,data\features\audio_npy\librispeech_0556_mel_spectrogram.npy,data\features\audio_npy\librispeech_0556_pitch.npy,data\features\audio_npy\librispeech_0556_tempo.npy,16000,4.275,"(13, 134)","(128, 134)","(129,)","(1,)",npy
librispeech_0557,data\features\audio_npy\librispeech_0557_mfcc.npy,data\features\audio_npy\librispeech_0557_mel_spectrogram.npy,data\features\audio_npy\librispeech_0557_pitch.npy,data\features\audio_npy\librispeech_0557_tempo.npy,16000,3.6,"(13, 113)","(128, 113)","(106,)","(1,)",npy
librispeech_0558,data\features\audio_npy\librispeech_0558_mfcc.npy,data\features\audio_npy\librispeech_0558_mel_spectrogram.npy,data\features\audio_npy\librispeech_0558_pitch.npy,data\features\audio_npy\librispeech_0558_tempo.npy,16000,12.0,"(13, 376)","(128, 376)","(341,)","(1,)",npy
librispeech_0559,data\features\audio_npy\librispeech_0559_mfcc.npy,data\features\audio_npy\librispeech_0559_mel_spectrogram.npy,data\features\audio_npy\librispeech_0559_pitch.npy,data\features\audio_npy\librispeech_0559_tempo.npy,16000,14.195,"(13, 444)","(128, 444)","(409,)","(1,)",npy
librispeech_0560,data\features\audio_npy\librispeech_0560_mfcc.npy,data\features\audio_npy\librispeech_0560_mel_spectrogram.npy,data\features\audio_npy\librispeech_0560_pitch.npy,data\features\audio_npy\librispeech_0560_tempo.npy,16000,9.33,"(13, 292)","(128, 292)","(268,)","(1,)",npy
librispeech_0561,data\features\audio_npy\librispeech_0561_mfcc.npy,data\features\audio_npy\librispeech_0561_mel_spectrogram.npy,data\features\audio_npy\librispeech_0561_pitch.npy,data\features\audio_npy\librispeech_0561_tempo.npy,16000,6.675,"(13, 209)","(128, 209)","(195,)","(1,)",npy
librispeech_0562,data\features\audio_npy\librispeech_0562_mfcc.npy,data\features\audio_npy\librispeech_0562_mel_spectrogram.npy,data\features\audio_npy\librispeech_0562_pitch.npy,data\features\audio_npy\librispeech_0562_tempo.npy,16000,9.395,"(13, 294)","(128, 294)","(273,)","(1,)",npy
librispeech_0563,data\features\audio_npy\librispeech_0563_mfcc.npy,data\features\audio_npy\librispeech_0563_mel_spectrogram.npy,data\features\audio_npy\librispeech_0563_pitch.npy,data\features\audio_npy\librispeech_0563_tempo.npy,16000,6.345,"(13, 199)","(128, 199)","(183,)","(1,)",npy
librispeech_0564,data\features\audio_npy\librispeech_0564_mfcc.npy,data\features\audio_npy\librispeech_0564_mel_spectrogram.npy,data\features\audio_npy\librispeech_0564_pitch.npy,data\features\audio_npy\librispeech_0564_tempo.npy,16000,15.285,"(13, 478)","(128, 478)","(433,)","(1,)",npy
librispeech_0565,data\features\audio_npy\librispeech_0565_mfcc.npy,data\features\audio_npy\librispeech_0565_mel_spectrogram.npy,data\features\audio_npy\librispeech_0565_pitch.npy,data\features\audio_npy\librispeech_0565_tempo.npy,16000,7.055,"(13, 221)","(128, 221)","(209,)","(1,)",npy
librispeech_0566,data\features\audio_npy\librispeech_0566_mfcc.npy,data\features\audio_npy\librispeech_0566_mel_spectrogram.npy,data\features\audio_npy\librispeech_0566_pitch.npy,data\features\audio_npy\librispeech_0566_tempo.npy,16000,4.265,"(13, 134)","(128, 134)","(129,)","(1,)",npy
librispeech_0567,data\features\audio_npy\librispeech_0567_mfcc.npy,data\features\audio_npy\librispeech_0567_mel_spectrogram.npy,data\features\audio_npy\librispeech_0567_pitch.npy,data\features\audio_npy\librispeech_0567_tempo.npy,16000,15.695,"(13, 491)","(128, 491)","(444,)","(1,)",npy
librispeech_0568,data\features\audio_npy\librispeech_0568_mfcc.npy,data\features\audio_npy\librispeech_0568_mel_spectrogram.npy,data\features\audio_npy\librispeech_0568_pitch.npy,data\features\audio_npy\librispeech_0568_tempo.npy,16000,16.32,"(13, 511)","(128, 511)","(461,)","(1,)",npy
librispeech_0569,data\features\audio_npy\librispeech_0569_mfcc.npy,data\features\audio_npy\librispeech_0569_mel_spectrogram.npy,data\features\audio_npy\librispeech_0569_pitch.npy,data\features\audio_npy\librispeech_0569_tempo.npy,16000,3.58,"(13, 112)","(128, 112)","(83,)","(1,)",npy
librispeech_0570,data\features\audio_npy\librispeech_0570_mfcc.npy,data\features\audio_npy\librispeech_0570_mel_spectrogram.npy,data\features\audio_npy\librispeech_0570_pitch.npy,data\features\audio_npy\librispeech_0570_tempo.npy,16000,4.64,"(13, 146)","(128, 146)","(117,)","(1,)",npy
librispeech_0571,data\features\audio_npy\librispeech_0571_mfcc.npy,data\features\audio_npy\librispeech_0571_mel_spectrogram.npy,data\features\audio_npy\librispeech_0571_pitch.npy,data\features\audio_npy\librispeech_0571_tempo.npy,16000,7.94,"(13, 249)","(128, 249)","(215,)","(1,)",npy
librispeech_0572,data\features\audio_npy\librispeech_0572_mfcc.npy,data\features\audio_npy\librispeech_0572_mel_spectrogram.npy,data\features\audio_npy\librispeech_0572_pitch.npy,data\features\audio_npy\librispeech_0572_tempo.npy,16000,11.245,"(13, 352)","(128, 352)","(321,)","(1,)",npy
librispeech_0573,data\features\audio_npy\librispeech_0573_mfcc.npy,data\features\audio_npy\librispeech_0573_mel_spectrogram.npy,data\features\audio_npy\librispeech_0573_pitch.npy,data\features\audio_npy\librispeech_0573_tempo.npy,16000,3.28,"(13, 103)","(128, 103)","(91,)","(1,)",npy
librispeech_0574,data\features\audio_npy\librispeech_0574_mfcc.npy,data\features\audio_npy\librispeech_0574_mel_spectrogram.npy,data\features\audio_npy\librispeech_0574_pitch.npy,data\features\audio_npy\librispeech_0574_tempo.npy,16000,15.18,"(13, 475)","(128, 475)","(416,)","(1,)",npy
librispeech_0575,data\features\audio_npy\librispeech_0575_mfcc.npy,data\features\audio_npy\librispeech_0575_mel_spectrogram.npy,data\features\audio_npy\librispeech_0575_pitch.npy,data\features\audio_npy\librispeech_0575_tempo.npy,16000,6.68,"(13, 209)","(128, 209)","(188,)","(1,)",npy
librispeech_0576,data\features\audio_npy\librispeech_0576_mfcc.npy,data\features\audio_npy\librispeech_0576_mel_spectrogram.npy,data\features\audio_npy\librispeech_0576_pitch.npy,data\features\audio_npy\librispeech_0576_tempo.npy,16000,9.82,"(13, 307)","(128, 307)","(269,)","(1,)",npy
librispeech_0577,data\features\audio_npy\librispeech_0577_mfcc.npy,data\features\audio_npy\librispeech_0577_mel_spectrogram.npy,data\features\audio_npy\librispeech_0577_pitch.npy,data\features\audio_npy\librispeech_0577_tempo.npy,16000,7.84,"(13, 246)","(128, 246)","(200,)","(1,)",npy
librispeech_0578,data\features\audio_npy\librispeech_0578_mfcc.npy,data\features\audio_npy\librispeech_0578_mel_spectrogram.npy,data\features\audio_npy\librispeech_0578_pitch.npy,data\features\audio_npy\librispeech_0578_tempo.npy,16000,8.25,"(13, 258)","(128, 258)","(225,)","(1,)",npy
librispeech_0579,data\features\audio_npy\librispeech_0579_mfcc.npy,data\features\audio_npy\librispeech_0579_mel_spectrogram.npy,data\features\audio_npy\librispeech_0579_pitch.npy,data\features\audio_npy\librispeech_0579_tempo.npy,16000,13.68,"(13, 428)","(128, 428)","(345,)","(1,)",npy
librispeech_0580,data\features\audio_npy\librispeech_0580_mfcc.npy,data\features\audio_npy\librispeech_0580_mel_spectrogram.npy,data\features\audio_npy\librispeech_0580_pitch.npy,data\features\audio_npy\librispeech_0580_tempo.npy,16000,5.17,"(13, 162)","(128, 162)","(136,)","(1,)",npy
librispeech_0581,data\features\audio_npy\librispeech_0581_mfcc.npy,data\features\audio_npy\librispeech_0581_mel_spectrogram.npy,data\features\audio_npy\librispeech_0581_pitch.npy,data\features\audio_npy\librispeech_0581_tempo.npy,16000,5.7,"(13, 179)","(128, 179)","(166,)","(1,)",npy
librispeech_0582,data\features\audio_npy\librispeech_0582_mfcc.npy,data\features\audio_npy\librispeech_0582_mel_spectrogram.npy,data\features\audio_npy\librispeech_0582_pitch.npy,data\features\audio_npy\librispeech_0582_tempo.npy,16000,12.19,"(13, 381)","(128, 381)","(354,)","(1,)",npy
librispeech_0583,data\features\audio_npy\librispeech_0583_mfcc.npy,data\features\audio_npy\librispeech_0583_mel_spectrogram.npy,data\features\audio_npy\librispeech_0583_pitch.npy,data\features\audio_npy\librispeech_0583_tempo.npy,16000,10.22,"(13, 320)","(128, 320)","(294,)","(1,)",npy
librispeech_0584,data\features\audio_npy\librispeech_0584_mfcc.npy,data\features\audio_npy\librispeech_0584_mel_spectrogram.npy,data\features\audio_npy\librispeech_0584_pitch.npy,data\features\audio_npy\librispeech_0584_tempo.npy,16000,10.34,"(13, 324)","(128, 324)","(285,)","(1,)",npy
librispeech_0585,data\features\audio_npy\librispeech_0585_mfcc.npy,data\features\audio_npy\librispeech_0585_mel_spectrogram.npy,data\features\audio_npy\librispeech_0585_pitch.npy,data\features\audio_npy\librispeech_0585_tempo.npy,16000,9.76,"(13, 306)","(128, 306)","(263,)","(1,)",npy
librispeech_0586,data\features\audio_npy\librispeech_0586_mfcc.npy,data\features\audio_npy\librispeech_0586_mel_spectrogram.npy,data\features\audio_npy\librispeech_0586_pitch.npy,data\features\audio_npy\librispeech_0586_tempo.npy,16000,5.24,"(13, 164)","(128, 164)","(138,)","(1,)",npy
librispeech_0587,data\features\audio_npy\librispeech_0587_mfcc.npy,data\features\audio_npy\librispeech_0587_mel_spectrogram.npy,data\features\audio_npy\librispeech_0587_pitch.npy,data\features\audio_npy\librispeech_0587_tempo.npy,16000,6.655,"(13, 208)","(128, 208)","(168,)","(1,)",npy
librispeech_0588,data\features\audio_npy\librispeech_0588_mfcc.npy,data\features\audio_npy\librispeech_0588_mel_spectrogram.npy,data\features\audio_npy\librispeech_0588_pitch.npy,data\features\audio_npy\librispeech_0588_tempo.npy,16000,2.78,"(13, 87)","(128, 87)","(60,)","(1,)",npy
librispeech_0589,data\features\audio_npy\librispeech_0589_mfcc.npy,data\features\audio_npy\librispeech_0589_mel_spectrogram.npy,data\features\audio_npy\librispeech_0589_pitch.npy,data\features\audio_npy\librispeech_0589_tempo.npy,16000,14.0,"(13, 438)","(128, 438)","(383,)","(1,)",npy
librispeech_0590,data\features\audio_npy\librispeech_0590_mfcc.npy,data\features\audio_npy\librispeech_0590_mel_spectrogram.npy,data\features\audio_npy\librispeech_0590_pitch.npy,data\features\audio_npy\librispeech_0590_tempo.npy,16000,4.49,"(13, 141)","(128, 141)","(130,)","(1,)",npy
librispeech_0591,data\features\audio_npy\librispeech_0591_mfcc.npy,data\features\audio_npy\librispeech_0591_mel_spectrogram.npy,data\features\audio_npy\librispeech_0591_pitch.npy,data\features\audio_npy\librispeech_0591_tempo.npy,16000,4.04,"(13, 127)","(128, 127)","(102,)","(1,)",npy
librispeech_0592,data\features\audio_npy\librispeech_0592_mfcc.npy,data\features\audio_npy\librispeech_0592_mel_spectrogram.npy,data\features\audio_npy\librispeech_0592_pitch.npy,data\features\audio_npy\librispeech_0592_tempo.npy,16000,2.48,"(13, 78)","(128, 78)","(58,)","(1,)",npy
librispeech_0593,data\features\audio_npy\librispeech_0593_mfcc.npy,data\features\audio_npy\librispeech_0593_mel_spectrogram.npy,data\features\audio_npy\librispeech_0593_pitch.npy,data\features\audio_npy\librispeech_0593_tempo.npy,16000,7.61,"(13, 238)","(128, 238)","(210,)","(1,)",npy
librispeech_0594,data\features\audio_npy\librispeech_0594_mfcc.npy,data\features\audio_npy\librispeech_0594_mel_spectrogram.npy,data\features\audio_npy\librispeech_0594_pitch.npy,data\features\audio_npy\librispeech_0594_tempo.npy,16000,4.76,"(13, 149)","(128, 149)","(119,)","(1,)",npy
librispeech_0595,data\features\audio_npy\librispeech_0595_mfcc.npy,data\features\audio_npy\librispeech_0595_mel_spectrogram.npy,data\features\audio_npy\librispeech_0595_pitch.npy,data\features\audio_npy\librispeech_0595_tempo.npy,16000,4.97,"(13, 156)","(128, 156)","(109,)","(1,)",npy
librispeech_0596,data\features\audio_npy\librispeech_0596_mfcc.npy,data\features\audio_npy\librispeech_0596_mel_spectrogram.npy,data\features\audio_npy\librispeech_0596_pitch.npy,data\features\audio_npy\librispeech_0596_tempo.npy,16000,3.135,"(13, 98)","(128, 98)","(85,)","(1,)",npy
librispeech_0597,data\features\audio_npy\librispeech_0597_mfcc.npy,data\features\audio_npy\librispeech_0597_mel_spectrogram.npy,data\features\audio_npy\librispeech_0597_pitch.npy,data\features\audio_npy\librispeech_0597_tempo.npy,16000,18.085,"(13, 566)","(128, 566)","(466,)","(1,)",npy
librispeech_0598,data\features\audio_npy\librispeech_0598_mfcc.npy,data\features\audio_npy\librispeech_0598_mel_spectrogram.npy,data\features\audio_npy\librispeech_0598_pitch.npy,data\features\audio_npy\librispeech_0598_tempo.npy,16000,3.22,"(13, 101)","(128, 101)","(86,)","(1,)",npy
librispeech_0599,data\features\audio_npy\librispeech_0599_mfcc.npy,data\features\audio_npy\librispeech_0599_mel_spectrogram.npy,data\features\audio_npy\librispeech_0599_pitch.npy,data\features\audio_npy\librispeech_0599_tempo.npy,16000,2.87,"(13, 90)","(128, 90)","(75,)","(1,)",npy
librispeech_0600,data\features\audio_npy\librispeech_0600_mfcc.npy,data\features\audio_npy\librispeech_0600_mel_spectrogram.npy,data\features\audio_npy\librispeech_0600_pitch.npy,data\features\audio_npy\librispeech_0600_tempo.npy,16000,3.7,"(13, 116)","(128, 116)","(107,)","(1,)",npy
librispeech_0601,data\features\audio_npy\librispeech_0601_mfcc.npy,data\features\audio_npy\librispeech_0601_mel_spectrogram.npy,data\features\audio_npy\librispeech_0601_pitch.npy,data\features\audio_npy\librispeech_0601_tempo.npy,16000,2.205,"(13, 69)","(128, 69)","(55,)","(1,)",npy
librispeech_0602,data\features\audio_npy\librispeech_0602_mfcc.npy,data\features\audio_npy\librispeech_0602_mel_spectrogram.npy,data\features\audio_npy\librispeech_0602_pitch.npy,data\features\audio_npy\librispeech_0602_tempo.npy,16000,7.88,"(13, 247)","(128, 247)","(223,)","(1,)",npy
librispeech_0603,data\features\audio_npy\librispeech_0603_mfcc.npy,data\features\audio_npy\librispeech_0603_mel_spectrogram.npy,data\features\audio_npy\librispeech_0603_pitch.npy,data\features\audio_npy\librispeech_0603_tempo.npy,16000,4.47,"(13, 140)","(128, 140)","(104,)","(1,)",npy
librispeech_0604,data\features\audio_npy\librispeech_0604_mfcc.npy,data\features\audio_npy\librispeech_0604_mel_spectrogram.npy,data\features\audio_npy\librispeech_0604_pitch.npy,data\features\audio_npy\librispeech_0604_tempo.npy,16000,4.81,"(13, 151)","(128, 151)","(121,)","(1,)",npy
librispeech_0605,data\features\audio_npy\librispeech_0605_mfcc.npy,data\features\audio_npy\librispeech_0605_mel_spectrogram.npy,data\features\audio_npy\librispeech_0605_pitch.npy,data\features\audio_npy\librispeech_0605_tempo.npy,16000,2.255,"(13, 71)","(128, 71)","(49,)","(1,)",npy
librispeech_0606,data\features\audio_npy\librispeech_0606_mfcc.npy,data\features\audio_npy\librispeech_0606_mel_spectrogram.npy,data\features\audio_npy\librispeech_0606_pitch.npy,data\features\audio_npy\librispeech_0606_tempo.npy,16000,2.6,"(13, 82)","(128, 82)","(56,)","(1,)",npy
librispeech_0607,data\features\audio_npy\librispeech_0607_mfcc.npy,data\features\audio_npy\librispeech_0607_mel_spectrogram.npy,data\features\audio_npy\librispeech_0607_pitch.npy,data\features\audio_npy\librispeech_0607_tempo.npy,16000,3.665,"(13, 115)","(128, 115)","(93,)","(1,)",npy
librispeech_0608,data\features\audio_npy\librispeech_0608_mfcc.npy,data\features\audio_npy\librispeech_0608_mel_spectrogram.npy,data\features\audio_npy\librispeech_0608_pitch.npy,data\features\audio_npy\librispeech_0608_tempo.npy,16000,4.88,"(13, 153)","(128, 153)","(132,)","(1,)",npy
librispeech_0609,data\features\audio_npy\librispeech_0609_mfcc.npy,data\features\audio_npy\librispeech_0609_mel_spectrogram.npy,data\features\audio_npy\librispeech_0609_pitch.npy,data\features\audio_npy\librispeech_0609_tempo.npy,16000,4.89,"(13, 153)","(128, 153)","(122,)","(1,)",npy
librispeech_0610,data\features\audio_npy\librispeech_0610_mfcc.npy,data\features\audio_npy\librispeech_0610_mel_spectrogram.npy,data\features\audio_npy\librispeech_0610_pitch.npy,data\features\audio_npy\librispeech_0610_tempo.npy,16000,8.75,"(13, 274)","(128, 274)","(241,)","(1,)",npy
librispeech_0611,data\features\audio_npy\librispeech_0611_mfcc.npy,data\features\audio_npy\librispeech_0611_mel_spectrogram.npy,data\features\audio_npy\librispeech_0611_pitch.npy,data\features\audio_npy\librispeech_0611_tempo.npy,16000,10.47,"(13, 328)","(128, 328)","(301,)","(1,)",npy
librispeech_0612,data\features\audio_npy\librispeech_0612_mfcc.npy,data\features\audio_npy\librispeech_0612_mel_spectrogram.npy,data\features\audio_npy\librispeech_0612_pitch.npy,data\features\audio_npy\librispeech_0612_tempo.npy,16000,6.625,"(13, 208)","(128, 208)","(165,)","(1,)",npy
librispeech_0613,data\features\audio_npy\librispeech_0613_mfcc.npy,data\features\audio_npy\librispeech_0613_mel_spectrogram.npy,data\features\audio_npy\librispeech_0613_pitch.npy,data\features\audio_npy\librispeech_0613_tempo.npy,16000,8.85,"(13, 277)","(128, 277)","(255,)","(1,)",npy
librispeech_0614,data\features\audio_npy\librispeech_0614_mfcc.npy,data\features\audio_npy\librispeech_0614_mel_spectrogram.npy,data\features\audio_npy\librispeech_0614_pitch.npy,data\features\audio_npy\librispeech_0614_tempo.npy,16000,3.55,"(13, 111)","(128, 111)","(89,)","(1,)",npy
librispeech_0615,data\features\audio_npy\librispeech_0615_mfcc.npy,data\features\audio_npy\librispeech_0615_mel_spectrogram.npy,data\features\audio_npy\librispeech_0615_pitch.npy,data\features\audio_npy\librispeech_0615_tempo.npy,16000,11.65,"(13, 365)","(128, 365)","(312,)","(1,)",npy
librispeech_0616,data\features\audio_npy\librispeech_0616_mfcc.npy,data\features\audio_npy\librispeech_0616_mel_spectrogram.npy,data\features\audio_npy\librispeech_0616_pitch.npy,data\features\audio_npy\librispeech_0616_tempo.npy,16000,8.14,"(13, 255)","(128, 255)","(216,)","(1,)",npy
librispeech_0617,data\features\audio_npy\librispeech_0617_mfcc.npy,data\features\audio_npy\librispeech_0617_mel_spectrogram.npy,data\features\audio_npy\librispeech_0617_pitch.npy,data\features\audio_npy\librispeech_0617_tempo.npy,16000,6.915,"(13, 217)","(128, 217)","(168,)","(1,)",npy
librispeech_0618,data\features\audio_npy\librispeech_0618_mfcc.npy,data\features\audio_npy\librispeech_0618_mel_spectrogram.npy,data\features\audio_npy\librispeech_0618_pitch.npy,data\features\audio_npy\librispeech_0618_tempo.npy,16000,3.795,"(13, 119)","(128, 119)","(104,)","(1,)",npy
librispeech_0619,data\features\audio_npy\librispeech_0619_mfcc.npy,data\features\audio_npy\librispeech_0619_mel_spectrogram.npy,data\features\audio_npy\librispeech_0619_pitch.npy,data\features\audio_npy\librispeech_0619_tempo.npy,16000,3.22,"(13, 101)","(128, 101)","(95,)","(1,)",npy
librispeech_0620,data\features\audio_npy\librispeech_0620_mfcc.npy,data\features\audio_npy\librispeech_0620_mel_spectrogram.npy,data\features\audio_npy\librispeech_0620_pitch.npy,data\features\audio_npy\librispeech_0620_tempo.npy,16000,6.145,"(13, 193)","(128, 193)","(181,)","(1,)",npy
librispeech_0621,data\features\audio_npy\librispeech_0621_mfcc.npy,data\features\audio_npy\librispeech_0621_mel_spectrogram.npy,data\features\audio_npy\librispeech_0621_pitch.npy,data\features\audio_npy\librispeech_0621_tempo.npy,16000,3.105,"(13, 98)","(128, 98)","(87,)","(1,)",npy
librispeech_0622,data\features\audio_npy\librispeech_0622_mfcc.npy,data\features\audio_npy\librispeech_0622_mel_spectrogram.npy,data\features\audio_npy\librispeech_0622_pitch.npy,data\features\audio_npy\librispeech_0622_tempo.npy,16000,9.33,"(13, 292)","(128, 292)","(270,)","(1,)",npy
librispeech_0623,data\features\audio_npy\librispeech_0623_mfcc.npy,data\features\audio_npy\librispeech_0623_mel_spectrogram.npy,data\features\audio_npy\librispeech_0623_pitch.npy,data\features\audio_npy\librispeech_0623_tempo.npy,16000,2.925,"(13, 92)","(128, 92)","(91,)","(1,)",npy
librispeech_0624,data\features\audio_npy\librispeech_0624_mfcc.npy,data\features\audio_npy\librispeech_0624_mel_spectrogram.npy,data\features\audio_npy\librispeech_0624_pitch.npy,data\features\audio_npy\librispeech_0624_tempo.npy,16000,3.335,"(13, 105)","(128, 105)","(89,)","(1,)",npy
librispeech_0625,data\features\audio_npy\librispeech_0625_mfcc.npy,data\features\audio_npy\librispeech_0625_mel_spectrogram.npy,data\features\audio_npy\librispeech_0625_pitch.npy,data\features\audio_npy\librispeech_0625_tempo.npy,16000,8.44,"(13, 264)","(128, 264)","(245,)","(1,)",npy
librispeech_0626,data\features\audio_npy\librispeech_0626_mfcc.npy,data\features\audio_npy\librispeech_0626_mel_spectrogram.npy,data\features\audio_npy\librispeech_0626_pitch.npy,data\features\audio_npy\librispeech_0626_tempo.npy,16000,6.81,"(13, 213)","(128, 213)","(163,)","(1,)",npy
librispeech_0627,data\features\audio_npy\librispeech_0627_mfcc.npy,data\features\audio_npy\librispeech_0627_mel_spectrogram.npy,data\features\audio_npy\librispeech_0627_pitch.npy,data\features\audio_npy\librispeech_0627_tempo.npy,16000,8.52,"(13, 267)","(128, 267)","(227,)","(1,)",npy
librispeech_0628,data\features\audio_npy\librispeech_0628_mfcc.npy,data\features\audio_npy\librispeech_0628_mel_spectrogram.npy,data\features\audio_npy\librispeech_0628_pitch.npy,data\features\audio_npy\librispeech_0628_tempo.npy,16000,8.91,"(13, 279)","(128, 279)","(263,)","(1,)",npy
librispeech_0629,data\features\audio_npy\librispeech_0629_mfcc.npy,data\features\audio_npy\librispeech_0629_mel_spectrogram.npy,data\features\audio_npy\librispeech_0629_pitch.npy,data\features\audio_npy\librispeech_0629_tempo.npy,16000,7.845,"(13, 246)","(128, 246)","(198,)","(1,)",npy
librispeech_0630,data\features\audio_npy\librispeech_0630_mfcc.npy,data\features\audio_npy\librispeech_0630_mel_spectrogram.npy,data\features\audio_npy\librispeech_0630_pitch.npy,data\features\audio_npy\librispeech_0630_tempo.npy,16000,6.2,"(13, 194)","(128, 194)","(143,)","(1,)",npy
librispeech_0631,data\features\audio_npy\librispeech_0631_mfcc.npy,data\features\audio_npy\librispeech_0631_mel_spectrogram.npy,data\features\audio_npy\librispeech_0631_pitch.npy,data\features\audio_npy\librispeech_0631_tempo.npy,16000,6.93,"(13, 217)","(128, 217)","(193,)","(1,)",npy
librispeech_0632,data\features\audio_npy\librispeech_0632_mfcc.npy,data\features\audio_npy\librispeech_0632_mel_spectrogram.npy,data\features\audio_npy\librispeech_0632_pitch.npy,data\features\audio_npy\librispeech_0632_tempo.npy,16000,1.775,"(13, 56)","(128, 56)","(45,)","(1,)",npy
librispeech_0633,data\features\audio_npy\librispeech_0633_mfcc.npy,data\features\audio_npy\librispeech_0633_mel_spectrogram.npy,data\features\audio_npy\librispeech_0633_pitch.npy,data\features\audio_npy\librispeech_0633_tempo.npy,16000,6.69,"(13, 210)","(128, 210)","(177,)","(1,)",npy
librispeech_0634,data\features\audio_npy\librispeech_0634_mfcc.npy,data\features\audio_npy\librispeech_0634_mel_spectrogram.npy,data\features\audio_npy\librispeech_0634_pitch.npy,data\features\audio_npy\librispeech_0634_tempo.npy,16000,3.28,"(13, 103)","(128, 103)","(85,)","(1,)",npy
librispeech_0635,data\features\audio_npy\librispeech_0635_mfcc.npy,data\features\audio_npy\librispeech_0635_mel_spectrogram.npy,data\features\audio_npy\librispeech_0635_pitch.npy,data\features\audio_npy\librispeech_0635_tempo.npy,16000,7.78,"(13, 244)","(128, 244)","(221,)","(1,)",npy
librispeech_0636,data\features\audio_npy\librispeech_0636_mfcc.npy,data\features\audio_npy\librispeech_0636_mel_spectrogram.npy,data\features\audio_npy\librispeech_0636_pitch.npy,data\features\audio_npy\librispeech_0636_tempo.npy,16000,3.18,"(13, 100)","(128, 100)","(75,)","(1,)",npy
librispeech_0637,data\features\audio_npy\librispeech_0637_mfcc.npy,data\features\audio_npy\librispeech_0637_mel_spectrogram.npy,data\features\audio_npy\librispeech_0637_pitch.npy,data\features\audio_npy\librispeech_0637_tempo.npy,16000,3.455,"(13, 108)","(128, 108)","(93,)","(1,)",npy
librispeech_0638,data\features\audio_npy\librispeech_0638_mfcc.npy,data\features\audio_npy\librispeech_0638_mel_spectrogram.npy,data\features\audio_npy\librispeech_0638_pitch.npy,data\features\audio_npy\librispeech_0638_tempo.npy,16000,3.15,"(13, 99)","(128, 99)","(73,)","(1,)",npy
librispeech_0639,data\features\audio_npy\librispeech_0639_mfcc.npy,data\features\audio_npy\librispeech_0639_mel_spectrogram.npy,data\features\audio_npy\librispeech_0639_pitch.npy,data\features\audio_npy\librispeech_0639_tempo.npy,16000,3.65,"(13, 115)","(128, 115)","(80,)","(1,)",npy
librispeech_0640,data\features\audio_npy\librispeech_0640_mfcc.npy,data\features\audio_npy\librispeech_0640_mel_spectrogram.npy,data\features\audio_npy\librispeech_0640_pitch.npy,data\features\audio_npy\librispeech_0640_tempo.npy,16000,10.46,"(13, 327)","(128, 327)","(294,)","(1,)",npy
librispeech_0641,data\features\audio_npy\librispeech_0641_mfcc.npy,data\features\audio_npy\librispeech_0641_mel_spectrogram.npy,data\features\audio_npy\librispeech_0641_pitch.npy,data\features\audio_npy\librispeech_0641_tempo.npy,16000,2.34,"(13, 74)","(128, 74)","(49,)","(1,)",npy
librispeech_0642,data\features\audio_npy\librispeech_0642_mfcc.npy,data\features\audio_npy\librispeech_0642_mel_spectrogram.npy,data\features\audio_npy\librispeech_0642_pitch.npy,data\features\audio_npy\librispeech_0642_tempo.npy,16000,4.835,"(13, 152)","(128, 152)","(126,)","(1,)",npy
librispeech_0643,data\features\audio_npy\librispeech_0643_mfcc.npy,data\features\audio_npy\librispeech_0643_mel_spectrogram.npy,data\features\audio_npy\librispeech_0643_pitch.npy,data\features\audio_npy\librispeech_0643_tempo.npy,16000,10.305,"(13, 323)","(128, 323)","(293,)","(1,)",npy
librispeech_0644,data\features\audio_npy\librispeech_0644_mfcc.npy,data\features\audio_npy\librispeech_0644_mel_spectrogram.npy,data\features\audio_npy\librispeech_0644_pitch.npy,data\features\audio_npy\librispeech_0644_tempo.npy,16000,3.175,"(13, 100)","(128, 100)","(88,)","(1,)",npy
librispeech_0645,data\features\audio_npy\librispeech_0645_mfcc.npy,data\features\audio_npy\librispeech_0645_mel_spectrogram.npy,data\features\audio_npy\librispeech_0645_pitch.npy,data\features\audio_npy\librispeech_0645_tempo.npy,16000,9.875,"(13, 309)","(128, 309)","(276,)","(1,)",npy
librispeech_0646,data\features\audio_npy\librispeech_0646_mfcc.npy,data\features\audio_npy\librispeech_0646_mel_spectrogram.npy,data\features\audio_npy\librispeech_0646_pitch.npy,data\features\audio_npy\librispeech_0646_tempo.npy,16000,10.11,"(13, 316)","(128, 316)","(268,)","(1,)",npy
librispeech_0647,data\features\audio_npy\librispeech_0647_mfcc.npy,data\features\audio_npy\librispeech_0647_mel_spectrogram.npy,data\features\audio_npy\librispeech_0647_pitch.npy,data\features\audio_npy\librispeech_0647_tempo.npy,16000,6.04,"(13, 189)","(128, 189)","(173,)","(1,)",npy
librispeech_0648,data\features\audio_npy\librispeech_0648_mfcc.npy,data\features\audio_npy\librispeech_0648_mel_spectrogram.npy,data\features\audio_npy\librispeech_0648_pitch.npy,data\features\audio_npy\librispeech_0648_tempo.npy,16000,5.825,"(13, 183)","(128, 183)","(170,)","(1,)",npy
librispeech_0649,data\features\audio_npy\librispeech_0649_mfcc.npy,data\features\audio_npy\librispeech_0649_mel_spectrogram.npy,data\features\audio_npy\librispeech_0649_pitch.npy,data\features\audio_npy\librispeech_0649_tempo.npy,16000,14.065,"(13, 440)","(128, 440)","(377,)","(1,)",npy
librispeech_0650,data\features\audio_npy\librispeech_0650_mfcc.npy,data\features\audio_npy\librispeech_0650_mel_spectrogram.npy,data\features\audio_npy\librispeech_0650_pitch.npy,data\features\audio_npy\librispeech_0650_tempo.npy,16000,10.41,"(13, 326)","(128, 326)","(301,)","(1,)",npy
librispeech_0651,data\features\audio_npy\librispeech_0651_mfcc.npy,data\features\audio_npy\librispeech_0651_mel_spectrogram.npy,data\features\audio_npy\librispeech_0651_pitch.npy,data\features\audio_npy\librispeech_0651_tempo.npy,16000,9.42,"(13, 295)","(128, 295)","(261,)","(1,)",npy
librispeech_0652,data\features\audio_npy\librispeech_0652_mfcc.npy,data\features\audio_npy\librispeech_0652_mel_spectrogram.npy,data\features\audio_npy\librispeech_0652_pitch.npy,data\features\audio_npy\librispeech_0652_tempo.npy,16000,20.39,"(13, 638)","(128, 638)","(538,)","(1,)",npy
librispeech_0653,data\features\audio_npy\librispeech_0653_mfcc.npy,data\features\audio_npy\librispeech_0653_mel_spectrogram.npy,data\features\audio_npy\librispeech_0653_pitch.npy,data\features\audio_npy\librispeech_0653_tempo.npy,16000,8.065,"(13, 253)","(128, 253)","(238,)","(1,)",npy
librispeech_0654,data\features\audio_npy\librispeech_0654_mfcc.npy,data\features\audio_npy\librispeech_0654_mel_spectrogram.npy,data\features\audio_npy\librispeech_0654_pitch.npy,data\features\audio_npy\librispeech_0654_tempo.npy,16000,8.14,"(13, 255)","(128, 255)","(232,)","(1,)",npy
librispeech_0655,data\features\audio_npy\librispeech_0655_mfcc.npy,data\features\audio_npy\librispeech_0655_mel_spectrogram.npy,data\features\audio_npy\librispeech_0655_pitch.npy,data\features\audio_npy\librispeech_0655_tempo.npy,16000,7.59,"(13, 238)","(128, 238)","(221,)","(1,)",npy
librispeech_0656,data\features\audio_npy\librispeech_0656_mfcc.npy,data\features\audio_npy\librispeech_0656_mel_spectrogram.npy,data\features\audio_npy\librispeech_0656_pitch.npy,data\features\audio_npy\librispeech_0656_tempo.npy,16000,3.385,"(13, 106)","(128, 106)","(104,)","(1,)",npy
librispeech_0657,data\features\audio_npy\librispeech_0657_mfcc.npy,data\features\audio_npy\librispeech_0657_mel_spectrogram.npy,data\features\audio_npy\librispeech_0657_pitch.npy,data\features\audio_npy\librispeech_0657_tempo.npy,16000,10.4,"(13, 326)","(128, 326)","(289,)","(1,)",npy
librispeech_0658,data\features\audio_npy\librispeech_0658_mfcc.npy,data\features\audio_npy\librispeech_0658_mel_spectrogram.npy,data\features\audio_npy\librispeech_0658_pitch.npy,data\features\audio_npy\librispeech_0658_tempo.npy,16000,2.83,"(13, 89)","(128, 89)","(84,)","(1,)",npy
librispeech_0659,data\features\audio_npy\librispeech_0659_mfcc.npy,data\features\audio_npy\librispeech_0659_mel_spectrogram.npy,data\features\audio_npy\librispeech_0659_pitch.npy,data\features\audio_npy\librispeech_0659_tempo.npy,16000,5.96,"(13, 187)","(128, 187)","(167,)","(1,)",npy
librispeech_0660,data\features\audio_npy\librispeech_0660_mfcc.npy,data\features\audio_npy\librispeech_0660_mel_spectrogram.npy,data\features\audio_npy\librispeech_0660_pitch.npy,data\features\audio_npy\librispeech_0660_tempo.npy,16000,2.425,"(13, 76)","(128, 76)","(61,)","(1,)",npy
librispeech_0661,data\features\audio_npy\librispeech_0661_mfcc.npy,data\features\audio_npy\librispeech_0661_mel_spectrogram.npy,data\features\audio_npy\librispeech_0661_pitch.npy,data\features\audio_npy\librispeech_0661_tempo.npy,16000,13.805,"(13, 432)","(128, 432)","(409,)","(1,)",npy
librispeech_0662,data\features\audio_npy\librispeech_0662_mfcc.npy,data\features\audio_npy\librispeech_0662_mel_spectrogram.npy,data\features\audio_npy\librispeech_0662_pitch.npy,data\features\audio_npy\librispeech_0662_tempo.npy,16000,12.065,"(13, 378)","(128, 378)","(346,)","(1,)",npy
librispeech_0663,data\features\audio_npy\librispeech_0663_mfcc.npy,data\features\audio_npy\librispeech_0663_mel_spectrogram.npy,data\features\audio_npy\librispeech_0663_pitch.npy,data\features\audio_npy\librispeech_0663_tempo.npy,16000,5.26,"(13, 165)","(128, 165)","(157,)","(1,)",npy
librispeech_0664,data\features\audio_npy\librispeech_0664_mfcc.npy,data\features\audio_npy\librispeech_0664_mel_spectrogram.npy,data\features\audio_npy\librispeech_0664_pitch.npy,data\features\audio_npy\librispeech_0664_tempo.npy,16000,3.35,"(13, 105)","(128, 105)","(97,)","(1,)",npy
librispeech_0665,data\features\audio_npy\librispeech_0665_mfcc.npy,data\features\audio_npy\librispeech_0665_mel_spectrogram.npy,data\features\audio_npy\librispeech_0665_pitch.npy,data\features\audio_npy\librispeech_0665_tempo.npy,16000,10.36,"(13, 324)","(128, 324)","(303,)","(1,)",npy
librispeech_0666,data\features\audio_npy\librispeech_0666_mfcc.npy,data\features\audio_npy\librispeech_0666_mel_spectrogram.npy,data\features\audio_npy\librispeech_0666_pitch.npy,data\features\audio_npy\librispeech_0666_tempo.npy,16000,11.04,"(13, 346)","(128, 346)","(306,)","(1,)",npy
librispeech_0667,data\features\audio_npy\librispeech_0667_mfcc.npy,data\features\audio_npy\librispeech_0667_mel_spectrogram.npy,data\features\audio_npy\librispeech_0667_pitch.npy,data\features\audio_npy\librispeech_0667_tempo.npy,16000,12.265,"(13, 384)","(128, 384)","(349,)","(1,)",npy
librispeech_0668,data\features\audio_npy\librispeech_0668_mfcc.npy,data\features\audio_npy\librispeech_0668_mel_spectrogram.npy,data\features\audio_npy\librispeech_0668_pitch.npy,data\features\audio_npy\librispeech_0668_tempo.npy,16000,6.32,"(13, 198)","(128, 198)","(175,)","(1,)",npy
librispeech_0669,data\features\audio_npy\librispeech_0669_mfcc.npy,data\features\audio_npy\librispeech_0669_mel_spectrogram.npy,data\features\audio_npy\librispeech_0669_pitch.npy,data\features\audio_npy\librispeech_0669_tempo.npy,16000,6.755,"(13, 212)","(128, 212)","(199,)","(1,)",npy
librispeech_0670,data\features\audio_npy\librispeech_0670_mfcc.npy,data\features\audio_npy\librispeech_0670_mel_spectrogram.npy,data\features\audio_npy\librispeech_0670_pitch.npy,data\features\audio_npy\librispeech_0670_tempo.npy,16000,4.34,"(13, 136)","(128, 136)","(128,)","(1,)",npy
librispeech_0671,data\features\audio_npy\librispeech_0671_mfcc.npy,data\features\audio_npy\librispeech_0671_mel_spectrogram.npy,data\features\audio_npy\librispeech_0671_pitch.npy,data\features\audio_npy\librispeech_0671_tempo.npy,16000,17.175,"(13, 537)","(128, 537)","(500,)","(1,)",npy
librispeech_0672,data\features\audio_npy\librispeech_0672_mfcc.npy,data\features\audio_npy\librispeech_0672_mel_spectrogram.npy,data\features\audio_npy\librispeech_0672_pitch.npy,data\features\audio_npy\librispeech_0672_tempo.npy,16000,2.69,"(13, 85)","(128, 85)","(77,)","(1,)",npy
librispeech_0673,data\features\audio_npy\librispeech_0673_mfcc.npy,data\features\audio_npy\librispeech_0673_mel_spectrogram.npy,data\features\audio_npy\librispeech_0673_pitch.npy,data\features\audio_npy\librispeech_0673_tempo.npy,16000,6.645,"(13, 208)","(128, 208)","(201,)","(1,)",npy
librispeech_0674,data\features\audio_npy\librispeech_0674_mfcc.npy,data\features\audio_npy\librispeech_0674_mel_spectrogram.npy,data\features\audio_npy\librispeech_0674_pitch.npy,data\features\audio_npy\librispeech_0674_tempo.npy,16000,3.775,"(13, 118)","(128, 118)","(109,)","(1,)",npy
librispeech_0675,data\features\audio_npy\librispeech_0675_mfcc.npy,data\features\audio_npy\librispeech_0675_mel_spectrogram.npy,data\features\audio_npy\librispeech_0675_pitch.npy,data\features\audio_npy\librispeech_0675_tempo.npy,16000,19.275,"(13, 603)","(128, 603)","(566,)","(1,)",npy
librispeech_0676,data\features\audio_npy\librispeech_0676_mfcc.npy,data\features\audio_npy\librispeech_0676_mel_spectrogram.npy,data\features\audio_npy\librispeech_0676_pitch.npy,data\features\audio_npy\librispeech_0676_tempo.npy,16000,4.815,"(13, 151)","(128, 151)","(138,)","(1,)",npy
librispeech_0677,data\features\audio_npy\librispeech_0677_mfcc.npy,data\features\audio_npy\librispeech_0677_mel_spectrogram.npy,data\features\audio_npy\librispeech_0677_pitch.npy,data\features\audio_npy\librispeech_0677_tempo.npy,16000,6.645,"(13, 208)","(128, 208)","(193,)","(1,)",npy
librispeech_0678,data\features\audio_npy\librispeech_0678_mfcc.npy,data\features\audio_npy\librispeech_0678_mel_spectrogram.npy,data\features\audio_npy\librispeech_0678_pitch.npy,data\features\audio_npy\librispeech_0678_tempo.npy,16000,4.545,"(13, 143)","(128, 143)","(128,)","(1,)",npy
librispeech_0679,data\features\audio_npy\librispeech_0679_mfcc.npy,data\features\audio_npy\librispeech_0679_mel_spectrogram.npy,data\features\audio_npy\librispeech_0679_pitch.npy,data\features\audio_npy\librispeech_0679_tempo.npy,16000,4.625,"(13, 145)","(128, 145)","(134,)","(1,)",npy
librispeech_0680,data\features\audio_npy\librispeech_0680_mfcc.npy,data\features\audio_npy\librispeech_0680_mel_spectrogram.npy,data\features\audio_npy\librispeech_0680_pitch.npy,data\features\audio_npy\librispeech_0680_tempo.npy,16000,6.05,"(13, 190)","(128, 190)","(182,)","(1,)",npy
librispeech_0681,data\features\audio_npy\librispeech_0681_mfcc.npy,data\features\audio_npy\librispeech_0681_mel_spectrogram.npy,data\features\audio_npy\librispeech_0681_pitch.npy,data\features\audio_npy\librispeech_0681_tempo.npy,16000,5.51,"(13, 173)","(128, 173)","(161,)","(1,)",npy
librispeech_0682,data\features\audio_npy\librispeech_0682_mfcc.npy,data\features\audio_npy\librispeech_0682_mel_spectrogram.npy,data\features\audio_npy\librispeech_0682_pitch.npy,data\features\audio_npy\librispeech_0682_tempo.npy,16000,5.98,"(13, 187)","(128, 187)","(181,)","(1,)",npy
librispeech_0683,data\features\audio_npy\librispeech_0683_mfcc.npy,data\features\audio_npy\librispeech_0683_mel_spectrogram.npy,data\features\audio_npy\librispeech_0683_pitch.npy,data\features\audio_npy\librispeech_0683_tempo.npy,16000,2.82,"(13, 89)","(128, 89)","(85,)","(1,)",npy
librispeech_0684,data\features\audio_npy\librispeech_0684_mfcc.npy,data\features\audio_npy\librispeech_0684_mel_spectrogram.npy,data\features\audio_npy\librispeech_0684_pitch.npy,data\features\audio_npy\librispeech_0684_tempo.npy,16000,7.14,"(13, 224)","(128, 224)","(204,)","(1,)",npy
librispeech_0685,data\features\audio_npy\librispeech_0685_mfcc.npy,data\features\audio_npy\librispeech_0685_mel_spectrogram.npy,data\features\audio_npy\librispeech_0685_pitch.npy,data\features\audio_npy\librispeech_0685_tempo.npy,16000,7.02,"(13, 220)","(128, 220)","(209,)","(1,)",npy
librispeech_0686,data\features\audio_npy\librispeech_0686_mfcc.npy,data\features\audio_npy\librispeech_0686_mel_spectrogram.npy,data\features\audio_npy\librispeech_0686_pitch.npy,data\features\audio_npy\librispeech_0686_tempo.npy,16000,10.21,"(13, 320)","(128, 320)","(308,)","(1,)",npy
librispeech_0687,data\features\audio_npy\librispeech_0687_mfcc.npy,data\features\audio_npy\librispeech_0687_mel_spectrogram.npy,data\features\audio_npy\librispeech_0687_pitch.npy,data\features\audio_npy\librispeech_0687_tempo.npy,16000,9.375,"(13, 293)","(128, 293)","(280,)","(1,)",npy
librispeech_0688,data\features\audio_npy\librispeech_0688_mfcc.npy,data\features\audio_npy\librispeech_0688_mel_spectrogram.npy,data\features\audio_npy\librispeech_0688_pitch.npy,data\features\audio_npy\librispeech_0688_tempo.npy,16000,16.56,"(13, 518)","(128, 518)","(496,)","(1,)",npy
librispeech_0689,data\features\audio_npy\librispeech_0689_mfcc.npy,data\features\audio_npy\librispeech_0689_mel_spectrogram.npy,data\features\audio_npy\librispeech_0689_pitch.npy,data\features\audio_npy\librispeech_0689_tempo.npy,16000,11.985,"(13, 375)","(128, 375)","(353,)","(1,)",npy
librispeech_0690,data\features\audio_npy\librispeech_0690_mfcc.npy,data\features\audio_npy\librispeech_0690_mel_spectrogram.npy,data\features\audio_npy\librispeech_0690_pitch.npy,data\features\audio_npy\librispeech_0690_tempo.npy,16000,9.9,"(13, 310)","(128, 310)","(296,)","(1,)",npy
librispeech_0691,data\features\audio_npy\librispeech_0691_mfcc.npy,data\features\audio_npy\librispeech_0691_mel_spectrogram.npy,data\features\audio_npy\librispeech_0691_pitch.npy,data\features\audio_npy\librispeech_0691_tempo.npy,16000,10.29,"(13, 322)","(128, 322)","(310,)","(1,)",npy
librispeech_0692,data\features\audio_npy\librispeech_0692_mfcc.npy,data\features\audio_npy\librispeech_0692_mel_spectrogram.npy,data\features\audio_npy\librispeech_0692_pitch.npy,data\features\audio_npy\librispeech_0692_tempo.npy,16000,20.88,"(13, 653)","(128, 653)","(619,)","(1,)",npy
librispeech_0693,data\features\audio_npy\librispeech_0693_mfcc.npy,data\features\audio_npy\librispeech_0693_mel_spectrogram.npy,data\features\audio_npy\librispeech_0693_pitch.npy,data\features\audio_npy\librispeech_0693_tempo.npy,16000,10.26,"(13, 321)","(128, 321)","(308,)","(1,)",npy
librispeech_0694,data\features\audio_npy\librispeech_0694_mfcc.npy,data\features\audio_npy\librispeech_0694_mel_spectrogram.npy,data\features\audio_npy\librispeech_0694_pitch.npy,data\features\audio_npy\librispeech_0694_tempo.npy,16000,2.09,"(13, 66)","(128, 66)","(63,)","(1,)",npy
librispeech_0695,data\features\audio_npy\librispeech_0695_mfcc.npy,data\features\audio_npy\librispeech_0695_mel_spectrogram.npy,data\features\audio_npy\librispeech_0695_pitch.npy,data\features\audio_npy\librispeech_0695_tempo.npy,16000,3.265,"(13, 103)","(128, 103)","(100,)","(1,)",npy
librispeech_0696,data\features\audio_npy\librispeech_0696_mfcc.npy,data\features\audio_npy\librispeech_0696_mel_spectrogram.npy,data\features\audio_npy\librispeech_0696_pitch.npy,data\features\audio_npy\librispeech_0696_tempo.npy,16000,7.425,"(13, 233)","(128, 233)","(216,)","(1,)",npy
librispeech_0697,data\features\audio_npy\librispeech_0697_mfcc.npy,data\features\audio_npy\librispeech_0697_mel_spectrogram.npy,data\features\audio_npy\librispeech_0697_pitch.npy,data\features\audio_npy\librispeech_0697_tempo.npy,16000,11.345,"(13, 355)","(128, 355)","(336,)","(1,)",npy
librispeech_0698,data\features\audio_npy\librispeech_0698_mfcc.npy,data\features\audio_npy\librispeech_0698_mel_spectrogram.npy,data\features\audio_npy\librispeech_0698_pitch.npy,data\features\audio_npy\librispeech_0698_tempo.npy,16000,4.74,"(13, 149)","(128, 149)","(143,)","(1,)",npy
librispeech_0699,data\features\audio_npy\librispeech_0699_mfcc.npy,data\features\audio_npy\librispeech_0699_mel_spectrogram.npy,data\features\audio_npy\librispeech_0699_pitch.npy,data\features\audio_npy\librispeech_0699_tempo.npy,16000,6.825,"(13, 214)","(128, 214)","(200,)","(1,)",npy
librispeech_0700,data\features\audio_npy\librispeech_0700_mfcc.npy,data\features\audio_npy\librispeech_0700_mel_spectrogram.npy,data\features\audio_npy\librispeech_0700_pitch.npy,data\features\audio_npy\librispeech_0700_tempo.npy,16000,9.195,"(13, 288)","(128, 288)","(267,)","(1,)",npy
librispeech_0701,data\features\audio_npy\librispeech_0701_mfcc.npy,data\features\audio_npy\librispeech_0701_mel_spectrogram.npy,data\features\audio_npy\librispeech_0701_pitch.npy,data\features\audio_npy\librispeech_0701_tempo.npy,16000,7.89,"(13, 247)","(128, 247)","(228,)","(1,)",npy
librispeech_0702,data\features\audio_npy\librispeech_0702_mfcc.npy,data\features\audio_npy\librispeech_0702_mel_spectrogram.npy,data\features\audio_npy\librispeech_0702_pitch.npy,data\features\audio_npy\librispeech_0702_tempo.npy,16000,7.25,"(13, 227)","(128, 227)","(220,)","(1,)",npy
librispeech_0703,data\features\audio_npy\librispeech_0703_mfcc.npy,data\features\audio_npy\librispeech_0703_mel_spectrogram.npy,data\features\audio_npy\librispeech_0703_pitch.npy,data\features\audio_npy\librispeech_0703_tempo.npy,16000,9.88,"(13, 309)","(128, 309)","(270,)","(1,)",npy
librispeech_0704,data\features\audio_npy\librispeech_0704_mfcc.npy,data\features\audio_npy\librispeech_0704_mel_spectrogram.npy,data\features\audio_npy\librispeech_0704_pitch.npy,data\features\audio_npy\librispeech_0704_tempo.npy,16000,8.625,"(13, 270)","(128, 270)","(230,)","(1,)",npy
librispeech_0705,data\features\audio_npy\librispeech_0705_mfcc.npy,data\features\audio_npy\librispeech_0705_mel_spectrogram.npy,data\features\audio_npy\librispeech_0705_pitch.npy,data\features\audio_npy\librispeech_0705_tempo.npy,16000,7.55,"(13, 236)","(128, 236)","(211,)","(1,)",npy
librispeech_0706,data\features\audio_npy\librispeech_0706_mfcc.npy,data\features\audio_npy\librispeech_0706_mel_spectrogram.npy,data\features\audio_npy\librispeech_0706_pitch.npy,data\features\audio_npy\librispeech_0706_tempo.npy,16000,5.535,"(13, 173)","(128, 173)","(156,)","(1,)",npy
librispeech_0707,data\features\audio_npy\librispeech_0707_mfcc.npy,data\features\audio_npy\librispeech_0707_mel_spectrogram.npy,data\features\audio_npy\librispeech_0707_pitch.npy,data\features\audio_npy\librispeech_0707_tempo.npy,16000,4.415,"(13, 138)","(128, 138)","(131,)","(1,)",npy
librispeech_0708,data\features\audio_npy\librispeech_0708_mfcc.npy,data\features\audio_npy\librispeech_0708_mel_spectrogram.npy,data\features\audio_npy\librispeech_0708_pitch.npy,data\features\audio_npy\librispeech_0708_tempo.npy,16000,10.36,"(13, 324)","(128, 324)","(304,)","(1,)",npy
librispeech_0709,data\features\audio_npy\librispeech_0709_mfcc.npy,data\features\audio_npy\librispeech_0709_mel_spectrogram.npy,data\features\audio_npy\librispeech_0709_pitch.npy,data\features\audio_npy\librispeech_0709_tempo.npy,16000,3.065,"(13, 96)","(128, 96)","(91,)","(1,)",npy
librispeech_0710,data\features\audio_npy\librispeech_0710_mfcc.npy,data\features\audio_npy\librispeech_0710_mel_spectrogram.npy,data\features\audio_npy\librispeech_0710_pitch.npy,data\features\audio_npy\librispeech_0710_tempo.npy,16000,4.37,"(13, 137)","(128, 137)","(126,)","(1,)",npy
librispeech_0711,data\features\audio_npy\librispeech_0711_mfcc.npy,data\features\audio_npy\librispeech_0711_mel_spectrogram.npy,data\features\audio_npy\librispeech_0711_pitch.npy,data\features\audio_npy\librispeech_0711_tempo.npy,16000,4.03,"(13, 126)","(128, 126)","(114,)","(1,)",npy
librispeech_0712,data\features\audio_npy\librispeech_0712_mfcc.npy,data\features\audio_npy\librispeech_0712_mel_spectrogram.npy,data\features\audio_npy\librispeech_0712_pitch.npy,data\features\audio_npy\librispeech_0712_tempo.npy,16000,6.125,"(13, 192)","(128, 192)","(162,)","(1,)",npy
librispeech_0713,data\features\audio_npy\librispeech_0713_mfcc.npy,data\features\audio_npy\librispeech_0713_mel_spectrogram.npy,data\features\audio_npy\librispeech_0713_pitch.npy,data\features\audio_npy\librispeech_0713_tempo.npy,16000,4.45,"(13, 140)","(128, 140)","(132,)","(1,)",npy
librispeech_0714,data\features\audio_npy\librispeech_0714_mfcc.npy,data\features\audio_npy\librispeech_0714_mel_spectrogram.npy,data\features\audio_npy\librispeech_0714_pitch.npy,data\features\audio_npy\librispeech_0714_tempo.npy,16000,2.13,"(13, 67)","(128, 67)","(67,)","(1,)",npy
librispeech_0715,data\features\audio_npy\librispeech_0715_mfcc.npy,data\features\audio_npy\librispeech_0715_mel_spectrogram.npy,data\features\audio_npy\librispeech_0715_pitch.npy,data\features\audio_npy\librispeech_0715_tempo.npy,16000,5.925,"(13, 186)","(128, 186)","(179,)","(1,)",npy
librispeech_0716,data\features\audio_npy\librispeech_0716_mfcc.npy,data\features\audio_npy\librispeech_0716_mel_spectrogram.npy,data\features\audio_npy\librispeech_0716_pitch.npy,data\features\audio_npy\librispeech_0716_tempo.npy,16000,2.575,"(13, 81)","(128, 81)","(73,)","(1,)",npy
librispeech_0717,data\features\audio_npy\librispeech_0717_mfcc.npy,data\features\audio_npy\librispeech_0717_mel_spectrogram.npy,data\features\audio_npy\librispeech_0717_pitch.npy,data\features\audio_npy\librispeech_0717_tempo.npy,16000,6.095,"(13, 191)","(128, 191)","(169,)","(1,)",npy
librispeech_0718,data\features\audio_npy\librispeech_0718_mfcc.npy,data\features\audio_npy\librispeech_0718_mel_spectrogram.npy,data\features\audio_npy\librispeech_0718_pitch.npy,data\features\audio_npy\librispeech_0718_tempo.npy,16000,6.025,"(13, 189)","(128, 189)","(177,)","(1,)",npy
librispeech_0719,data\features\audio_npy\librispeech_0719_mfcc.npy,data\features\audio_npy\librispeech_0719_mel_spectrogram.npy,data\features\audio_npy\librispeech_0719_pitch.npy,data\features\audio_npy\librispeech_0719_tempo.npy,16000,6.72,"(13, 211)","(128, 211)","(199,)","(1,)",npy
librispeech_0720,data\features\audio_npy\librispeech_0720_mfcc.npy,data\features\audio_npy\librispeech_0720_mel_spectrogram.npy,data\features\audio_npy\librispeech_0720_pitch.npy,data\features\audio_npy\librispeech_0720_tempo.npy,16000,6.585,"(13, 206)","(128, 206)","(181,)","(1,)",npy
librispeech_0721,data\features\audio_npy\librispeech_0721_mfcc.npy,data\features\audio_npy\librispeech_0721_mel_spectrogram.npy,data\features\audio_npy\librispeech_0721_pitch.npy,data\features\audio_npy\librispeech_0721_tempo.npy,16000,6.2,"(13, 194)","(128, 194)","(179,)","(1,)",npy
librispeech_0722,data\features\audio_npy\librispeech_0722_mfcc.npy,data\features\audio_npy\librispeech_0722_mel_spectrogram.npy,data\features\audio_npy\librispeech_0722_pitch.npy,data\features\audio_npy\librispeech_0722_tempo.npy,16000,3.815,"(13, 120)","(128, 120)","(104,)","(1,)",npy
librispeech_0723,data\features\audio_npy\librispeech_0723_mfcc.npy,data\features\audio_npy\librispeech_0723_mel_spectrogram.npy,data\features\audio_npy\librispeech_0723_pitch.npy,data\features\audio_npy\librispeech_0723_tempo.npy,16000,3.16,"(13, 99)","(128, 99)","(81,)","(1,)",npy
librispeech_0724,data\features\audio_npy\librispeech_0724_mfcc.npy,data\features\audio_npy\librispeech_0724_mel_spectrogram.npy,data\features\audio_npy\librispeech_0724_pitch.npy,data\features\audio_npy\librispeech_0724_tempo.npy,16000,2.165,"(13, 68)","(128, 68)","(53,)","(1,)",npy
librispeech_0725,data\features\audio_npy\librispeech_0725_mfcc.npy,data\features\audio_npy\librispeech_0725_mel_spectrogram.npy,data\features\audio_npy\librispeech_0725_pitch.npy,data\features\audio_npy\librispeech_0725_tempo.npy,16000,2.57,"(13, 81)","(128, 81)","(72,)","(1,)",npy
librispeech_0726,data\features\audio_npy\librispeech_0726_mfcc.npy,data\features\audio_npy\librispeech_0726_mel_spectrogram.npy,data\features\audio_npy\librispeech_0726_pitch.npy,data\features\audio_npy\librispeech_0726_tempo.npy,16000,5.53,"(13, 173)","(128, 173)","(152,)","(1,)",npy
librispeech_0727,data\features\audio_npy\librispeech_0727_mfcc.npy,data\features\audio_npy\librispeech_0727_mel_spectrogram.npy,data\features\audio_npy\librispeech_0727_pitch.npy,data\features\audio_npy\librispeech_0727_tempo.npy,16000,2.535,"(13, 80)","(128, 80)","(67,)","(1,)",npy
librispeech_0728,data\features\audio_npy\librispeech_0728_mfcc.npy,data\features\audio_npy\librispeech_0728_mel_spectrogram.npy,data\features\audio_npy\librispeech_0728_pitch.npy,data\features\audio_npy\librispeech_0728_tempo.npy,16000,2.935,"(13, 92)","(128, 92)","(70,)","(1,)",npy
librispeech_0729,data\features\audio_npy\librispeech_0729_mfcc.npy,data\features\audio_npy\librispeech_0729_mel_spectrogram.npy,data\features\audio_npy\librispeech_0729_pitch.npy,data\features\audio_npy\librispeech_0729_tempo.npy,16000,5.19,"(13, 163)","(128, 163)","(142,)","(1,)",npy
librispeech_0730,data\features\audio_npy\librispeech_0730_mfcc.npy,data\features\audio_npy\librispeech_0730_mel_spectrogram.npy,data\features\audio_npy\librispeech_0730_pitch.npy,data\features\audio_npy\librispeech_0730_tempo.npy,16000,6.425,"(13, 201)","(128, 201)","(188,)","(1,)",npy
librispeech_0731,data\features\audio_npy\librispeech_0731_mfcc.npy,data\features\audio_npy\librispeech_0731_mel_spectrogram.npy,data\features\audio_npy\librispeech_0731_pitch.npy,data\features\audio_npy\librispeech_0731_tempo.npy,16000,1.94,"(13, 61)","(128, 61)","(41,)","(1,)",npy
librispeech_0732,data\features\audio_npy\librispeech_0732_mfcc.npy,data\features\audio_npy\librispeech_0732_mel_spectrogram.npy,data\features\audio_npy\librispeech_0732_pitch.npy,data\features\audio_npy\librispeech_0732_tempo.npy,16000,13.135,"(13, 411)","(128, 411)","(383,)","(1,)",npy
librispeech_0733,data\features\audio_npy\librispeech_0733_mfcc.npy,data\features\audio_npy\librispeech_0733_mel_spectrogram.npy,data\features\audio_npy\librispeech_0733_pitch.npy,data\features\audio_npy\librispeech_0733_tempo.npy,16000,20.995,"(13, 657)","(128, 657)","(590,)","(1,)",npy
librispeech_0734,data\features\audio_npy\librispeech_0734_mfcc.npy,data\features\audio_npy\librispeech_0734_mel_spectrogram.npy,data\features\audio_npy\librispeech_0734_pitch.npy,data\features\audio_npy\librispeech_0734_tempo.npy,16000,14.46,"(13, 452)","(128, 452)","(408,)","(1,)",npy
librispeech_0735,data\features\audio_npy\librispeech_0735_mfcc.npy,data\features\audio_npy\librispeech_0735_mel_spectrogram.npy,data\features\audio_npy\librispeech_0735_pitch.npy,data\features\audio_npy\librispeech_0735_tempo.npy,16000,5.13,"(13, 161)","(128, 161)","(144,)","(1,)",npy
librispeech_0736,data\features\audio_npy\librispeech_0736_mfcc.npy,data\features\audio_npy\librispeech_0736_mel_spectrogram.npy,data\features\audio_npy\librispeech_0736_pitch.npy,data\features\audio_npy\librispeech_0736_tempo.npy,16000,2.49,"(13, 78)","(128, 78)","(77,)","(1,)",npy
librispeech_0737,data\features\audio_npy\librispeech_0737_mfcc.npy,data\features\audio_npy\librispeech_0737_mel_spectrogram.npy,data\features\audio_npy\librispeech_0737_pitch.npy,data\features\audio_npy\librispeech_0737_tempo.npy,16000,3.17,"(13, 100)","(128, 100)","(90,)","(1,)",npy
librispeech_0738,data\features\audio_npy\librispeech_0738_mfcc.npy,data\features\audio_npy\librispeech_0738_mel_spectrogram.npy,data\features\audio_npy\librispeech_0738_pitch.npy,data\features\audio_npy\librispeech_0738_tempo.npy,16000,4.515,"(13, 142)","(128, 142)","(111,)","(1,)",npy
librispeech_0739,data\features\audio_npy\librispeech_0739_mfcc.npy,data\features\audio_npy\librispeech_0739_mel_spectrogram.npy,data\features\audio_npy\librispeech_0739_pitch.npy,data\features\audio_npy\librispeech_0739_tempo.npy,16000,4.6,"(13, 144)","(128, 144)","(125,)","(1,)",npy
librispeech_0740,data\features\audio_npy\librispeech_0740_mfcc.npy,data\features\audio_npy\librispeech_0740_mel_spectrogram.npy,data\features\audio_npy\librispeech_0740_pitch.npy,data\features\audio_npy\librispeech_0740_tempo.npy,16000,5.125,"(13, 161)","(128, 161)","(153,)","(1,)",npy
librispeech_0741,data\features\audio_npy\librispeech_0741_mfcc.npy,data\features\audio_npy\librispeech_0741_mel_spectrogram.npy,data\features\audio_npy\librispeech_0741_pitch.npy,data\features\audio_npy\librispeech_0741_tempo.npy,16000,2.96,"(13, 93)","(128, 93)","(89,)","(1,)",npy
librispeech_0742,data\features\audio_npy\librispeech_0742_mfcc.npy,data\features\audio_npy\librispeech_0742_mel_spectrogram.npy,data\features\audio_npy\librispeech_0742_pitch.npy,data\features\audio_npy\librispeech_0742_tempo.npy,16000,2.57,"(13, 81)","(128, 81)","(80,)","(1,)",npy
librispeech_0743,data\features\audio_npy\librispeech_0743_mfcc.npy,data\features\audio_npy\librispeech_0743_mel_spectrogram.npy,data\features\audio_npy\librispeech_0743_pitch.npy,data\features\audio_npy\librispeech_0743_tempo.npy,16000,5.535,"(13, 173)","(128, 173)","(164,)","(1,)",npy
librispeech_0744,data\features\audio_npy\librispeech_0744_mfcc.npy,data\features\audio_npy\librispeech_0744_mel_spectrogram.npy,data\features\audio_npy\librispeech_0744_pitch.npy,data\features\audio_npy\librispeech_0744_tempo.npy,16000,4.325,"(13, 136)","(128, 136)","(127,)","(1,)",npy
librispeech_0745,data\features\audio_npy\librispeech_0745_mfcc.npy,data\features\audio_npy\librispeech_0745_mel_spectrogram.npy,data\features\audio_npy\librispeech_0745_pitch.npy,data\features\audio_npy\librispeech_0745_tempo.npy,16000,2.565,"(13, 81)","(128, 81)","(79,)","(1,)",npy
librispeech_0746,data\features\audio_npy\librispeech_0746_mfcc.npy,data\features\audio_npy\librispeech_0746_mel_spectrogram.npy,data\features\audio_npy\librispeech_0746_pitch.npy,data\features\audio_npy\librispeech_0746_tempo.npy,16000,10.815,"(13, 338)","(128, 338)","(309,)","(1,)",npy
librispeech_0747,data\features\audio_npy\librispeech_0747_mfcc.npy,data\features\audio_npy\librispeech_0747_mel_spectrogram.npy,data\features\audio_npy\librispeech_0747_pitch.npy,data\features\audio_npy\librispeech_0747_tempo.npy,16000,2.24,"(13, 71)","(128, 71)","(67,)","(1,)",npy
librispeech_0748,data\features\audio_npy\librispeech_0748_mfcc.npy,data\features\audio_npy\librispeech_0748_mel_spectrogram.npy,data\features\audio_npy\librispeech_0748_pitch.npy,data\features\audio_npy\librispeech_0748_tempo.npy,16000,8.32,"(13, 261)","(128, 261)","(235,)","(1,)",npy
librispeech_0749,data\features\audio_npy\librispeech_0749_mfcc.npy,data\features\audio_npy\librispeech_0749_mel_spectrogram.npy,data\features\audio_npy\librispeech_0749_pitch.npy,data\features\audio_npy\librispeech_0749_tempo.npy,16000,4.215,"(13, 132)","(128, 132)","(127,)","(1,)",npy
librispeech_0750,data\features\audio_npy\librispeech_0750_mfcc.npy,data\features\audio_npy\librispeech_0750_mel_spectrogram.npy,data\features\audio_npy\librispeech_0750_pitch.npy,data\features\audio_npy\librispeech_0750_tempo.npy,16000,7.475,"(13, 234)","(128, 234)","(211,)","(1,)",npy
librispeech_0751,data\features\audio_npy\librispeech_0751_mfcc.npy,data\features\audio_npy\librispeech_0751_mel_spectrogram.npy,data\features\audio_npy\librispeech_0751_pitch.npy,data\features\audio_npy\librispeech_0751_tempo.npy,16000,4.405,"(13, 138)","(128, 138)","(135,)","(1,)",npy
librispeech_0752,data\features\audio_npy\librispeech_0752_mfcc.npy,data\features\audio_npy\librispeech_0752_mel_spectrogram.npy,data\features\audio_npy\librispeech_0752_pitch.npy,data\features\audio_npy\librispeech_0752_tempo.npy,16000,7.67,"(13, 240)","(128, 240)","(215,)","(1,)",npy
librispeech_0753,data\features\audio_npy\librispeech_0753_mfcc.npy,data\features\audio_npy\librispeech_0753_mel_spectrogram.npy,data\features\audio_npy\librispeech_0753_pitch.npy,data\features\audio_npy\librispeech_0753_tempo.npy,16000,6.735,"(13, 211)","(128, 211)","(169,)","(1,)",npy
librispeech_0754,data\features\audio_npy\librispeech_0754_mfcc.npy,data\features\audio_npy\librispeech_0754_mel_spectrogram.npy,data\features\audio_npy\librispeech_0754_pitch.npy,data\features\audio_npy\librispeech_0754_tempo.npy,16000,3.785,"(13, 119)","(128, 119)","(117,)","(1,)",npy
librispeech_0755,data\features\audio_npy\librispeech_0755_mfcc.npy,data\features\audio_npy\librispeech_0755_mel_spectrogram.npy,data\features\audio_npy\librispeech_0755_pitch.npy,data\features\audio_npy\librispeech_0755_tempo.npy,16000,10.11,"(13, 316)","(128, 316)","(282,)","(1,)",npy
librispeech_0756,data\features\audio_npy\librispeech_0756_mfcc.npy,data\features\audio_npy\librispeech_0756_mel_spectrogram.npy,data\features\audio_npy\librispeech_0756_pitch.npy,data\features\audio_npy\librispeech_0756_tempo.npy,16000,11.85,"(13, 371)","(128, 371)","(336,)","(1,)",npy
librispeech_0757,data\features\audio_npy\librispeech_0757_mfcc.npy,data\features\audio_npy\librispeech_0757_mel_spectrogram.npy,data\features\audio_npy\librispeech_0757_pitch.npy,data\features\audio_npy\librispeech_0757_tempo.npy,16000,9.365,"(13, 293)","(128, 293)","(255,)","(1,)",npy
librispeech_0758,data\features\audio_npy\librispeech_0758_mfcc.npy,data\features\audio_npy\librispeech_0758_mel_spectrogram.npy,data\features\audio_npy\librispeech_0758_pitch.npy,data\features\audio_npy\librispeech_0758_tempo.npy,16000,11.55,"(13, 361)","(128, 361)","(312,)","(1,)",npy
librispeech_0759,data\features\audio_npy\librispeech_0759_mfcc.npy,data\features\audio_npy\librispeech_0759_mel_spectrogram.npy,data\features\audio_npy\librispeech_0759_pitch.npy,data\features\audio_npy\librispeech_0759_tempo.npy,16000,11.055,"(13, 346)","(128, 346)","(333,)","(1,)",npy
librispeech_0760,data\features\audio_npy\librispeech_0760_mfcc.npy,data\features\audio_npy\librispeech_0760_mel_spectrogram.npy,data\features\audio_npy\librispeech_0760_pitch.npy,data\features\audio_npy\librispeech_0760_tempo.npy,16000,21.93,"(13, 686)","(128, 686)","(631,)","(1,)",npy
librispeech_0761,data\features\audio_npy\librispeech_0761_mfcc.npy,data\features\audio_npy\librispeech_0761_mel_spectrogram.npy,data\features\audio_npy\librispeech_0761_pitch.npy,data\features\audio_npy\librispeech_0761_tempo.npy,16000,10.045,"(13, 314)","(128, 314)","(302,)","(1,)",npy
librispeech_0762,data\features\audio_npy\librispeech_0762_mfcc.npy,data\features\audio_npy\librispeech_0762_mel_spectrogram.npy,data\features\audio_npy\librispeech_0762_pitch.npy,data\features\audio_npy\librispeech_0762_tempo.npy,16000,8.78,"(13, 275)","(128, 275)","(265,)","(1,)",npy
librispeech_0763,data\features\audio_npy\librispeech_0763_mfcc.npy,data\features\audio_npy\librispeech_0763_mel_spectrogram.npy,data\features\audio_npy\librispeech_0763_pitch.npy,data\features\audio_npy\librispeech_0763_tempo.npy,16000,6.05,"(13, 190)","(128, 190)","(184,)","(1,)",npy
librispeech_0764,data\features\audio_npy\librispeech_0764_mfcc.npy,data\features\audio_npy\librispeech_0764_mel_spectrogram.npy,data\features\audio_npy\librispeech_0764_pitch.npy,data\features\audio_npy\librispeech_0764_tempo.npy,16000,7.665,"(13, 240)","(128, 240)","(220,)","(1,)",npy
librispeech_0765,data\features\audio_npy\librispeech_0765_mfcc.npy,data\features\audio_npy\librispeech_0765_mel_spectrogram.npy,data\features\audio_npy\librispeech_0765_pitch.npy,data\features\audio_npy\librispeech_0765_tempo.npy,16000,9.125,"(13, 286)","(128, 286)","(260,)","(1,)",npy
librispeech_0766,data\features\audio_npy\librispeech_0766_mfcc.npy,data\features\audio_npy\librispeech_0766_mel_spectrogram.npy,data\features\audio_npy\librispeech_0766_pitch.npy,data\features\audio_npy\librispeech_0766_tempo.npy,16000,5.84,"(13, 183)","(128, 183)","(177,)","(1,)",npy
librispeech_0767,data\features\audio_npy\librispeech_0767_mfcc.npy,data\features\audio_npy\librispeech_0767_mel_spectrogram.npy,data\features\audio_npy\librispeech_0767_pitch.npy,data\features\audio_npy\librispeech_0767_tempo.npy,16000,3.205,"(13, 101)","(128, 101)","(92,)","(1,)",npy
librispeech_0768,data\features\audio_npy\librispeech_0768_mfcc.npy,data\features\audio_npy\librispeech_0768_mel_spectrogram.npy,data\features\audio_npy\librispeech_0768_pitch.npy,data\features\audio_npy\librispeech_0768_tempo.npy,16000,12.385,"(13, 388)","(128, 388)","(363,)","(1,)",npy
librispeech_0769,data\features\audio_npy\librispeech_0769_mfcc.npy,data\features\audio_npy\librispeech_0769_mel_spectrogram.npy,data\features\audio_npy\librispeech_0769_pitch.npy,data\features\audio_npy\librispeech_0769_tempo.npy,16000,3.985,"(13, 125)","(128, 125)","(106,)","(1,)",npy
librispeech_0770,data\features\audio_npy\librispeech_0770_mfcc.npy,data\features\audio_npy\librispeech_0770_mel_spectrogram.npy,data\features\audio_npy\librispeech_0770_pitch.npy,data\features\audio_npy\librispeech_0770_tempo.npy,16000,8.83,"(13, 276)","(128, 276)","(255,)","(1,)",npy
librispeech_0771,data\features\audio_npy\librispeech_0771_mfcc.npy,data\features\audio_npy\librispeech_0771_mel_spectrogram.npy,data\features\audio_npy\librispeech_0771_pitch.npy,data\features\audio_npy\librispeech_0771_tempo.npy,16000,2.815,"(13, 88)","(128, 88)","(84,)","(1,)",npy
librispeech_0772,data\features\audio_npy\librispeech_0772_mfcc.npy,data\features\audio_npy\librispeech_0772_mel_spectrogram.npy,data\features\audio_npy\librispeech_0772_pitch.npy,data\features\audio_npy\librispeech_0772_tempo.npy,16000,6.295,"(13, 197)","(128, 197)","(188,)","(1,)",npy
librispeech_0773,data\features\audio_npy\librispeech_0773_mfcc.npy,data\features\audio_npy\librispeech_0773_mel_spectrogram.npy,data\features\audio_npy\librispeech_0773_pitch.npy,data\features\audio_npy\librispeech_0773_tempo.npy,16000,3.085,"(13, 97)","(128, 97)","(94,)","(1,)",npy
librispeech_0774,data\features\audio_npy\librispeech_0774_mfcc.npy,data\features\audio_npy\librispeech_0774_mel_spectrogram.npy,data\features\audio_npy\librispeech_0774_pitch.npy,data\features\audio_npy\librispeech_0774_tempo.npy,16000,2.29,"(13, 72)","(128, 72)","(71,)","(1,)",npy
librispeech_0775,data\features\audio_npy\librispeech_0775_mfcc.npy,data\features\audio_npy\librispeech_0775_mel_spectrogram.npy,data\features\audio_npy\librispeech_0775_pitch.npy,data\features\audio_npy\librispeech_0775_tempo.npy,16000,5.78,"(13, 181)","(128, 181)","(170,)","(1,)",npy
librispeech_0776,data\features\audio_npy\librispeech_0776_mfcc.npy,data\features\audio_npy\librispeech_0776_mel_spectrogram.npy,data\features\audio_npy\librispeech_0776_pitch.npy,data\features\audio_npy\librispeech_0776_tempo.npy,16000,2.83,"(13, 89)","(128, 89)","(86,)","(1,)",npy
librispeech_0777,data\features\audio_npy\librispeech_0777_mfcc.npy,data\features\audio_npy\librispeech_0777_mel_spectrogram.npy,data\features\audio_npy\librispeech_0777_pitch.npy,data\features\audio_npy\librispeech_0777_tempo.npy,16000,4.785,"(13, 150)","(128, 150)","(138,)","(1,)",npy
librispeech_0778,data\features\audio_npy\librispeech_0778_mfcc.npy,data\features\audio_npy\librispeech_0778_mel_spectrogram.npy,data\features\audio_npy\librispeech_0778_pitch.npy,data\features\audio_npy\librispeech_0778_tempo.npy,16000,7.72,"(13, 242)","(128, 242)","(223,)","(1,)",npy
librispeech_0779,data\features\audio_npy\librispeech_0779_mfcc.npy,data\features\audio_npy\librispeech_0779_mel_spectrogram.npy,data\features\audio_npy\librispeech_0779_pitch.npy,data\features\audio_npy\librispeech_0779_tempo.npy,16000,2.86,"(13, 90)","(128, 90)","(90,)","(1,)",npy
librispeech_0780,data\features\audio_npy\librispeech_0780_mfcc.npy,data\features\audio_npy\librispeech_0780_mel_spectrogram.npy,data\features\audio_npy\librispeech_0780_pitch.npy,data\features\audio_npy\librispeech_0780_tempo.npy,16000,3.105,"(13, 98)","(128, 98)","(57,)","(1,)",npy
librispeech_0781,data\features\audio_npy\librispeech_0781_mfcc.npy,data\features\audio_npy\librispeech_0781_mel_spectrogram.npy,data\features\audio_npy\librispeech_0781_pitch.npy,data\features\audio_npy\librispeech_0781_tempo.npy,16000,7.885,"(13, 247)","(128, 247)","(217,)","(1,)",npy
librispeech_0782,data\features\audio_npy\librispeech_0782_mfcc.npy,data\features\audio_npy\librispeech_0782_mel_spectrogram.npy,data\features\audio_npy\librispeech_0782_pitch.npy,data\features\audio_npy\librispeech_0782_tempo.npy,16000,6.105,"(13, 191)","(128, 191)","(156,)","(1,)",npy
librispeech_0783,data\features\audio_npy\librispeech_0783_mfcc.npy,data\features\audio_npy\librispeech_0783_mel_spectrogram.npy,data\features\audio_npy\librispeech_0783_pitch.npy,data\features\audio_npy\librispeech_0783_tempo.npy,16000,3.245,"(13, 102)","(128, 102)","(92,)","(1,)",npy
librispeech_0784,data\features\audio_npy\librispeech_0784_mfcc.npy,data\features\audio_npy\librispeech_0784_mel_spectrogram.npy,data\features\audio_npy\librispeech_0784_pitch.npy,data\features\audio_npy\librispeech_0784_tempo.npy,16000,12.315,"(13, 385)","(128, 385)","(356,)","(1,)",npy
librispeech_0785,data\features\audio_npy\librispeech_0785_mfcc.npy,data\features\audio_npy\librispeech_0785_mel_spectrogram.npy,data\features\audio_npy\librispeech_0785_pitch.npy,data\features\audio_npy\librispeech_0785_tempo.npy,16000,4.4,"(13, 138)","(128, 138)","(118,)","(1,)",npy
librispeech_0786,data\features\audio_npy\librispeech_0786_mfcc.npy,data\features\audio_npy\librispeech_0786_mel_spectrogram.npy,data\features\audio_npy\librispeech_0786_pitch.npy,data\features\audio_npy\librispeech_0786_tempo.npy,16000,2.84,"(13, 89)","(128, 89)","(73,)","(1,)",npy
librispeech_0787,data\features\audio_npy\librispeech_0787_mfcc.npy,data\features\audio_npy\librispeech_0787_mel_spectrogram.npy,data\features\audio_npy\librispeech_0787_pitch.npy,data\features\audio_npy\librispeech_0787_tempo.npy,16000,4.59,"(13, 144)","(128, 144)","(126,)","(1,)",npy
librispeech_0788,data\features\audio_npy\librispeech_0788_mfcc.npy,data\features\audio_npy\librispeech_0788_mel_spectrogram.npy,data\features\audio_npy\librispeech_0788_pitch.npy,data\features\audio_npy\librispeech_0788_tempo.npy,16000,13.4,"(13, 419)","(128, 419)","(360,)","(1,)",npy
librispeech_0789,data\features\audio_npy\librispeech_0789_mfcc.npy,data\features\audio_npy\librispeech_0789_mel_spectrogram.npy,data\features\audio_npy\librispeech_0789_pitch.npy,data\features\audio_npy\librispeech_0789_tempo.npy,16000,8.265,"(13, 259)","(128, 259)","(237,)","(1,)",npy
librispeech_0790,data\features\audio_npy\librispeech_0790_mfcc.npy,data\features\audio_npy\librispeech_0790_mel_spectrogram.npy,data\features\audio_npy\librispeech_0790_pitch.npy,data\features\audio_npy\librispeech_0790_tempo.npy,16000,10.09,"(13, 316)","(128, 316)","(279,)","(1,)",npy
librispeech_0791,data\features\audio_npy\librispeech_0791_mfcc.npy,data\features\audio_npy\librispeech_0791_mel_spectrogram.npy,data\features\audio_npy\librispeech_0791_pitch.npy,data\features\audio_npy\librispeech_0791_tempo.npy,16000,2.525,"(13, 79)","(128, 79)","(74,)","(1,)",npy
librispeech_0792,data\features\audio_npy\librispeech_0792_mfcc.npy,data\features\audio_npy\librispeech_0792_mel_spectrogram.npy,data\features\audio_npy\librispeech_0792_pitch.npy,data\features\audio_npy\librispeech_0792_tempo.npy,16000,4.58,"(13, 144)","(128, 144)","(118,)","(1,)",npy
librispeech_0793,data\features\audio_npy\librispeech_0793_mfcc.npy,data\features\audio_npy\librispeech_0793_mel_spectrogram.npy,data\features\audio_npy\librispeech_0793_pitch.npy,data\features\audio_npy\librispeech_0793_tempo.npy,16000,6.71,"(13, 210)","(128, 210)","(177,)","(1,)",npy
librispeech_0794,data\features\audio_npy\librispeech_0794_mfcc.npy,data\features\audio_npy\librispeech_0794_mel_spectrogram.npy,data\features\audio_npy\librispeech_0794_pitch.npy,data\features\audio_npy\librispeech_0794_tempo.npy,16000,2.02,"(13, 64)","(128, 64)","(53,)","(1,)",npy
librispeech_0795,data\features\audio_npy\librispeech_0795_mfcc.npy,data\features\audio_npy\librispeech_0795_mel_spectrogram.npy,data\features\audio_npy\librispeech_0795_pitch.npy,data\features\audio_npy\librispeech_0795_tempo.npy,16000,2.235,"(13, 70)","(128, 70)","(62,)","(1,)",npy
librispeech_0796,data\features\audio_npy\librispeech_0796_mfcc.npy,data\features\audio_npy\librispeech_0796_mel_spectrogram.npy,data\features\audio_npy\librispeech_0796_pitch.npy,data\features\audio_npy\librispeech_0796_tempo.npy,16000,11.51,"(13, 360)","(128, 360)","(337,)","(1,)",npy
librispeech_0797,data\features\audio_npy\librispeech_0797_mfcc.npy,data\features\audio_npy\librispeech_0797_mel_spectrogram.npy,data\features\audio_npy\librispeech_0797_pitch.npy,data\features\audio_npy\librispeech_0797_tempo.npy,16000,8.55,"(13, 268)","(128, 268)","(225,)","(1,)",npy
librispeech_0798,data\features\audio_npy\librispeech_0798_mfcc.npy,data\features\audio_npy\librispeech_0798_mel_spectrogram.npy,data\features\audio_npy\librispeech_0798_pitch.npy,data\features\audio_npy\librispeech_0798_tempo.npy,16000,5.325,"(13, 167)","(128, 167)","(145,)","(1,)",npy
librispeech_0799,data\features\audio_npy\librispeech_0799_mfcc.npy,data\features\audio_npy\librispeech_0799_mel_spectrogram.npy,data\features\audio_npy\librispeech_0799_pitch.npy,data\features\audio_npy\librispeech_0799_tempo.npy,16000,4.015,"(13, 126)","(128, 126)","(106,)","(1,)",npy
librispeech_0800,data\features\audio_npy\librispeech_0800_mfcc.npy,data\features\audio_npy\librispeech_0800_mel_spectrogram.npy,data\features\audio_npy\librispeech_0800_pitch.npy,data\features\audio_npy\librispeech_0800_tempo.npy,16000,7.44,"(13, 233)","(128, 233)","(221,)","(1,)",npy
librispeech_0801,data\features\audio_npy\librispeech_0801_mfcc.npy,data\features\audio_npy\librispeech_0801_mel_spectrogram.npy,data\features\audio_npy\librispeech_0801_pitch.npy,data\features\audio_npy\librispeech_0801_tempo.npy,16000,2.97,"(13, 93)","(128, 93)","(82,)","(1,)",npy
librispeech_0802,data\features\audio_npy\librispeech_0802_mfcc.npy,data\features\audio_npy\librispeech_0802_mel_spectrogram.npy,data\features\audio_npy\librispeech_0802_pitch.npy,data\features\audio_npy\librispeech_0802_tempo.npy,16000,7.675,"(13, 240)","(128, 240)","(219,)","(1,)",npy
librispeech_0803,data\features\audio_npy\librispeech_0803_mfcc.npy,data\features\audio_npy\librispeech_0803_mel_spectrogram.npy,data\features\audio_npy\librispeech_0803_pitch.npy,data\features\audio_npy\librispeech_0803_tempo.npy,16000,3.41,"(13, 107)","(128, 107)","(95,)","(1,)",npy
librispeech_0804,data\features\audio_npy\librispeech_0804_mfcc.npy,data\features\audio_npy\librispeech_0804_mel_spectrogram.npy,data\features\audio_npy\librispeech_0804_pitch.npy,data\features\audio_npy\librispeech_0804_tempo.npy,16000,4.195,"(13, 132)","(128, 132)","(117,)","(1,)",npy
librispeech_0805,data\features\audio_npy\librispeech_0805_mfcc.npy,data\features\audio_npy\librispeech_0805_mel_spectrogram.npy,data\features\audio_npy\librispeech_0805_pitch.npy,data\features\audio_npy\librispeech_0805_tempo.npy,16000,5.99,"(13, 188)","(128, 188)","(161,)","(1,)",npy
librispeech_0806,data\features\audio_npy\librispeech_0806_mfcc.npy,data\features\audio_npy\librispeech_0806_mel_spectrogram.npy,data\features\audio_npy\librispeech_0806_pitch.npy,data\features\audio_npy\librispeech_0806_tempo.npy,16000,3.34,"(13, 105)","(128, 105)","(98,)","(1,)",npy
librispeech_0807,data\features\audio_npy\librispeech_0807_mfcc.npy,data\features\audio_npy\librispeech_0807_mel_spectrogram.npy,data\features\audio_npy\librispeech_0807_pitch.npy,data\features\audio_npy\librispeech_0807_tempo.npy,16000,2.42,"(13, 76)","(128, 76)","(57,)","(1,)",npy
librispeech_0808,data\features\audio_npy\librispeech_0808_mfcc.npy,data\features\audio_npy\librispeech_0808_mel_spectrogram.npy,data\features\audio_npy\librispeech_0808_pitch.npy,data\features\audio_npy\librispeech_0808_tempo.npy,16000,2.56,"(13, 81)","(128, 81)","(62,)","(1,)",npy
librispeech_0809,data\features\audio_npy\librispeech_0809_mfcc.npy,data\features\audio_npy\librispeech_0809_mel_spectrogram.npy,data\features\audio_npy\librispeech_0809_pitch.npy,data\features\audio_npy\librispeech_0809_tempo.npy,16000,3.71,"(13, 116)","(128, 116)","(111,)","(1,)",npy
librispeech_0810,data\features\audio_npy\librispeech_0810_mfcc.npy,data\features\audio_npy\librispeech_0810_mel_spectrogram.npy,data\features\audio_npy\librispeech_0810_pitch.npy,data\features\audio_npy\librispeech_0810_tempo.npy,16000,5.545,"(13, 174)","(128, 174)","(163,)","(1,)",npy
librispeech_0811,data\features\audio_npy\librispeech_0811_mfcc.npy,data\features\audio_npy\librispeech_0811_mel_spectrogram.npy,data\features\audio_npy\librispeech_0811_pitch.npy,data\features\audio_npy\librispeech_0811_tempo.npy,16000,4.75,"(13, 149)","(128, 149)","(137,)","(1,)",npy
librispeech_0812,data\features\audio_npy\librispeech_0812_mfcc.npy,data\features\audio_npy\librispeech_0812_mel_spectrogram.npy,data\features\audio_npy\librispeech_0812_pitch.npy,data\features\audio_npy\librispeech_0812_tempo.npy,16000,3.94,"(13, 124)","(128, 124)","(110,)","(1,)",npy
librispeech_0813,data\features\audio_npy\librispeech_0813_mfcc.npy,data\features\audio_npy\librispeech_0813_mel_spectrogram.npy,data\features\audio_npy\librispeech_0813_pitch.npy,data\features\audio_npy\librispeech_0813_tempo.npy,16000,10.25,"(13, 321)","(128, 321)","(287,)","(1,)",npy
librispeech_0814,data\features\audio_npy\librispeech_0814_mfcc.npy,data\features\audio_npy\librispeech_0814_mel_spectrogram.npy,data\features\audio_npy\librispeech_0814_pitch.npy,data\features\audio_npy\librispeech_0814_tempo.npy,16000,3.42,"(13, 107)","(128, 107)","(92,)","(1,)",npy
librispeech_0815,data\features\audio_npy\librispeech_0815_mfcc.npy,data\features\audio_npy\librispeech_0815_mel_spectrogram.npy,data\features\audio_npy\librispeech_0815_pitch.npy,data\features\audio_npy\librispeech_0815_tempo.npy,16000,3.195,"(13, 100)","(128, 100)","(75,)","(1,)",npy
librispeech_0816,data\features\audio_npy\librispeech_0816_mfcc.npy,data\features\audio_npy\librispeech_0816_mel_spectrogram.npy,data\features\audio_npy\librispeech_0816_pitch.npy,data\features\audio_npy\librispeech_0816_tempo.npy,16000,7.215,"(13, 226)","(128, 226)","(193,)","(1,)",npy
librispeech_0817,data\features\audio_npy\librispeech_0817_mfcc.npy,data\features\audio_npy\librispeech_0817_mel_spectrogram.npy,data\features\audio_npy\librispeech_0817_pitch.npy,data\features\audio_npy\librispeech_0817_tempo.npy,16000,5.18,"(13, 162)","(128, 162)","(133,)","(1,)",npy
librispeech_0818,data\features\audio_npy\librispeech_0818_mfcc.npy,data\features\audio_npy\librispeech_0818_mel_spectrogram.npy,data\features\audio_npy\librispeech_0818_pitch.npy,data\features\audio_npy\librispeech_0818_tempo.npy,16000,9.33,"(13, 292)","(128, 292)","(261,)","(1,)",npy
librispeech_0819,data\features\audio_npy\librispeech_0819_mfcc.npy,data\features\audio_npy\librispeech_0819_mel_spectrogram.npy,data\features\audio_npy\librispeech_0819_pitch.npy,data\features\audio_npy\librispeech_0819_tempo.npy,16000,9.145,"(13, 286)","(128, 286)","(254,)","(1,)",npy
librispeech_0820,data\features\audio_npy\librispeech_0820_mfcc.npy,data\features\audio_npy\librispeech_0820_mel_spectrogram.npy,data\features\audio_npy\librispeech_0820_pitch.npy,data\features\audio_npy\librispeech_0820_tempo.npy,16000,3.905,"(13, 123)","(128, 123)","(104,)","(1,)",npy
librispeech_0821,data\features\audio_npy\librispeech_0821_mfcc.npy,data\features\audio_npy\librispeech_0821_mel_spectrogram.npy,data\features\audio_npy\librispeech_0821_pitch.npy,data\features\audio_npy\librispeech_0821_tempo.npy,16000,17.65,"(13, 552)","(128, 552)","(443,)","(1,)",npy
librispeech_0822,data\features\audio_npy\librispeech_0822_mfcc.npy,data\features\audio_npy\librispeech_0822_mel_spectrogram.npy,data\features\audio_npy\librispeech_0822_pitch.npy,data\features\audio_npy\librispeech_0822_tempo.npy,16000,4.73,"(13, 148)","(128, 148)","(113,)","(1,)",npy
librispeech_0823,data\features\audio_npy\librispeech_0823_mfcc.npy,data\features\audio_npy\librispeech_0823_mel_spectrogram.npy,data\features\audio_npy\librispeech_0823_pitch.npy,data\features\audio_npy\librispeech_0823_tempo.npy,16000,6.72,"(13, 211)","(128, 211)","(166,)","(1,)",npy
librispeech_0824,data\features\audio_npy\librispeech_0824_mfcc.npy,data\features\audio_npy\librispeech_0824_mel_spectrogram.npy,data\features\audio_npy\librispeech_0824_pitch.npy,data\features\audio_npy\librispeech_0824_tempo.npy,16000,6.77,"(13, 212)","(128, 212)","(189,)","(1,)",npy
librispeech_0825,data\features\audio_npy\librispeech_0825_mfcc.npy,data\features\audio_npy\librispeech_0825_mel_spectrogram.npy,data\features\audio_npy\librispeech_0825_pitch.npy,data\features\audio_npy\librispeech_0825_tempo.npy,16000,3.77,"(13, 118)","(128, 118)","(90,)","(1,)",npy
librispeech_0826,data\features\audio_npy\librispeech_0826_mfcc.npy,data\features\audio_npy\librispeech_0826_mel_spectrogram.npy,data\features\audio_npy\librispeech_0826_pitch.npy,data\features\audio_npy\librispeech_0826_tempo.npy,16000,6.43,"(13, 201)","(128, 201)","(173,)","(1,)",npy
librispeech_0827,data\features\audio_npy\librispeech_0827_mfcc.npy,data\features\audio_npy\librispeech_0827_mel_spectrogram.npy,data\features\audio_npy\librispeech_0827_pitch.npy,data\features\audio_npy\librispeech_0827_tempo.npy,16000,6.54,"(13, 205)","(128, 205)","(163,)","(1,)",npy
librispeech_0828,data\features\audio_npy\librispeech_0828_mfcc.npy,data\features\audio_npy\librispeech_0828_mel_spectrogram.npy,data\features\audio_npy\librispeech_0828_pitch.npy,data\features\audio_npy\librispeech_0828_tempo.npy,16000,4.395,"(13, 138)","(128, 138)","(112,)","(1,)",npy
librispeech_0829,data\features\audio_npy\librispeech_0829_mfcc.npy,data\features\audio_npy\librispeech_0829_mel_spectrogram.npy,data\features\audio_npy\librispeech_0829_pitch.npy,data\features\audio_npy\librispeech_0829_tempo.npy,16000,2.8,"(13, 88)","(128, 88)","(70,)","(1,)",npy
librispeech_0830,data\features\audio_npy\librispeech_0830_mfcc.npy,data\features\audio_npy\librispeech_0830_mel_spectrogram.npy,data\features\audio_npy\librispeech_0830_pitch.npy,data\features\audio_npy\librispeech_0830_tempo.npy,16000,3.005,"(13, 94)","(128, 94)","(74,)","(1,)",npy
librispeech_0831,data\features\audio_npy\librispeech_0831_mfcc.npy,data\features\audio_npy\librispeech_0831_mel_spectrogram.npy,data\features\audio_npy\librispeech_0831_pitch.npy,data\features\audio_npy\librispeech_0831_tempo.npy,16000,8.05,"(13, 252)","(128, 252)","(211,)","(1,)",npy
librispeech_0832,data\features\audio_npy\librispeech_0832_mfcc.npy,data\features\audio_npy\librispeech_0832_mel_spectrogram.npy,data\features\audio_npy\librispeech_0832_pitch.npy,data\features\audio_npy\librispeech_0832_tempo.npy,16000,10.08,"(13, 316)","(128, 316)","(280,)","(1,)",npy
librispeech_0833,data\features\audio_npy\librispeech_0833_mfcc.npy,data\features\audio_npy\librispeech_0833_mel_spectrogram.npy,data\features\audio_npy\librispeech_0833_pitch.npy,data\features\audio_npy\librispeech_0833_tempo.npy,16000,6.515,"(13, 204)","(128, 204)","(148,)","(1,)",npy
librispeech_0834,data\features\audio_npy\librispeech_0834_mfcc.npy,data\features\audio_npy\librispeech_0834_mel_spectrogram.npy,data\features\audio_npy\librispeech_0834_pitch.npy,data\features\audio_npy\librispeech_0834_tempo.npy,16000,6.0,"(13, 188)","(128, 188)","(163,)","(1,)",npy
librispeech_0835,data\features\audio_npy\librispeech_0835_mfcc.npy,data\features\audio_npy\librispeech_0835_mel_spectrogram.npy,data\features\audio_npy\librispeech_0835_pitch.npy,data\features\audio_npy\librispeech_0835_tempo.npy,16000,4.57,"(13, 143)","(128, 143)","(95,)","(1,)",npy
librispeech_0836,data\features\audio_npy\librispeech_0836_mfcc.npy,data\features\audio_npy\librispeech_0836_mel_spectrogram.npy,data\features\audio_npy\librispeech_0836_pitch.npy,data\features\audio_npy\librispeech_0836_tempo.npy,16000,7.295,"(13, 228)","(128, 228)","(181,)","(1,)",npy
librispeech_0837,data\features\audio_npy\librispeech_0837_mfcc.npy,data\features\audio_npy\librispeech_0837_mel_spectrogram.npy,data\features\audio_npy\librispeech_0837_pitch.npy,data\features\audio_npy\librispeech_0837_tempo.npy,16000,6.85,"(13, 215)","(128, 215)","(163,)","(1,)",npy
librispeech_0838,data\features\audio_npy\librispeech_0838_mfcc.npy,data\features\audio_npy\librispeech_0838_mel_spectrogram.npy,data\features\audio_npy\librispeech_0838_pitch.npy,data\features\audio_npy\librispeech_0838_tempo.npy,16000,5.485,"(13, 172)","(128, 172)","(155,)","(1,)",npy
librispeech_0839,data\features\audio_npy\librispeech_0839_mfcc.npy,data\features\audio_npy\librispeech_0839_mel_spectrogram.npy,data\features\audio_npy\librispeech_0839_pitch.npy,data\features\audio_npy\librispeech_0839_tempo.npy,16000,9.945,"(13, 311)","(128, 311)","(270,)","(1,)",npy
librispeech_0840,data\features\audio_npy\librispeech_0840_mfcc.npy,data\features\audio_npy\librispeech_0840_mel_spectrogram.npy,data\features\audio_npy\librispeech_0840_pitch.npy,data\features\audio_npy\librispeech_0840_tempo.npy,16000,9.865,"(13, 309)","(128, 309)","(217,)","(1,)",npy
librispeech_0841,data\features\audio_npy\librispeech_0841_mfcc.npy,data\features\audio_npy\librispeech_0841_mel_spectrogram.npy,data\features\audio_npy\librispeech_0841_pitch.npy,data\features\audio_npy\librispeech_0841_tempo.npy,16000,5.94,"(13, 186)","(128, 186)","(158,)","(1,)",npy
librispeech_0842,data\features\audio_npy\librispeech_0842_mfcc.npy,data\features\audio_npy\librispeech_0842_mel_spectrogram.npy,data\features\audio_npy\librispeech_0842_pitch.npy,data\features\audio_npy\librispeech_0842_tempo.npy,16000,8.17,"(13, 256)","(128, 256)","(220,)","(1,)",npy
librispeech_0843,data\features\audio_npy\librispeech_0843_mfcc.npy,data\features\audio_npy\librispeech_0843_mel_spectrogram.npy,data\features\audio_npy\librispeech_0843_pitch.npy,data\features\audio_npy\librispeech_0843_tempo.npy,16000,10.66,"(13, 334)","(128, 334)","(280,)","(1,)",npy
librispeech_0844,data\features\audio_npy\librispeech_0844_mfcc.npy,data\features\audio_npy\librispeech_0844_mel_spectrogram.npy,data\features\audio_npy\librispeech_0844_pitch.npy,data\features\audio_npy\librispeech_0844_tempo.npy,16000,20.82,"(13, 651)","(128, 651)","(537,)","(1,)",npy
librispeech_0845,data\features\audio_npy\librispeech_0845_mfcc.npy,data\features\audio_npy\librispeech_0845_mel_spectrogram.npy,data\features\audio_npy\librispeech_0845_pitch.npy,data\features\audio_npy\librispeech_0845_tempo.npy,16000,6.465,"(13, 203)","(128, 203)","(180,)","(1,)",npy
librispeech_0846,data\features\audio_npy\librispeech_0846_mfcc.npy,data\features\audio_npy\librispeech_0846_mel_spectrogram.npy,data\features\audio_npy\librispeech_0846_pitch.npy,data\features\audio_npy\librispeech_0846_tempo.npy,16000,5.705,"(13, 179)","(128, 179)","(136,)","(1,)",npy
librispeech_0847,data\features\audio_npy\librispeech_0847_mfcc.npy,data\features\audio_npy\librispeech_0847_mel_spectrogram.npy,data\features\audio_npy\librispeech_0847_pitch.npy,data\features\audio_npy\librispeech_0847_tempo.npy,16000,10.43,"(13, 326)","(128, 326)","(269,)","(1,)",npy
librispeech_0848,data\features\audio_npy\librispeech_0848_mfcc.npy,data\features\audio_npy\librispeech_0848_mel_spectrogram.npy,data\features\audio_npy\librispeech_0848_pitch.npy,data\features\audio_npy\librispeech_0848_tempo.npy,16000,6.4,"(13, 201)","(128, 201)","(184,)","(1,)",npy
librispeech_0849,data\features\audio_npy\librispeech_0849_mfcc.npy,data\features\audio_npy\librispeech_0849_mel_spectrogram.npy,data\features\audio_npy\librispeech_0849_pitch.npy,data\features\audio_npy\librispeech_0849_tempo.npy,16000,10.65,"(13, 333)","(128, 333)","(270,)","(1,)",npy
librispeech_0850,data\features\audio_npy\librispeech_0850_mfcc.npy,data\features\audio_npy\librispeech_0850_mel_spectrogram.npy,data\features\audio_npy\librispeech_0850_pitch.npy,data\features\audio_npy\librispeech_0850_tempo.npy,16000,11.505,"(13, 360)","(128, 360)","(331,)","(1,)",npy
librispeech_0851,data\features\audio_npy\librispeech_0851_mfcc.npy,data\features\audio_npy\librispeech_0851_mel_spectrogram.npy,data\features\audio_npy\librispeech_0851_pitch.npy,data\features\audio_npy\librispeech_0851_tempo.npy,16000,5.455,"(13, 171)","(128, 171)","(132,)","(1,)",npy
librispeech_0852,data\features\audio_npy\librispeech_0852_mfcc.npy,data\features\audio_npy\librispeech_0852_mel_spectrogram.npy,data\features\audio_npy\librispeech_0852_pitch.npy,data\features\audio_npy\librispeech_0852_tempo.npy,16000,6.76,"(13, 212)","(128, 212)","(137,)","(1,)",npy
librispeech_0853,data\features\audio_npy\librispeech_0853_mfcc.npy,data\features\audio_npy\librispeech_0853_mel_spectrogram.npy,data\features\audio_npy\librispeech_0853_pitch.npy,data\features\audio_npy\librispeech_0853_tempo.npy,16000,2.59,"(13, 81)","(128, 81)","(59,)","(1,)",npy
librispeech_0854,data\features\audio_npy\librispeech_0854_mfcc.npy,data\features\audio_npy\librispeech_0854_mel_spectrogram.npy,data\features\audio_npy\librispeech_0854_pitch.npy,data\features\audio_npy\librispeech_0854_tempo.npy,16000,2.355,"(13, 74)","(128, 74)","(71,)","(1,)",npy
librispeech_0855,data\features\audio_npy\librispeech_0855_mfcc.npy,data\features\audio_npy\librispeech_0855_mel_spectrogram.npy,data\features\audio_npy\librispeech_0855_pitch.npy,data\features\audio_npy\librispeech_0855_tempo.npy,16000,4.5,"(13, 141)","(128, 141)","(132,)","(1,)",npy
librispeech_0856,data\features\audio_npy\librispeech_0856_mfcc.npy,data\features\audio_npy\librispeech_0856_mel_spectrogram.npy,data\features\audio_npy\librispeech_0856_pitch.npy,data\features\audio_npy\librispeech_0856_tempo.npy,16000,3.075,"(13, 97)","(128, 97)","(97,)","(1,)",npy
librispeech_0857,data\features\audio_npy\librispeech_0857_mfcc.npy,data\features\audio_npy\librispeech_0857_mel_spectrogram.npy,data\features\audio_npy\librispeech_0857_pitch.npy,data\features\audio_npy\librispeech_0857_tempo.npy,16000,4.58,"(13, 144)","(128, 144)","(137,)","(1,)",npy
librispeech_0858,data\features\audio_npy\librispeech_0858_mfcc.npy,data\features\audio_npy\librispeech_0858_mel_spectrogram.npy,data\features\audio_npy\librispeech_0858_pitch.npy,data\features\audio_npy\librispeech_0858_tempo.npy,16000,3.26,"(13, 102)","(128, 102)","(102,)","(1,)",npy
librispeech_0859,data\features\audio_npy\librispeech_0859_mfcc.npy,data\features\audio_npy\librispeech_0859_mel_spectrogram.npy,data\features\audio_npy\librispeech_0859_pitch.npy,data\features\audio_npy\librispeech_0859_tempo.npy,16000,4.64,"(13, 146)","(128, 146)","(135,)","(1,)",npy
librispeech_0860,data\features\audio_npy\librispeech_0860_mfcc.npy,data\features\audio_npy\librispeech_0860_mel_spectrogram.npy,data\features\audio_npy\librispeech_0860_pitch.npy,data\features\audio_npy\librispeech_0860_tempo.npy,16000,3.005,"(13, 94)","(128, 94)","(94,)","(1,)",npy
librispeech_0861,data\features\audio_npy\librispeech_0861_mfcc.npy,data\features\audio_npy\librispeech_0861_mel_spectrogram.npy,data\features\audio_npy\librispeech_0861_pitch.npy,data\features\audio_npy\librispeech_0861_tempo.npy,16000,4.93,"(13, 155)","(128, 155)","(140,)","(1,)",npy
librispeech_0862,data\features\audio_npy\librispeech_0862_mfcc.npy,data\features\audio_npy\librispeech_0862_mel_spectrogram.npy,data\features\audio_npy\librispeech_0862_pitch.npy,data\features\audio_npy\librispeech_0862_tempo.npy,16000,4.49,"(13, 141)","(128, 141)","(129,)","(1,)",npy
librispeech_0863,data\features\audio_npy\librispeech_0863_mfcc.npy,data\features\audio_npy\librispeech_0863_mel_spectrogram.npy,data\features\audio_npy\librispeech_0863_pitch.npy,data\features\audio_npy\librispeech_0863_tempo.npy,16000,2.71,"(13, 85)","(128, 85)","(85,)","(1,)",npy
librispeech_0864,data\features\audio_npy\librispeech_0864_mfcc.npy,data\features\audio_npy\librispeech_0864_mel_spectrogram.npy,data\features\audio_npy\librispeech_0864_pitch.npy,data\features\audio_npy\librispeech_0864_tempo.npy,16000,3.805,"(13, 119)","(128, 119)","(116,)","(1,)",npy
librispeech_0865,data\features\audio_npy\librispeech_0865_mfcc.npy,data\features\audio_npy\librispeech_0865_mel_spectrogram.npy,data\features\audio_npy\librispeech_0865_pitch.npy,data\features\audio_npy\librispeech_0865_tempo.npy,16000,5.12,"(13, 161)","(128, 161)","(158,)","(1,)",npy
librispeech_0866,data\features\audio_npy\librispeech_0866_mfcc.npy,data\features\audio_npy\librispeech_0866_mel_spectrogram.npy,data\features\audio_npy\librispeech_0866_pitch.npy,data\features\audio_npy\librispeech_0866_tempo.npy,16000,2.29,"(13, 72)","(128, 72)","(56,)","(1,)",npy
librispeech_0867,data\features\audio_npy\librispeech_0867_mfcc.npy,data\features\audio_npy\librispeech_0867_mel_spectrogram.npy,data\features\audio_npy\librispeech_0867_pitch.npy,data\features\audio_npy\librispeech_0867_tempo.npy,16000,2.06,"(13, 65)","(128, 65)","(64,)","(1,)",npy
librispeech_0868,data\features\audio_npy\librispeech_0868_mfcc.npy,data\features\audio_npy\librispeech_0868_mel_spectrogram.npy,data\features\audio_npy\librispeech_0868_pitch.npy,data\features\audio_npy\librispeech_0868_tempo.npy,16000,3.785,"(13, 119)","(128, 119)","(117,)","(1,)",npy
librispeech_0869,data\features\audio_npy\librispeech_0869_mfcc.npy,data\features\audio_npy\librispeech_0869_mel_spectrogram.npy,data\features\audio_npy\librispeech_0869_pitch.npy,data\features\audio_npy\librispeech_0869_tempo.npy,16000,8.23,"(13, 258)","(128, 258)","(246,)","(1,)",npy
librispeech_0870,data\features\audio_npy\librispeech_0870_mfcc.npy,data\features\audio_npy\librispeech_0870_mel_spectrogram.npy,data\features\audio_npy\librispeech_0870_pitch.npy,data\features\audio_npy\librispeech_0870_tempo.npy,16000,7.445,"(13, 233)","(128, 233)","(227,)","(1,)",npy
librispeech_0871,data\features\audio_npy\librispeech_0871_mfcc.npy,data\features\audio_npy\librispeech_0871_mel_spectrogram.npy,data\features\audio_npy\librispeech_0871_pitch.npy,data\features\audio_npy\librispeech_0871_tempo.npy,16000,5.065,"(13, 159)","(128, 159)","(145,)","(1,)",npy
librispeech_0872,data\features\audio_npy\librispeech_0872_mfcc.npy,data\features\audio_npy\librispeech_0872_mel_spectrogram.npy,data\features\audio_npy\librispeech_0872_pitch.npy,data\features\audio_npy\librispeech_0872_tempo.npy,16000,2.955,"(13, 93)","(128, 93)","(87,)","(1,)",npy
librispeech_0873,data\features\audio_npy\librispeech_0873_mfcc.npy,data\features\audio_npy\librispeech_0873_mel_spectrogram.npy,data\features\audio_npy\librispeech_0873_pitch.npy,data\features\audio_npy\librispeech_0873_tempo.npy,16000,4.69,"(13, 147)","(128, 147)","(141,)","(1,)",npy
librispeech_0874,data\features\audio_npy\librispeech_0874_mfcc.npy,data\features\audio_npy\librispeech_0874_mel_spectrogram.npy,data\features\audio_npy\librispeech_0874_pitch.npy,data\features\audio_npy\librispeech_0874_tempo.npy,16000,2.99,"(13, 94)","(128, 94)","(93,)","(1,)",npy
librispeech_0875,data\features\audio_npy\librispeech_0875_mfcc.npy,data\features\audio_npy\librispeech_0875_mel_spectrogram.npy,data\features\audio_npy\librispeech_0875_pitch.npy,data\features\audio_npy\librispeech_0875_tempo.npy,16000,4.975,"(13, 156)","(128, 156)","(141,)","(1,)",npy
librispeech_0876,data\features\audio_npy\librispeech_0876_mfcc.npy,data\features\audio_npy\librispeech_0876_mel_spectrogram.npy,data\features\audio_npy\librispeech_0876_pitch.npy,data\features\audio_npy\librispeech_0876_tempo.npy,16000,7.78,"(13, 244)","(128, 244)","(239,)","(1,)",npy
librispeech_0877,data\features\audio_npy\librispeech_0877_mfcc.npy,data\features\audio_npy\librispeech_0877_mel_spectrogram.npy,data\features\audio_npy\librispeech_0877_pitch.npy,data\features\audio_npy\librispeech_0877_tempo.npy,16000,9.35,"(13, 293)","(128, 293)","(288,)","(1,)",npy
librispeech_0878,data\features\audio_npy\librispeech_0878_mfcc.npy,data\features\audio_npy\librispeech_0878_mel_spectrogram.npy,data\features\audio_npy\librispeech_0878_pitch.npy,data\features\audio_npy\librispeech_0878_tempo.npy,16000,4.41,"(13, 138)","(128, 138)","(134,)","(1,)",npy
librispeech_0879,data\features\audio_npy\librispeech_0879_mfcc.npy,data\features\audio_npy\librispeech_0879_mel_spectrogram.npy,data\features\audio_npy\librispeech_0879_pitch.npy,data\features\audio_npy\librispeech_0879_tempo.npy,16000,5.32,"(13, 167)","(128, 167)","(148,)","(1,)",npy
librispeech_0880,data\features\audio_npy\librispeech_0880_mfcc.npy,data\features\audio_npy\librispeech_0880_mel_spectrogram.npy,data\features\audio_npy\librispeech_0880_pitch.npy,data\features\audio_npy\librispeech_0880_tempo.npy,16000,2.27,"(13, 71)","(128, 71)","(66,)","(1,)",npy
librispeech_0881,data\features\audio_npy\librispeech_0881_mfcc.npy,data\features\audio_npy\librispeech_0881_mel_spectrogram.npy,data\features\audio_npy\librispeech_0881_pitch.npy,data\features\audio_npy\librispeech_0881_tempo.npy,16000,14.47,"(13, 453)","(128, 453)","(436,)","(1,)",npy
librispeech_0882,data\features\audio_npy\librispeech_0882_mfcc.npy,data\features\audio_npy\librispeech_0882_mel_spectrogram.npy,data\features\audio_npy\librispeech_0882_pitch.npy,data\features\audio_npy\librispeech_0882_tempo.npy,16000,2.89,"(13, 91)","(128, 91)","(89,)","(1,)",npy
librispeech_0883,data\features\audio_npy\librispeech_0883_mfcc.npy,data\features\audio_npy\librispeech_0883_mel_spectrogram.npy,data\features\audio_npy\librispeech_0883_pitch.npy,data\features\audio_npy\librispeech_0883_tempo.npy,16000,2.97,"(13, 93)","(128, 93)","(89,)","(1,)",npy
librispeech_0884,data\features\audio_npy\librispeech_0884_mfcc.npy,data\features\audio_npy\librispeech_0884_mel_spectrogram.npy,data\features\audio_npy\librispeech_0884_pitch.npy,data\features\audio_npy\librispeech_0884_tempo.npy,16000,3.005,"(13, 94)","(128, 94)","(90,)","(1,)",npy
librispeech_0885,data\features\audio_npy\librispeech_0885_mfcc.npy,data\features\audio_npy\librispeech_0885_mel_spectrogram.npy,data\features\audio_npy\librispeech_0885_pitch.npy,data\features\audio_npy\librispeech_0885_tempo.npy,16000,2.975,"(13, 93)","(128, 93)","(91,)","(1,)",npy
librispeech_0886,data\features\audio_npy\librispeech_0886_mfcc.npy,data\features\audio_npy\librispeech_0886_mel_spectrogram.npy,data\features\audio_npy\librispeech_0886_pitch.npy,data\features\audio_npy\librispeech_0886_tempo.npy,16000,5.565,"(13, 174)","(128, 174)","(169,)","(1,)",npy
librispeech_0887,data\features\audio_npy\librispeech_0887_mfcc.npy,data\features\audio_npy\librispeech_0887_mel_spectrogram.npy,data\features\audio_npy\librispeech_0887_pitch.npy,data\features\audio_npy\librispeech_0887_tempo.npy,16000,5.81,"(13, 182)","(128, 182)","(180,)","(1,)",npy
librispeech_0888,data\features\audio_npy\librispeech_0888_mfcc.npy,data\features\audio_npy\librispeech_0888_mel_spectrogram.npy,data\features\audio_npy\librispeech_0888_pitch.npy,data\features\audio_npy\librispeech_0888_tempo.npy,16000,2.445,"(13, 77)","(128, 77)","(76,)","(1,)",npy
librispeech_0889,data\features\audio_npy\librispeech_0889_mfcc.npy,data\features\audio_npy\librispeech_0889_mel_spectrogram.npy,data\features\audio_npy\librispeech_0889_pitch.npy,data\features\audio_npy\librispeech_0889_tempo.npy,16000,3.7,"(13, 116)","(128, 116)","(116,)","(1,)",npy
librispeech_0890,data\features\audio_npy\librispeech_0890_mfcc.npy,data\features\audio_npy\librispeech_0890_mel_spectrogram.npy,data\features\audio_npy\librispeech_0890_pitch.npy,data\features\audio_npy\librispeech_0890_tempo.npy,16000,2.345,"(13, 74)","(128, 74)","(71,)","(1,)",npy
librispeech_0891,data\features\audio_npy\librispeech_0891_mfcc.npy,data\features\audio_npy\librispeech_0891_mel_spectrogram.npy,data\features\audio_npy\librispeech_0891_pitch.npy,data\features\audio_npy\librispeech_0891_tempo.npy,16000,6.4,"(13, 201)","(128, 201)","(190,)","(1,)",npy
librispeech_0892,data\features\audio_npy\librispeech_0892_mfcc.npy,data\features\audio_npy\librispeech_0892_mel_spectrogram.npy,data\features\audio_npy\librispeech_0892_pitch.npy,data\features\audio_npy\librispeech_0892_tempo.npy,16000,6.63,"(13, 208)","(128, 208)","(204,)","(1,)",npy
librispeech_0893,data\features\audio_npy\librispeech_0893_mfcc.npy,data\features\audio_npy\librispeech_0893_mel_spectrogram.npy,data\features\audio_npy\librispeech_0893_pitch.npy,data\features\audio_npy\librispeech_0893_tempo.npy,16000,4.025,"(13, 126)","(128, 126)","(126,)","(1,)",npy
librispeech_0894,data\features\audio_npy\librispeech_0894_mfcc.npy,data\features\audio_npy\librispeech_0894_mel_spectrogram.npy,data\features\audio_npy\librispeech_0894_pitch.npy,data\features\audio_npy\librispeech_0894_tempo.npy,16000,6.59,"(13, 206)","(128, 206)","(201,)","(1,)",npy
librispeech_0895,data\features\audio_npy\librispeech_0895_mfcc.npy,data\features\audio_npy\librispeech_0895_mel_spectrogram.npy,data\features\audio_npy\librispeech_0895_pitch.npy,data\features\audio_npy\librispeech_0895_tempo.npy,16000,11.81,"(13, 370)","(128, 370)","(348,)","(1,)",npy
librispeech_0896,data\features\audio_npy\librispeech_0896_mfcc.npy,data\features\audio_npy\librispeech_0896_mel_spectrogram.npy,data\features\audio_npy\librispeech_0896_pitch.npy,data\features\audio_npy\librispeech_0896_tempo.npy,16000,7.515,"(13, 235)","(128, 235)","(234,)","(1,)",npy
librispeech_0897,data\features\audio_npy\librispeech_0897_mfcc.npy,data\features\audio_npy\librispeech_0897_mel_spectrogram.npy,data\features\audio_npy\librispeech_0897_pitch.npy,data\features\audio_npy\librispeech_0897_tempo.npy,16000,3.38,"(13, 106)","(128, 106)","(96,)","(1,)",npy
librispeech_0898,data\features\audio_npy\librispeech_0898_mfcc.npy,data\features\audio_npy\librispeech_0898_mel_spectrogram.npy,data\features\audio_npy\librispeech_0898_pitch.npy,data\features\audio_npy\librispeech_0898_tempo.npy,16000,4.35,"(13, 136)","(128, 136)","(129,)","(1,)",npy
librispeech_0899,data\features\audio_npy\librispeech_0899_mfcc.npy,data\features\audio_npy\librispeech_0899_mel_spectrogram.npy,data\features\audio_npy\librispeech_0899_pitch.npy,data\features\audio_npy\librispeech_0899_tempo.npy,16000,5.055,"(13, 158)","(128, 158)","(158,)","(1,)",npy
librispeech_0900,data\features\audio_npy\librispeech_0900_mfcc.npy,data\features\audio_npy\librispeech_0900_mel_spectrogram.npy,data\features\audio_npy\librispeech_0900_pitch.npy,data\features\audio_npy\librispeech_0900_tempo.npy,16000,6.195,"(13, 194)","(128, 194)","(179,)","(1,)",npy
librispeech_0901,data\features\audio_npy\librispeech_0901_mfcc.npy,data\features\audio_npy\librispeech_0901_mel_spectrogram.npy,data\features\audio_npy\librispeech_0901_pitch.npy,data\features\audio_npy\librispeech_0901_tempo.npy,16000,3.095,"(13, 97)","(128, 97)","(96,)","(1,)",npy
librispeech_0902,data\features\audio_npy\librispeech_0902_mfcc.npy,data\features\audio_npy\librispeech_0902_mel_spectrogram.npy,data\features\audio_npy\librispeech_0902_pitch.npy,data\features\audio_npy\librispeech_0902_tempo.npy,16000,2.315,"(13, 73)","(128, 73)","(61,)","(1,)",npy
librispeech_0903,data\features\audio_npy\librispeech_0903_mfcc.npy,data\features\audio_npy\librispeech_0903_mel_spectrogram.npy,data\features\audio_npy\librispeech_0903_pitch.npy,data\features\audio_npy\librispeech_0903_tempo.npy,16000,11.925,"(13, 373)","(128, 373)","(357,)","(1,)",npy
librispeech_0904,data\features\audio_npy\librispeech_0904_mfcc.npy,data\features\audio_npy\librispeech_0904_mel_spectrogram.npy,data\features\audio_npy\librispeech_0904_pitch.npy,data\features\audio_npy\librispeech_0904_tempo.npy,16000,6.295,"(13, 197)","(128, 197)","(196,)","(1,)",npy
librispeech_0905,data\features\audio_npy\librispeech_0905_mfcc.npy,data\features\audio_npy\librispeech_0905_mel_spectrogram.npy,data\features\audio_npy\librispeech_0905_pitch.npy,data\features\audio_npy\librispeech_0905_tempo.npy,16000,3.255,"(13, 102)","(128, 102)","(96,)","(1,)",npy
librispeech_0906,data\features\audio_npy\librispeech_0906_mfcc.npy,data\features\audio_npy\librispeech_0906_mel_spectrogram.npy,data\features\audio_npy\librispeech_0906_pitch.npy,data\features\audio_npy\librispeech_0906_tempo.npy,16000,4.375,"(13, 137)","(128, 137)","(132,)","(1,)",npy
librispeech_0907,data\features\audio_npy\librispeech_0907_mfcc.npy,data\features\audio_npy\librispeech_0907_mel_spectrogram.npy,data\features\audio_npy\librispeech_0907_pitch.npy,data\features\audio_npy\librispeech_0907_tempo.npy,16000,3.795,"(13, 119)","(128, 119)","(106,)","(1,)",npy
librispeech_0908,data\features\audio_npy\librispeech_0908_mfcc.npy,data\features\audio_npy\librispeech_0908_mel_spectrogram.npy,data\features\audio_npy\librispeech_0908_pitch.npy,data\features\audio_npy\librispeech_0908_tempo.npy,16000,4.43,"(13, 139)","(128, 139)","(130,)","(1,)",npy
librispeech_0909,data\features\audio_npy\librispeech_0909_mfcc.npy,data\features\audio_npy\librispeech_0909_mel_spectrogram.npy,data\features\audio_npy\librispeech_0909_pitch.npy,data\features\audio_npy\librispeech_0909_tempo.npy,16000,3.505,"(13, 110)","(128, 110)","(108,)","(1,)",npy
librispeech_0910,data\features\audio_npy\librispeech_0910_mfcc.npy,data\features\audio_npy\librispeech_0910_mel_spectrogram.npy,data\features\audio_npy\librispeech_0910_pitch.npy,data\features\audio_npy\librispeech_0910_tempo.npy,16000,3.795,"(13, 119)","(128, 119)","(114,)","(1,)",npy
librispeech_0911,data\features\audio_npy\librispeech_0911_mfcc.npy,data\features\audio_npy\librispeech_0911_mel_spectrogram.npy,data\features\audio_npy\librispeech_0911_pitch.npy,data\features\audio_npy\librispeech_0911_tempo.npy,16000,6.695,"(13, 210)","(128, 210)","(197,)","(1,)",npy
librispeech_0912,data\features\audio_npy\librispeech_0912_mfcc.npy,data\features\audio_npy\librispeech_0912_mel_spectrogram.npy,data\features\audio_npy\librispeech_0912_pitch.npy,data\features\audio_npy\librispeech_0912_tempo.npy,16000,2.265,"(13, 71)","(128, 71)","(68,)","(1,)",npy
librispeech_0913,data\features\audio_npy\librispeech_0913_mfcc.npy,data\features\audio_npy\librispeech_0913_mel_spectrogram.npy,data\features\audio_npy\librispeech_0913_pitch.npy,data\features\audio_npy\librispeech_0913_tempo.npy,16000,2.205,"(13, 69)","(128, 69)","(67,)","(1,)",npy
librispeech_0914,data\features\audio_npy\librispeech_0914_mfcc.npy,data\features\audio_npy\librispeech_0914_mel_spectrogram.npy,data\features\audio_npy\librispeech_0914_pitch.npy,data\features\audio_npy\librispeech_0914_tempo.npy,16000,2.815,"(13, 88)","(128, 88)","(87,)","(1,)",npy
librispeech_0915,data\features\audio_npy\librispeech_0915_mfcc.npy,data\features\audio_npy\librispeech_0915_mel_spectrogram.npy,data\features\audio_npy\librispeech_0915_pitch.npy,data\features\audio_npy\librispeech_0915_tempo.npy,16000,11.8,"(13, 369)","(128, 369)","(358,)","(1,)",npy
librispeech_0916,data\features\audio_npy\librispeech_0916_mfcc.npy,data\features\audio_npy\librispeech_0916_mel_spectrogram.npy,data\features\audio_npy\librispeech_0916_pitch.npy,data\features\audio_npy\librispeech_0916_tempo.npy,16000,3.67,"(13, 115)","(128, 115)","(105,)","(1,)",npy
librispeech_0917,data\features\audio_npy\librispeech_0917_mfcc.npy,data\features\audio_npy\librispeech_0917_mel_spectrogram.npy,data\features\audio_npy\librispeech_0917_pitch.npy,data\features\audio_npy\librispeech_0917_tempo.npy,16000,5.45,"(13, 171)","(128, 171)","(168,)","(1,)",npy
librispeech_0918,data\features\audio_npy\librispeech_0918_mfcc.npy,data\features\audio_npy\librispeech_0918_mel_spectrogram.npy,data\features\audio_npy\librispeech_0918_pitch.npy,data\features\audio_npy\librispeech_0918_tempo.npy,16000,3.9,"(13, 122)","(128, 122)","(120,)","(1,)",npy
librispeech_0919,data\features\audio_npy\librispeech_0919_mfcc.npy,data\features\audio_npy\librispeech_0919_mel_spectrogram.npy,data\features\audio_npy\librispeech_0919_pitch.npy,data\features\audio_npy\librispeech_0919_tempo.npy,16000,4.58,"(13, 144)","(128, 144)","(134,)","(1,)",npy
librispeech_0920,data\features\audio_npy\librispeech_0920_mfcc.npy,data\features\audio_npy\librispeech_0920_mel_spectrogram.npy,data\features\audio_npy\librispeech_0920_pitch.npy,data\features\audio_npy\librispeech_0920_tempo.npy,16000,2.96,"(13, 93)","(128, 93)","(93,)","(1,)",npy
librispeech_0921,data\features\audio_npy\librispeech_0921_mfcc.npy,data\features\audio_npy\librispeech_0921_mel_spectrogram.npy,data\features\audio_npy\librispeech_0921_pitch.npy,data\features\audio_npy\librispeech_0921_tempo.npy,16000,2.455,"(13, 77)","(128, 77)","(77,)","(1,)",npy
librispeech_0922,data\features\audio_npy\librispeech_0922_mfcc.npy,data\features\audio_npy\librispeech_0922_mel_spectrogram.npy,data\features\audio_npy\librispeech_0922_pitch.npy,data\features\audio_npy\librispeech_0922_tempo.npy,16000,5.07,"(13, 159)","(128, 159)","(154,)","(1,)",npy
librispeech_0923,data\features\audio_npy\librispeech_0923_mfcc.npy,data\features\audio_npy\librispeech_0923_mel_spectrogram.npy,data\features\audio_npy\librispeech_0923_pitch.npy,data\features\audio_npy\librispeech_0923_tempo.npy,16000,4.78,"(13, 150)","(128, 150)","(150,)","(1,)",npy
librispeech_0924,data\features\audio_npy\librispeech_0924_mfcc.npy,data\features\audio_npy\librispeech_0924_mel_spectrogram.npy,data\features\audio_npy\librispeech_0924_pitch.npy,data\features\audio_npy\librispeech_0924_tempo.npy,16000,4.23,"(13, 133)","(128, 133)","(132,)","(1,)",npy
librispeech_0925,data\features\audio_npy\librispeech_0925_mfcc.npy,data\features\audio_npy\librispeech_0925_mel_spectrogram.npy,data\features\audio_npy\librispeech_0925_pitch.npy,data\features\audio_npy\librispeech_0925_tempo.npy,16000,2.215,"(13, 70)","(128, 70)","(66,)","(1,)",npy
librispeech_0926,data\features\audio_npy\librispeech_0926_mfcc.npy,data\features\audio_npy\librispeech_0926_mel_spectrogram.npy,data\features\audio_npy\librispeech_0926_pitch.npy,data\features\audio_npy\librispeech_0926_tempo.npy,16000,3.09,"(13, 97)","(128, 97)","(97,)","(1,)",npy
librispeech_0927,data\features\audio_npy\librispeech_0927_mfcc.npy,data\features\audio_npy\librispeech_0927_mel_spectrogram.npy,data\features\audio_npy\librispeech_0927_pitch.npy,data\features\audio_npy\librispeech_0927_tempo.npy,16000,3.605,"(13, 113)","(128, 113)","(111,)","(1,)",npy
librispeech_0928,data\features\audio_npy\librispeech_0928_mfcc.npy,data\features\audio_npy\librispeech_0928_mel_spectrogram.npy,data\features\audio_npy\librispeech_0928_pitch.npy,data\features\audio_npy\librispeech_0928_tempo.npy,16000,11.335,"(13, 355)","(128, 355)","(346,)","(1,)",npy
librispeech_0929,data\features\audio_npy\librispeech_0929_mfcc.npy,data\features\audio_npy\librispeech_0929_mel_spectrogram.npy,data\features\audio_npy\librispeech_0929_pitch.npy,data\features\audio_npy\librispeech_0929_tempo.npy,16000,7.52,"(13, 236)","(128, 236)","(232,)","(1,)",npy
librispeech_0930,data\features\audio_npy\librispeech_0930_mfcc.npy,data\features\audio_npy\librispeech_0930_mel_spectrogram.npy,data\features\audio_npy\librispeech_0930_pitch.npy,data\features\audio_npy\librispeech_0930_tempo.npy,16000,7.475,"(13, 234)","(128, 234)","(232,)","(1,)",npy
librispeech_0931,data\features\audio_npy\librispeech_0931_mfcc.npy,data\features\audio_npy\librispeech_0931_mel_spectrogram.npy,data\features\audio_npy\librispeech_0931_pitch.npy,data\features\audio_npy\librispeech_0931_tempo.npy,16000,8.685,"(13, 272)","(128, 272)","(267,)","(1,)",npy
librispeech_0932,data\features\audio_npy\librispeech_0932_mfcc.npy,data\features\audio_npy\librispeech_0932_mel_spectrogram.npy,data\features\audio_npy\librispeech_0932_pitch.npy,data\features\audio_npy\librispeech_0932_tempo.npy,16000,5.705,"(13, 179)","(128, 179)","(173,)","(1,)",npy
librispeech_0933,data\features\audio_npy\librispeech_0933_mfcc.npy,data\features\audio_npy\librispeech_0933_mel_spectrogram.npy,data\features\audio_npy\librispeech_0933_pitch.npy,data\features\audio_npy\librispeech_0933_tempo.npy,16000,2.46,"(13, 77)","(128, 77)","(76,)","(1,)",npy
librispeech_0934,data\features\audio_npy\librispeech_0934_mfcc.npy,data\features\audio_npy\librispeech_0934_mel_spectrogram.npy,data\features\audio_npy\librispeech_0934_pitch.npy,data\features\audio_npy\librispeech_0934_tempo.npy,16000,6.98,"(13, 219)","(128, 219)","(209,)","(1,)",npy
librispeech_0935,data\features\audio_npy\librispeech_0935_mfcc.npy,data\features\audio_npy\librispeech_0935_mel_spectrogram.npy,data\features\audio_npy\librispeech_0935_pitch.npy,data\features\audio_npy\librispeech_0935_tempo.npy,16000,12.905,"(13, 404)","(128, 404)","(388,)","(1,)",npy
librispeech_0936,data\features\audio_npy\librispeech_0936_mfcc.npy,data\features\audio_npy\librispeech_0936_mel_spectrogram.npy,data\features\audio_npy\librispeech_0936_pitch.npy,data\features\audio_npy\librispeech_0936_tempo.npy,16000,4.29,"(13, 135)","(128, 135)","(135,)","(1,)",npy
librispeech_0937,data\features\audio_npy\librispeech_0937_mfcc.npy,data\features\audio_npy\librispeech_0937_mel_spectrogram.npy,data\features\audio_npy\librispeech_0937_pitch.npy,data\features\audio_npy\librispeech_0937_tempo.npy,16000,5.25,"(13, 165)","(128, 165)","(165,)","(1,)",npy
librispeech_0938,data\features\audio_npy\librispeech_0938_mfcc.npy,data\features\audio_npy\librispeech_0938_mel_spectrogram.npy,data\features\audio_npy\librispeech_0938_pitch.npy,data\features\audio_npy\librispeech_0938_tempo.npy,16000,7.925,"(13, 248)","(128, 248)","(243,)","(1,)",npy
librispeech_0939,data\features\audio_npy\librispeech_0939_mfcc.npy,data\features\audio_npy\librispeech_0939_mel_spectrogram.npy,data\features\audio_npy\librispeech_0939_pitch.npy,data\features\audio_npy\librispeech_0939_tempo.npy,16000,4.67,"(13, 146)","(128, 146)","(143,)","(1,)",npy
librispeech_0940,data\features\audio_npy\librispeech_0940_mfcc.npy,data\features\audio_npy\librispeech_0940_mel_spectrogram.npy,data\features\audio_npy\librispeech_0940_pitch.npy,data\features\audio_npy\librispeech_0940_tempo.npy,16000,11.69,"(13, 366)","(128, 366)","(348,)","(1,)",npy
librispeech_0941,data\features\audio_npy\librispeech_0941_mfcc.npy,data\features\audio_npy\librispeech_0941_mel_spectrogram.npy,data\features\audio_npy\librispeech_0941_pitch.npy,data\features\audio_npy\librispeech_0941_tempo.npy,16000,5.16,"(13, 162)","(128, 162)","(156,)","(1,)",npy
librispeech_0942,data\features\audio_npy\librispeech_0942_mfcc.npy,data\features\audio_npy\librispeech_0942_mel_spectrogram.npy,data\features\audio_npy\librispeech_0942_pitch.npy,data\features\audio_npy\librispeech_0942_tempo.npy,16000,2.32,"(13, 73)","(128, 73)","(67,)","(1,)",npy
librispeech_0943,data\features\audio_npy\librispeech_0943_mfcc.npy,data\features\audio_npy\librispeech_0943_mel_spectrogram.npy,data\features\audio_npy\librispeech_0943_pitch.npy,data\features\audio_npy\librispeech_0943_tempo.npy,16000,7.07,"(13, 221)","(128, 221)","(216,)","(1,)",npy
librispeech_0944,data\features\audio_npy\librispeech_0944_mfcc.npy,data\features\audio_npy\librispeech_0944_mel_spectrogram.npy,data\features\audio_npy\librispeech_0944_pitch.npy,data\features\audio_npy\librispeech_0944_tempo.npy,16000,3.435,"(13, 108)","(128, 108)","(102,)","(1,)",npy
librispeech_0945,data\features\audio_npy\librispeech_0945_mfcc.npy,data\features\audio_npy\librispeech_0945_mel_spectrogram.npy,data\features\audio_npy\librispeech_0945_pitch.npy,data\features\audio_npy\librispeech_0945_tempo.npy,16000,5.425,"(13, 170)","(128, 170)","(159,)","(1,)",npy
librispeech_0946,data\features\audio_npy\librispeech_0946_mfcc.npy,data\features\audio_npy\librispeech_0946_mel_spectrogram.npy,data\features\audio_npy\librispeech_0946_pitch.npy,data\features\audio_npy\librispeech_0946_tempo.npy,16000,1.86,"(13, 59)","(128, 59)","(59,)","(1,)",npy
librispeech_0947,data\features\audio_npy\librispeech_0947_mfcc.npy,data\features\audio_npy\librispeech_0947_mel_spectrogram.npy,data\features\audio_npy\librispeech_0947_pitch.npy,data\features\audio_npy\librispeech_0947_tempo.npy,16000,9.065,"(13, 284)","(128, 284)","(277,)","(1,)",npy
librispeech_0948,data\features\audio_npy\librispeech_0948_mfcc.npy,data\features\audio_npy\librispeech_0948_mel_spectrogram.npy,data\features\audio_npy\librispeech_0948_pitch.npy,data\features\audio_npy\librispeech_0948_tempo.npy,16000,7.96,"(13, 249)","(128, 249)","(241,)","(1,)",npy
librispeech_0949,data\features\audio_npy\librispeech_0949_mfcc.npy,data\features\audio_npy\librispeech_0949_mel_spectrogram.npy,data\features\audio_npy\librispeech_0949_pitch.npy,data\features\audio_npy\librispeech_0949_tempo.npy,16000,4.2,"(13, 132)","(128, 132)","(131,)","(1,)",npy
librispeech_0950,data\features\audio_npy\librispeech_0950_mfcc.npy,data\features\audio_npy\librispeech_0950_mel_spectrogram.npy,data\features\audio_npy\librispeech_0950_pitch.npy,data\features\audio_npy\librispeech_0950_tempo.npy,16000,4.55,"(13, 143)","(128, 143)","(127,)","(1,)",npy
librispeech_0951,data\features\audio_npy\librispeech_0951_mfcc.npy,data\features\audio_npy\librispeech_0951_mel_spectrogram.npy,data\features\audio_npy\librispeech_0951_pitch.npy,data\features\audio_npy\librispeech_0951_tempo.npy,16000,9.05,"(13, 283)","(128, 283)","(228,)","(1,)",npy
librispeech_0952,data\features\audio_npy\librispeech_0952_mfcc.npy,data\features\audio_npy\librispeech_0952_mel_spectrogram.npy,data\features\audio_npy\librispeech_0952_pitch.npy,data\features\audio_npy\librispeech_0952_tempo.npy,16000,2.785,"(13, 88)","(128, 88)","(71,)","(1,)",npy
librispeech_0953,data\features\audio_npy\librispeech_0953_mfcc.npy,data\features\audio_npy\librispeech_0953_mel_spectrogram.npy,data\features\audio_npy\librispeech_0953_pitch.npy,data\features\audio_npy\librispeech_0953_tempo.npy,16000,2.73,"(13, 86)","(128, 86)","(53,)","(1,)",npy
librispeech_0954,data\features\audio_npy\librispeech_0954_mfcc.npy,data\features\audio_npy\librispeech_0954_mel_spectrogram.npy,data\features\audio_npy\librispeech_0954_pitch.npy,data\features\audio_npy\librispeech_0954_tempo.npy,16000,6.195,"(13, 194)","(128, 194)","(167,)","(1,)",npy
librispeech_0955,data\features\audio_npy\librispeech_0955_mfcc.npy,data\features\audio_npy\librispeech_0955_mel_spectrogram.npy,data\features\audio_npy\librispeech_0955_pitch.npy,data\features\audio_npy\librispeech_0955_tempo.npy,16000,5.21,"(13, 163)","(128, 163)","(140,)","(1,)",npy
librispeech_0956,data\features\audio_npy\librispeech_0956_mfcc.npy,data\features\audio_npy\librispeech_0956_mel_spectrogram.npy,data\features\audio_npy\librispeech_0956_pitch.npy,data\features\audio_npy\librispeech_0956_tempo.npy,16000,4.93,"(13, 155)","(128, 155)","(113,)","(1,)",npy
librispeech_0957,data\features\audio_npy\librispeech_0957_mfcc.npy,data\features\audio_npy\librispeech_0957_mel_spectrogram.npy,data\features\audio_npy\librispeech_0957_pitch.npy,data\features\audio_npy\librispeech_0957_tempo.npy,16000,3.7,"(13, 116)","(128, 116)","(95,)","(1,)",npy
librispeech_0958,data\features\audio_npy\librispeech_0958_mfcc.npy,data\features\audio_npy\librispeech_0958_mel_spectrogram.npy,data\features\audio_npy\librispeech_0958_pitch.npy,data\features\audio_npy\librispeech_0958_tempo.npy,16000,9.25,"(13, 290)","(128, 290)","(246,)","(1,)",npy
librispeech_0959,data\features\audio_npy\librispeech_0959_mfcc.npy,data\features\audio_npy\librispeech_0959_mel_spectrogram.npy,data\features\audio_npy\librispeech_0959_pitch.npy,data\features\audio_npy\librispeech_0959_tempo.npy,16000,10.295,"(13, 322)","(128, 322)","(278,)","(1,)",npy
librispeech_0960,data\features\audio_npy\librispeech_0960_mfcc.npy,data\features\audio_npy\librispeech_0960_mel_spectrogram.npy,data\features\audio_npy\librispeech_0960_pitch.npy,data\features\audio_npy\librispeech_0960_tempo.npy,16000,6.625,"(13, 208)","(128, 208)","(181,)","(1,)",npy
librispeech_0961,data\features\audio_npy\librispeech_0961_mfcc.npy,data\features\audio_npy\librispeech_0961_mel_spectrogram.npy,data\features\audio_npy\librispeech_0961_pitch.npy,data\features\audio_npy\librispeech_0961_tempo.npy,16000,3.105,"(13, 98)","(128, 98)","(88,)","(1,)",npy
librispeech_0962,data\features\audio_npy\librispeech_0962_mfcc.npy,data\features\audio_npy\librispeech_0962_mel_spectrogram.npy,data\features\audio_npy\librispeech_0962_pitch.npy,data\features\audio_npy\librispeech_0962_tempo.npy,16000,3.025,"(13, 95)","(128, 95)","(84,)","(1,)",npy
librispeech_0963,data\features\audio_npy\librispeech_0963_mfcc.npy,data\features\audio_npy\librispeech_0963_mel_spectrogram.npy,data\features\audio_npy\librispeech_0963_pitch.npy,data\features\audio_npy\librispeech_0963_tempo.npy,16000,11.25,"(13, 352)","(128, 352)","(304,)","(1,)",npy
librispeech_0964,data\features\audio_npy\librispeech_0964_mfcc.npy,data\features\audio_npy\librispeech_0964_mel_spectrogram.npy,data\features\audio_npy\librispeech_0964_pitch.npy,data\features\audio_npy\librispeech_0964_tempo.npy,16000,1.845,"(13, 58)","(128, 58)","(45,)","(1,)",npy
librispeech_0965,data\features\audio_npy\librispeech_0965_mfcc.npy,data\features\audio_npy\librispeech_0965_mel_spectrogram.npy,data\features\audio_npy\librispeech_0965_pitch.npy,data\features\audio_npy\librispeech_0965_tempo.npy,16000,5.33,"(13, 167)","(128, 167)","(148,)","(1,)",npy
librispeech_0966,data\features\audio_npy\librispeech_0966_mfcc.npy,data\features\audio_npy\librispeech_0966_mel_spectrogram.npy,data\features\audio_npy\librispeech_0966_pitch.npy,data\features\audio_npy\librispeech_0966_tempo.npy,16000,3.37,"(13, 106)","(128, 106)","(94,)","(1,)",npy
librispeech_0967,data\features\audio_npy\librispeech_0967_mfcc.npy,data\features\audio_npy\librispeech_0967_mel_spectrogram.npy,data\features\audio_npy\librispeech_0967_pitch.npy,data\features\audio_npy\librispeech_0967_tempo.npy,16000,5.01,"(13, 157)","(128, 157)","(149,)","(1,)",npy
librispeech_0968,data\features\audio_npy\librispeech_0968_mfcc.npy,data\features\audio_npy\librispeech_0968_mel_spectrogram.npy,data\features\audio_npy\librispeech_0968_pitch.npy,data\features\audio_npy\librispeech_0968_tempo.npy,16000,7.96,"(13, 249)","(128, 249)","(241,)","(1,)",npy
librispeech_0969,data\features\audio_npy\librispeech_0969_mfcc.npy,data\features\audio_npy\librispeech_0969_mel_spectrogram.npy,data\features\audio_npy\librispeech_0969_pitch.npy,data\features\audio_npy\librispeech_0969_tempo.npy,16000,3.115,"(13, 98)","(128, 98)","(96,)","(1,)",npy
librispeech_0970,data\features\audio_npy\librispeech_0970_mfcc.npy,data\features\audio_npy\librispeech_0970_mel_spectrogram.npy,data\features\audio_npy\librispeech_0970_pitch.npy,data\features\audio_npy\librispeech_0970_tempo.npy,16000,10.675,"(13, 334)","(128, 334)","(297,)","(1,)",npy
librispeech_0971,data\features\audio_npy\librispeech_0971_mfcc.npy,data\features\audio_npy\librispeech_0971_mel_spectrogram.npy,data\features\audio_npy\librispeech_0971_pitch.npy,data\features\audio_npy\librispeech_0971_tempo.npy,16000,7.515,"(13, 235)","(128, 235)","(175,)","(1,)",npy
librispeech_0972,data\features\audio_npy\librispeech_0972_mfcc.npy,data\features\audio_npy\librispeech_0972_mel_spectrogram.npy,data\features\audio_npy\librispeech_0972_pitch.npy,data\features\audio_npy\librispeech_0972_tempo.npy,16000,10.08,"(13, 316)","(128, 316)","(291,)","(1,)",npy
librispeech_0973,data\features\audio_npy\librispeech_0973_mfcc.npy,data\features\audio_npy\librispeech_0973_mel_spectrogram.npy,data\features\audio_npy\librispeech_0973_pitch.npy,data\features\audio_npy\librispeech_0973_tempo.npy,16000,2.795,"(13, 88)","(128, 88)","(76,)","(1,)",npy
librispeech_0974,data\features\audio_npy\librispeech_0974_mfcc.npy,data\features\audio_npy\librispeech_0974_mel_spectrogram.npy,data\features\audio_npy\librispeech_0974_pitch.npy,data\features\audio_npy\librispeech_0974_tempo.npy,16000,5.985,"(13, 188)","(128, 188)","(179,)","(1,)",npy
librispeech_0975,data\features\audio_npy\librispeech_0975_mfcc.npy,data\features\audio_npy\librispeech_0975_mel_spectrogram.npy,data\features\audio_npy\librispeech_0975_pitch.npy,data\features\audio_npy\librispeech_0975_tempo.npy,16000,1.94,"(13, 61)","(128, 61)","(61,)","(1,)",npy
librispeech_0976,data\features\audio_npy\librispeech_0976_mfcc.npy,data\features\audio_npy\librispeech_0976_mel_spectrogram.npy,data\features\audio_npy\librispeech_0976_pitch.npy,data\features\audio_npy\librispeech_0976_tempo.npy,16000,15.925,"(13, 498)","(128, 498)","(470,)","(1,)",npy
librispeech_0977,data\features\audio_npy\librispeech_0977_mfcc.npy,data\features\audio_npy\librispeech_0977_mel_spectrogram.npy,data\features\audio_npy\librispeech_0977_pitch.npy,data\features\audio_npy\librispeech_0977_tempo.npy,16000,3.97,"(13, 125)","(128, 125)","(110,)","(1,)",npy
librispeech_0978,data\features\audio_npy\librispeech_0978_mfcc.npy,data\features\audio_npy\librispeech_0978_mel_spectrogram.npy,data\features\audio_npy\librispeech_0978_pitch.npy,data\features\audio_npy\librispeech_0978_tempo.npy,16000,4.59,"(13, 144)","(128, 144)","(140,)","(1,)",npy
librispeech_0979,data\features\audio_npy\librispeech_0979_mfcc.npy,data\features\audio_npy\librispeech_0979_mel_spectrogram.npy,data\features\audio_npy\librispeech_0979_pitch.npy,data\features\audio_npy\librispeech_0979_tempo.npy,16000,7.58,"(13, 237)","(128, 237)","(211,)","(1,)",npy
librispeech_0980,data\features\audio_npy\librispeech_0980_mfcc.npy,data\features\audio_npy\librispeech_0980_mel_spectrogram.npy,data\features\audio_npy\librispeech_0980_pitch.npy,data\features\audio_npy\librispeech_0980_tempo.npy,16000,4.33,"(13, 136)","(128, 136)","(126,)","(1,)",npy
librispeech_0981,data\features\audio_npy\librispeech_0981_mfcc.npy,data\features\audio_npy\librispeech_0981_mel_spectrogram.npy,data\features\audio_npy\librispeech_0981_pitch.npy,data\features\audio_npy\librispeech_0981_tempo.npy,16000,7.75,"(13, 243)","(128, 243)","(217,)","(1,)",npy
librispeech_0982,data\features\audio_npy\librispeech_0982_mfcc.npy,data\features\audio_npy\librispeech_0982_mel_spectrogram.npy,data\features\audio_npy\librispeech_0982_pitch.npy,data\features\audio_npy\librispeech_0982_tempo.npy,16000,9.275,"(13, 290)","(128, 290)","(265,)","(1,)",npy
librispeech_0983,data\features\audio_npy\librispeech_0983_mfcc.npy,data\features\audio_npy\librispeech_0983_mel_spectrogram.npy,data\features\audio_npy\librispeech_0983_pitch.npy,data\features\audio_npy\librispeech_0983_tempo.npy,16000,2.075,"(13, 65)","(128, 65)","(56,)","(1,)",npy
librispeech_0984,data\features\audio_npy\librispeech_0984_mfcc.npy,data\features\audio_npy\librispeech_0984_mel_spectrogram.npy,data\features\audio_npy\librispeech_0984_pitch.npy,data\features\audio_npy\librispeech_0984_tempo.npy,16000,10.025,"(13, 314)","(128, 314)","(289,)","(1,)",npy
librispeech_0985,data\features\audio_npy\librispeech_0985_mfcc.npy,data\features\audio_npy\librispeech_0985_mel_spectrogram.npy,data\features\audio_npy\librispeech_0985_pitch.npy,data\features\audio_npy\librispeech_0985_tempo.npy,16000,7.605,"(13, 238)","(128, 238)","(209,)","(1,)",npy
librispeech_0986,data\features\audio_npy\librispeech_0986_mfcc.npy,data\features\audio_npy\librispeech_0986_mel_spectrogram.npy,data\features\audio_npy\librispeech_0986_pitch.npy,data\features\audio_npy\librispeech_0986_tempo.npy,16000,32.145,"(13, 1005)","(128, 1005)","(924,)","(1,)",npy
librispeech_0987,data\features\audio_npy\librispeech_0987_mfcc.npy,data\features\audio_npy\librispeech_0987_mel_spectrogram.npy,data\features\audio_npy\librispeech_0987_pitch.npy,data\features\audio_npy\librispeech_0987_tempo.npy,16000,11.575,"(13, 362)","(128, 362)","(319,)","(1,)",npy
librispeech_0988,data\features\audio_npy\librispeech_0988_mfcc.npy,data\features\audio_npy\librispeech_0988_mel_spectrogram.npy,data\features\audio_npy\librispeech_0988_pitch.npy,data\features\audio_npy\librispeech_0988_tempo.npy,16000,23.51,"(13, 735)","(128, 735)","(653,)","(1,)",npy
librispeech_0989,data\features\audio_npy\librispeech_0989_mfcc.npy,data\features\audio_npy\librispeech_0989_mel_spectrogram.npy,data\features\audio_npy\librispeech_0989_pitch.npy,data\features\audio_npy\librispeech_0989_tempo.npy,16000,17.77,"(13, 556)","(128, 556)","(486,)","(1,)",npy
librispeech_0990,data\features\audio_npy\librispeech_0990_mfcc.npy,data\features\audio_npy\librispeech_0990_mel_spectrogram.npy,data\features\audio_npy\librispeech_0990_pitch.npy,data\features\audio_npy\librispeech_0990_tempo.npy,16000,11.585,"(13, 363)","(128, 363)","(344,)","(1,)",npy
librispeech_0991,data\features\audio_npy\librispeech_0991_mfcc.npy,data\features\audio_npy\librispeech_0991_mel_spectrogram.npy,data\features\audio_npy\librispeech_0991_pitch.npy,data\features\audio_npy\librispeech_0991_tempo.npy,16000,10.08,"(13, 316)","(128, 316)","(293,)","(1,)",npy
librispeech_0992,data\features\audio_npy\librispeech_0992_mfcc.npy,data\features\audio_npy\librispeech_0992_mel_spectrogram.npy,data\features\audio_npy\librispeech_0992_pitch.npy,data\features\audio_npy\librispeech_0992_tempo.npy,16000,9.68,"(13, 303)","(128, 303)","(267,)","(1,)",npy
librispeech_0993,data\features\audio_npy\librispeech_0993_mfcc.npy,data\features\audio_npy\librispeech_0993_mel_spectrogram.npy,data\features\audio_npy\librispeech_0993_pitch.npy,data\features\audio_npy\librispeech_0993_tempo.npy,16000,4.255,"(13, 133)","(128, 133)","(113,)","(1,)",npy
librispeech_0994,data\features\audio_npy\librispeech_0994_mfcc.npy,data\features\audio_npy\librispeech_0994_mel_spectrogram.npy,data\features\audio_npy\librispeech_0994_pitch.npy,data\features\audio_npy\librispeech_0994_tempo.npy,16000,3.89,"(13, 122)","(128, 122)","(108,)","(1,)",npy
librispeech_0995,data\features\audio_npy\librispeech_0995_mfcc.npy,data\features\audio_npy\librispeech_0995_mel_spectrogram.npy,data\features\audio_npy\librispeech_0995_pitch.npy,data\features\audio_npy\librispeech_0995_tempo.npy,16000,6.93,"(13, 217)","(128, 217)","(202,)","(1,)",npy
librispeech_0996,data\features\audio_npy\librispeech_0996_mfcc.npy,data\features\audio_npy\librispeech_0996_mel_spectrogram.npy,data\features\audio_npy\librispeech_0996_pitch.npy,data\features\audio_npy\librispeech_0996_tempo.npy,16000,4.3,"(13, 135)","(128, 135)","(127,)","(1,)",npy
librispeech_0997,data\features\audio_npy\librispeech_0997_mfcc.npy,data\features\audio_npy\librispeech_0997_mel_spectrogram.npy,data\features\audio_npy\librispeech_0997_pitch.npy,data\features\audio_npy\librispeech_0997_tempo.npy,16000,8.085,"(13, 253)","(128, 253)","(225,)","(1,)",npy
librispeech_0998,data\features\audio_npy\librispeech_0998_mfcc.npy,data\features\audio_npy\librispeech_0998_mel_spectrogram.npy,data\features\audio_npy\librispeech_0998_pitch.npy,data\features\audio_npy\librispeech_0998_tempo.npy,16000,12.295,"(13, 385)","(128, 385)","(360,)","(1,)",npy
librispeech_0999,data\features\audio_npy\librispeech_0999_mfcc.npy,data\features\audio_npy\librispeech_0999_mel_spectrogram.npy,data\features\audio_npy\librispeech_0999_pitch.npy,data\features\audio_npy\librispeech_0999_tempo.npy,16000,3.45,"(13, 108)","(128, 108)","(96,)","(1,)",npy
