record_id,audio_id,speaker_hash,duration_seconds,duration_bucket,synthetic_time_of_day,speaker_gender,sample_rate,word_count,word_rate,has_transcript
librispeech_0000,librispeech_0000,0f6aa7d3274f3f6e808fca36c939363728fe77071a1d0fba5cb8b5d3a91a960f,6.59,medium,morning,unknown,16000,22,3.338,True
librispeech_0001,librispeech_0001,0f6aa7d3274f3f6e808fca36c939363728fe77071a1d0fba5cb8b5d3a91a960f,7.145,long,afternoon,unknown,16000,26,3.639,True
librispeech_0002,librispeech_0002,0f6aa7d3274f3f6e808fca36c939363728fe77071a1d0fba5cb8b5d3a91a960f,4.835,medium,evening,unknown,16000,12,2.482,True
librispeech_0003,librispeech_0003,0f6aa7d3274f3f6e808fca36c939363728fe77071a1d0fba5cb8b5d3a91a960f,2.84,short,night,unknown,16000,7,2.465,True
librispeech_0004,librispeech_0004,0f6aa7d3274f3f6e808fca36c939363728fe77071a1d0fba5cb8b5d3a91a960f,1.955,short,morning,unknown,16000,7,3.581,True
librispeech_0005,librispeech_0005,0f6aa7d3274f3f6e808fca36c939363728fe77071a1d0fba5cb8b5d3a91a960f,5.6,medium,afternoon,unknown,16000,15,2.679,True
librispeech_0006,librispeech_0006,0f6aa7d3274f3f6e808fca36c939363728fe77071a1d0fba5cb8b5d3a91a960f,4.97,medium,evening,unknown,16000,14,2.817,True
librispeech_0007,librispeech_0007,0f6aa7d3274f3f6e808fca36c939363728fe77071a1d0fba5cb8b5d3a91a960f,5.375,medium,night,unknown,16000,23,4.279,True
librispeech_0008,librispeech_0008,0f6aa7d3274f3f6e808fca36c939363728fe77071a1d0fba5cb8b5d3a91a960f,6.94,medium,morning,unknown,16000,26,3.746,True
librispeech_0009,librispeech_0009,0f6aa7d3274f3f6e808fca36c939363728fe77071a1d0fba5cb8b5d3a91a960f,5.815,medium,afternoon,unknown,16000,20,3.439,True
librispeech_0010,librispeech_0010,0f6aa7d3274f3f6e808fca36c939363728fe77071a1d0fba5cb8b5d3a91a960f,5.275,medium,evening,unknown,16000,19,3.602,True
librispeech_0011,librispeech_0011,0f6aa7d3274f3f6e808fca36c939363728fe77071a1d0fba5cb8b5d3a91a960f,4.465,medium,night,unknown,16000,14,3.135,True
librispeech_0012,librispeech_0012,0f6aa7d3274f3f6e808fca36c939363728fe77071a1d0fba5cb8b5d3a91a960f,2.495,short,morning,unknown,16000,10,4.008,True
librispeech_0013,librispeech_0013,0f6aa7d3274f3f6e808fca36c939363728fe77071a1d0fba5cb8b5d3a91a960f,6.09,medium,afternoon,unknown,16000,24,3.941,True
librispeech_0014,librispeech_0014,0f6aa7d3274f3f6e808fca36c939363728fe77071a1d0fba5cb8b5d3a91a960f,4.07,medium,evening,unknown,16000,14,3.44,True
librispeech_0015,librispeech_0015,0f6aa7d3274f3f6e808fca36c939363728fe77071a1d0fba5cb8b5d3a91a960f,3.675,medium,night,unknown,16000,13,3.537,True
librispeech_0016,librispeech_0016,0f6aa7d3274f3f6e808fca36c939363728fe77071a1d0fba5cb8b5d3a91a960f,2.785,short,morning,unknown,16000,8,2.873,True
librispeech_0017,librispeech_0017,0f6aa7d3274f3f6e808fca36c939363728fe77071a1d0fba5cb8b5d3a91a960f,4.985,medium,afternoon,unknown,16000,19,3.811,True
librispeech_0018,librispeech_0018,0f6aa7d3274f3f6e808fca36c939363728fe77071a1d0fba5cb8b5d3a91a960f,4.545,medium,evening,unknown,16000,15,3.3,True
librispeech_0019,librispeech_0019,0f6aa7d3274f3f6e808fca36c939363728fe77071a1d0fba5cb8b5d3a91a960f,3.56,medium,night,unknown,16000,13,3.652,True
librispeech_0020,librispeech_0020,0f6aa7d3274f3f6e808fca36c939363728fe77071a1d0fba5cb8b5d3a91a960f,5.285,medium,morning,unknown,16000,17,3.217,True
librispeech_0021,librispeech_0021,0f6aa7d3274f3f6e808fca36c939363728fe77071a1d0fba5cb8b5d3a91a960f,3.37,medium,afternoon,unknown,16000,9,2.671,True
librispeech_0022,librispeech_0022,0f6aa7d3274f3f6e808fca36c939363728fe77071a1d0fba5cb8b5d3a91a960f,3.38,medium,evening,unknown,16000,7,2.071,True
librispeech_0023,librispeech_0023,0f6aa7d3274f3f6e808fca36c939363728fe77071a1d0fba5cb8b5d3a91a960f,3.89,medium,night,unknown,16000,15,3.856,True
librispeech_0024,librispeech_0024,0f6aa7d3274f3f6e808fca36c939363728fe77071a1d0fba5cb8b5d3a91a960f,4.5,medium,morning,unknown,16000,20,4.444,True
librispeech_0025,librispeech_0025,0f6aa7d3274f3f6e808fca36c939363728fe77071a1d0fba5cb8b5d3a91a960f,3.4,medium,afternoon,unknown,16000,13,3.824,True
librispeech_0026,librispeech_0026,0f6aa7d3274f3f6e808fca36c939363728fe77071a1d0fba5cb8b5d3a91a960f,4.92,medium,evening,unknown,16000,15,3.049,True
librispeech_0027,librispeech_0027,0f6aa7d3274f3f6e808fca36c939363728fe77071a1d0fba5cb8b5d3a91a960f,3.595,medium,night,unknown,16000,11,3.06,True
librispeech_0028,librispeech_0028,0f6aa7d3274f3f6e808fca36c939363728fe77071a1d0fba5cb8b5d3a91a960f,2.9,short,morning,unknown,16000,11,3.793,True
librispeech_0029,librispeech_0029,0f6aa7d3274f3f6e808fca36c939363728fe77071a1d0fba5cb8b5d3a91a960f,2.6,short,afternoon,unknown,16000,8,3.077,True
librispeech_0030,librispeech_0030,0f6aa7d3274f3f6e808fca36c939363728fe77071a1d0fba5cb8b5d3a91a960f,6.3,medium,evening,unknown,16000,26,4.127,True
librispeech_0031,librispeech_0031,0f6aa7d3274f3f6e808fca36c939363728fe77071a1d0fba5cb8b5d3a91a960f,3.61,medium,night,unknown,16000,12,3.324,True
librispeech_0032,librispeech_0032,0f6aa7d3274f3f6e808fca36c939363728fe77071a1d0fba5cb8b5d3a91a960f,10.77,long,morning,unknown,16000,36,3.343,True
librispeech_0033,librispeech_0033,0f6aa7d3274f3f6e808fca36c939363728fe77071a1d0fba5cb8b5d3a91a960f,2.845,short,afternoon,unknown,16000,7,2.46,True
librispeech_0034,librispeech_0034,0f6aa7d3274f3f6e808fca36c939363728fe77071a1d0fba5cb8b5d3a91a960f,4.005,medium,evening,unknown,16000,9,2.247,True
librispeech_0035,librispeech_0035,0f6aa7d3274f3f6e808fca36c939363728fe77071a1d0fba5cb8b5d3a91a960f,4.395,medium,night,unknown,16000,16,3.641,True
librispeech_0036,librispeech_0036,0f6aa7d3274f3f6e808fca36c939363728fe77071a1d0fba5cb8b5d3a91a960f,2.755,short,morning,unknown,16000,10,3.63,True
librispeech_0037,librispeech_0037,0f6aa7d3274f3f6e808fca36c939363728fe77071a1d0fba5cb8b5d3a91a960f,6.54,medium,afternoon,unknown,16000,27,4.128,True
librispeech_0038,librispeech_0038,0f6aa7d3274f3f6e808fca36c939363728fe77071a1d0fba5cb8b5d3a91a960f,4.84,medium,evening,unknown,16000,18,3.719,True
librispeech_0039,librispeech_0039,0f6aa7d3274f3f6e808fca36c939363728fe77071a1d0fba5cb8b5d3a91a960f,5.735,medium,night,unknown,16000,22,3.836,True
librispeech_0040,librispeech_0040,0f6aa7d3274f3f6e808fca36c939363728fe77071a1d0fba5cb8b5d3a91a960f,11.465,long,morning,unknown,16000,36,3.14,True
librispeech_0041,librispeech_0041,0f6aa7d3274f3f6e808fca36c939363728fe77071a1d0fba5cb8b5d3a91a960f,3.385,medium,afternoon,unknown,16000,12,3.545,True
librispeech_0042,librispeech_0042,0f6aa7d3274f3f6e808fca36c939363728fe77071a1d0fba5cb8b5d3a91a960f,7.855,long,evening,unknown,16000,23,2.928,True
librispeech_0043,librispeech_0043,0f6aa7d3274f3f6e808fca36c939363728fe77071a1d0fba5cb8b5d3a91a960f,2.88,short,night,unknown,16000,5,1.736,True
librispeech_0044,librispeech_0044,0f6aa7d3274f3f6e808fca36c939363728fe77071a1d0fba5cb8b5d3a91a960f,3.725,medium,morning,unknown,16000,11,2.953,True
librispeech_0045,librispeech_0045,0f6aa7d3274f3f6e808fca36c939363728fe77071a1d0fba5cb8b5d3a91a960f,3.625,medium,afternoon,unknown,16000,17,4.69,True
librispeech_0046,librispeech_0046,0f6aa7d3274f3f6e808fca36c939363728fe77071a1d0fba5cb8b5d3a91a960f,3.3,medium,evening,unknown,16000,11,3.333,True
librispeech_0047,librispeech_0047,0f6aa7d3274f3f6e808fca36c939363728fe77071a1d0fba5cb8b5d3a91a960f,3.09,medium,night,unknown,16000,12,3.883,True
librispeech_0048,librispeech_0048,0f6aa7d3274f3f6e808fca36c939363728fe77071a1d0fba5cb8b5d3a91a960f,4.415,medium,morning,unknown,16000,15,3.398,True
librispeech_0049,librispeech_0049,0f6aa7d3274f3f6e808fca36c939363728fe77071a1d0fba5cb8b5d3a91a960f,4.62,medium,afternoon,unknown,16000,18,3.896,True
librispeech_0050,librispeech_0050,0f6aa7d3274f3f6e808fca36c939363728fe77071a1d0fba5cb8b5d3a91a960f,3.04,medium,evening,unknown,16000,10,3.289,True
librispeech_0051,librispeech_0051,0f6aa7d3274f3f6e808fca36c939363728fe77071a1d0fba5cb8b5d3a91a960f,6.54,medium,night,unknown,16000,25,3.823,True
librispeech_0052,librispeech_0052,0f6aa7d3274f3f6e808fca36c939363728fe77071a1d0fba5cb8b5d3a91a960f,7.3,long,morning,unknown,16000,23,3.151,True
librispeech_0053,librispeech_0053,0f6aa7d3274f3f6e808fca36c939363728fe77071a1d0fba5cb8b5d3a91a960f,6.745,medium,afternoon,unknown,16000,25,3.706,True
librispeech_0054,librispeech_0054,0f6aa7d3274f3f6e808fca36c939363728fe77071a1d0fba5cb8b5d3a91a960f,4.85,medium,evening,unknown,16000,9,1.856,True
librispeech_0055,librispeech_0055,0f6aa7d3274f3f6e808fca36c939363728fe77071a1d0fba5cb8b5d3a91a960f,4.62,medium,night,unknown,16000,13,2.814,True
librispeech_0056,librispeech_0056,0f6aa7d3274f3f6e808fca36c939363728fe77071a1d0fba5cb8b5d3a91a960f,4.685,medium,morning,unknown,16000,13,2.775,True
librispeech_0057,librispeech_0057,0f6aa7d3274f3f6e808fca36c939363728fe77071a1d0fba5cb8b5d3a91a960f,10.05,long,afternoon,unknown,16000,31,3.085,True
librispeech_0058,librispeech_0058,0f6aa7d3274f3f6e808fca36c939363728fe77071a1d0fba5cb8b5d3a91a960f,3.31,medium,evening,unknown,16000,11,3.323,True
librispeech_0059,librispeech_0059,0f6aa7d3274f3f6e808fca36c939363728fe77071a1d0fba5cb8b5d3a91a960f,2.935,short,night,unknown,16000,10,3.407,True
librispeech_0060,librispeech_0060,0f6aa7d3274f3f6e808fca36c939363728fe77071a1d0fba5cb8b5d3a91a960f,4.285,medium,morning,unknown,16000,17,3.967,True
librispeech_0061,librispeech_0061,0f6aa7d3274f3f6e808fca36c939363728fe77071a1d0fba5cb8b5d3a91a960f,6.815,medium,afternoon,unknown,16000,24,3.522,True
librispeech_0062,librispeech_0062,0f6aa7d3274f3f6e808fca36c939363728fe77071a1d0fba5cb8b5d3a91a960f,3.515,medium,evening,unknown,16000,12,3.414,True
librispeech_0063,librispeech_0063,0f6aa7d3274f3f6e808fca36c939363728fe77071a1d0fba5cb8b5d3a91a960f,3.625,medium,night,unknown,16000,15,4.138,True
librispeech_0064,librispeech_0064,0f6aa7d3274f3f6e808fca36c939363728fe77071a1d0fba5cb8b5d3a91a960f,7.645,long,morning,unknown,16000,32,4.186,True
librispeech_0065,librispeech_0065,0f6aa7d3274f3f6e808fca36c939363728fe77071a1d0fba5cb8b5d3a91a960f,2.55,short,afternoon,unknown,16000,10,3.922,True
librispeech_0066,librispeech_0066,0f6aa7d3274f3f6e808fca36c939363728fe77071a1d0fba5cb8b5d3a91a960f,4.405,medium,evening,unknown,16000,11,2.497,True
librispeech_0067,librispeech_0067,0f6aa7d3274f3f6e808fca36c939363728fe77071a1d0fba5cb8b5d3a91a960f,8.69,long,night,unknown,16000,34,3.913,True
librispeech_0068,librispeech_0068,0f6aa7d3274f3f6e808fca36c939363728fe77071a1d0fba5cb8b5d3a91a960f,5.065,medium,morning,unknown,16000,15,2.962,True
librispeech_0069,librispeech_0069,0f6aa7d3274f3f6e808fca36c939363728fe77071a1d0fba5cb8b5d3a91a960f,12.16,long,afternoon,unknown,16000,35,2.878,True
librispeech_0070,librispeech_0070,0f6aa7d3274f3f6e808fca36c939363728fe77071a1d0fba5cb8b5d3a91a960f,3.45,medium,evening,unknown,16000,6,1.739,True
librispeech_0071,librispeech_0071,0f6aa7d3274f3f6e808fca36c939363728fe77071a1d0fba5cb8b5d3a91a960f,4.42,medium,night,unknown,16000,16,3.62,True
librispeech_0072,librispeech_0072,0f6aa7d3274f3f6e808fca36c939363728fe77071a1d0fba5cb8b5d3a91a960f,3.01,medium,morning,unknown,16000,13,4.319,True
librispeech_0073,librispeech_0073,0f6aa7d3274f3f6e808fca36c939363728fe77071a1d0fba5cb8b5d3a91a960f,15.505,long,afternoon,unknown,16000,51,3.289,True
librispeech_0074,librispeech_0074,0f6aa7d3274f3f6e808fca36c939363728fe77071a1d0fba5cb8b5d3a91a960f,7.04,long,evening,unknown,16000,27,3.835,True
librispeech_0075,librispeech_0075,0f6aa7d3274f3f6e808fca36c939363728fe77071a1d0fba5cb8b5d3a91a960f,5.095,medium,night,unknown,16000,15,2.944,True
librispeech_0076,librispeech_0076,0f6aa7d3274f3f6e808fca36c939363728fe77071a1d0fba5cb8b5d3a91a960f,7.7,long,morning,unknown,16000,25,3.247,True
librispeech_0077,librispeech_0077,0f6aa7d3274f3f6e808fca36c939363728fe77071a1d0fba5cb8b5d3a91a960f,3.215,medium,afternoon,unknown,16000,11,3.421,True
librispeech_0078,librispeech_0078,0f6aa7d3274f3f6e808fca36c939363728fe77071a1d0fba5cb8b5d3a91a960f,6.37,medium,evening,unknown,16000,16,2.512,True
librispeech_0079,librispeech_0079,0f6aa7d3274f3f6e808fca36c939363728fe77071a1d0fba5cb8b5d3a91a960f,2.745,short,night,unknown,16000,8,2.914,True
librispeech_0080,librispeech_0080,0f6aa7d3274f3f6e808fca36c939363728fe77071a1d0fba5cb8b5d3a91a960f,4.4,medium,morning,unknown,16000,15,3.409,True
librispeech_0081,librispeech_0081,0f6aa7d3274f3f6e808fca36c939363728fe77071a1d0fba5cb8b5d3a91a960f,5.385,medium,afternoon,unknown,16000,17,3.157,True
librispeech_0082,librispeech_0082,0f6aa7d3274f3f6e808fca36c939363728fe77071a1d0fba5cb8b5d3a91a960f,3.35,medium,evening,unknown,16000,13,3.881,True
librispeech_0083,librispeech_0083,0f6aa7d3274f3f6e808fca36c939363728fe77071a1d0fba5cb8b5d3a91a960f,7.42,long,night,unknown,16000,18,2.426,True
librispeech_0084,librispeech_0084,0f6aa7d3274f3f6e808fca36c939363728fe77071a1d0fba5cb8b5d3a91a960f,2.465,short,morning,unknown,16000,8,3.245,True
librispeech_0085,librispeech_0085,0f6aa7d3274f3f6e808fca36c939363728fe77071a1d0fba5cb8b5d3a91a960f,5.08,medium,afternoon,unknown,16000,15,2.953,True
librispeech_0086,librispeech_0086,0f6aa7d3274f3f6e808fca36c939363728fe77071a1d0fba5cb8b5d3a91a960f,3.16,medium,evening,unknown,16000,11,3.481,True
librispeech_0087,librispeech_0087,0f6aa7d3274f3f6e808fca36c939363728fe77071a1d0fba5cb8b5d3a91a960f,8.6,long,night,unknown,16000,33,3.837,True
librispeech_0088,librispeech_0088,0f6aa7d3274f3f6e808fca36c939363728fe77071a1d0fba5cb8b5d3a91a960f,4.73,medium,morning,unknown,16000,16,3.383,True
librispeech_0089,librispeech_0089,0f6aa7d3274f3f6e808fca36c939363728fe77071a1d0fba5cb8b5d3a91a960f,5.325,medium,afternoon,unknown,16000,17,3.192,True
librispeech_0090,librispeech_0090,0f6aa7d3274f3f6e808fca36c939363728fe77071a1d0fba5cb8b5d3a91a960f,3.36,medium,evening,unknown,16000,10,2.976,True
librispeech_0091,librispeech_0091,0f6aa7d3274f3f6e808fca36c939363728fe77071a1d0fba5cb8b5d3a91a960f,5.02,medium,night,unknown,16000,16,3.187,True
librispeech_0092,librispeech_0092,0f6aa7d3274f3f6e808fca36c939363728fe77071a1d0fba5cb8b5d3a91a960f,8.45,long,morning,unknown,16000,22,2.604,True
librispeech_0093,librispeech_0093,0f6aa7d3274f3f6e808fca36c939363728fe77071a1d0fba5cb8b5d3a91a960f,7.38,long,afternoon,unknown,16000,25,3.388,True
librispeech_0094,librispeech_0094,0f6aa7d3274f3f6e808fca36c939363728fe77071a1d0fba5cb8b5d3a91a960f,2.985,short,evening,unknown,16000,6,2.01,True
librispeech_0095,librispeech_0095,0f6aa7d3274f3f6e808fca36c939363728fe77071a1d0fba5cb8b5d3a91a960f,9.02,long,night,unknown,16000,33,3.659,True
librispeech_0096,librispeech_0096,0f6aa7d3274f3f6e808fca36c939363728fe77071a1d0fba5cb8b5d3a91a960f,3.925,medium,morning,unknown,16000,10,2.548,True
librispeech_0097,librispeech_0097,0f6aa7d3274f3f6e808fca36c939363728fe77071a1d0fba5cb8b5d3a91a960f,8.84,long,afternoon,unknown,16000,26,2.941,True
librispeech_0098,librispeech_0098,0f6aa7d3274f3f6e808fca36c939363728fe77071a1d0fba5cb8b5d3a91a960f,5.84,medium,evening,unknown,16000,18,3.082,True
librispeech_0099,librispeech_0099,0f6aa7d3274f3f6e808fca36c939363728fe77071a1d0fba5cb8b5d3a91a960f,4.17,medium,night,unknown,16000,13,3.118,True
librispeech_0100,librispeech_0100,6c4eda5dff9a56a65f4c2a12ba138db978851a06e43af334a9c220e8722896d9,6.585,medium,morning,unknown,16000,20,3.037,True
librispeech_0101,librispeech_0101,6c4eda5dff9a56a65f4c2a12ba138db978851a06e43af334a9c220e8722896d9,3.315,medium,afternoon,unknown,16000,11,3.318,True
librispeech_0102,librispeech_0102,6c4eda5dff9a56a65f4c2a12ba138db978851a06e43af334a9c220e8722896d9,4.6,medium,evening,unknown,16000,12,2.609,True
librispeech_0103,librispeech_0103,6c4eda5dff9a56a65f4c2a12ba138db978851a06e43af334a9c220e8722896d9,6.21,medium,night,unknown,16000,18,2.899,True
librispeech_0104,librispeech_0104,6c4eda5dff9a56a65f4c2a12ba138db978851a06e43af334a9c220e8722896d9,3.5,medium,morning,unknown,16000,8,2.286,True
librispeech_0105,librispeech_0105,6c4eda5dff9a56a65f4c2a12ba138db978851a06e43af334a9c220e8722896d9,9.585,long,afternoon,unknown,16000,32,3.339,True
librispeech_0106,librispeech_0106,6c4eda5dff9a56a65f4c2a12ba138db978851a06e43af334a9c220e8722896d9,4.38,medium,evening,unknown,16000,12,2.74,True
librispeech_0107,librispeech_0107,6c4eda5dff9a56a65f4c2a12ba138db978851a06e43af334a9c220e8722896d9,4.255,medium,night,unknown,16000,11,2.585,True
librispeech_0108,librispeech_0108,6c4eda5dff9a56a65f4c2a12ba138db978851a06e43af334a9c220e8722896d9,2.675,short,morning,unknown,16000,8,2.991,True
librispeech_0109,librispeech_0109,6c4eda5dff9a56a65f4c2a12ba138db978851a06e43af334a9c220e8722896d9,4.465,medium,afternoon,unknown,16000,15,3.359,True
librispeech_0110,librispeech_0110,6c4eda5dff9a56a65f4c2a12ba138db978851a06e43af334a9c220e8722896d9,1.56,short,evening,unknown,16000,4,2.564,True
librispeech_0111,librispeech_0111,6c4eda5dff9a56a65f4c2a12ba138db978851a06e43af334a9c220e8722896d9,4.895,medium,night,unknown,16000,16,3.269,True
librispeech_0112,librispeech_0112,6c4eda5dff9a56a65f4c2a12ba138db978851a06e43af334a9c220e8722896d9,7.875,long,morning,unknown,16000,20,2.54,True
librispeech_0113,librispeech_0113,6c4eda5dff9a56a65f4c2a12ba138db978851a06e43af334a9c220e8722896d9,16.67,long,afternoon,unknown,16000,39,2.34,True
librispeech_0114,librispeech_0114,6c4eda5dff9a56a65f4c2a12ba138db978851a06e43af334a9c220e8722896d9,9.34,long,evening,unknown,16000,23,2.463,True
librispeech_0115,librispeech_0115,6c4eda5dff9a56a65f4c2a12ba138db978851a06e43af334a9c220e8722896d9,6.415,medium,night,unknown,16000,17,2.65,True
librispeech_0116,librispeech_0116,6c4eda5dff9a56a65f4c2a12ba138db978851a06e43af334a9c220e8722896d9,7.34,long,morning,unknown,16000,18,2.452,True
librispeech_0117,librispeech_0117,6c4eda5dff9a56a65f4c2a12ba138db978851a06e43af334a9c220e8722896d9,24.03,long,afternoon,unknown,16000,72,2.996,True
librispeech_0118,librispeech_0118,6c4eda5dff9a56a65f4c2a12ba138db978851a06e43af334a9c220e8722896d9,7.71,long,evening,unknown,16000,16,2.075,True
librispeech_0119,librispeech_0119,6c4eda5dff9a56a65f4c2a12ba138db978851a06e43af334a9c220e8722896d9,12.94,long,night,unknown,16000,37,2.859,True
librispeech_0120,librispeech_0120,6c4eda5dff9a56a65f4c2a12ba138db978851a06e43af334a9c220e8722896d9,6.665,medium,morning,unknown,16000,18,2.701,True
librispeech_0121,librispeech_0121,6c4eda5dff9a56a65f4c2a12ba138db978851a06e43af334a9c220e8722896d9,17.32,long,afternoon,unknown,16000,43,2.483,True
librispeech_0122,librispeech_0122,6c4eda5dff9a56a65f4c2a12ba138db978851a06e43af334a9c220e8722896d9,7.6,long,evening,unknown,16000,20,2.632,True
librispeech_0123,librispeech_0123,6c4eda5dff9a56a65f4c2a12ba138db978851a06e43af334a9c220e8722896d9,10.465,long,night,unknown,16000,26,2.484,True
librispeech_0124,librispeech_0124,6c4eda5dff9a56a65f4c2a12ba138db978851a06e43af334a9c220e8722896d9,10.23,long,morning,unknown,16000,29,2.835,True
librispeech_0125,librispeech_0125,6c4eda5dff9a56a65f4c2a12ba138db978851a06e43af334a9c220e8722896d9,20.47,long,afternoon,unknown,16000,63,3.078,True
librispeech_0126,librispeech_0126,6c4eda5dff9a56a65f4c2a12ba138db978851a06e43af334a9c220e8722896d9,7.35,long,evening,unknown,16000,20,2.721,True
librispeech_0127,librispeech_0127,6c4eda5dff9a56a65f4c2a12ba138db978851a06e43af334a9c220e8722896d9,8.51,long,night,unknown,16000,25,2.938,True
librispeech_0128,librispeech_0128,6c4eda5dff9a56a65f4c2a12ba138db978851a06e43af334a9c220e8722896d9,6.59,medium,morning,unknown,16000,13,1.973,True
librispeech_0129,librispeech_0129,6c4eda5dff9a56a65f4c2a12ba138db978851a06e43af334a9c220e8722896d9,7.855,long,afternoon,unknown,16000,17,2.164,True
librispeech_0130,librispeech_0130,6c4eda5dff9a56a65f4c2a12ba138db978851a06e43af334a9c220e8722896d9,6.015,medium,evening,unknown,16000,17,2.826,True
librispeech_0131,librispeech_0131,6c4eda5dff9a56a65f4c2a12ba138db978851a06e43af334a9c220e8722896d9,15.07,long,night,unknown,16000,46,3.052,True
librispeech_0132,librispeech_0132,6c4eda5dff9a56a65f4c2a12ba138db978851a06e43af334a9c220e8722896d9,4.415,medium,morning,unknown,16000,12,2.718,True
librispeech_0133,librispeech_0133,6c4eda5dff9a56a65f4c2a12ba138db978851a06e43af334a9c220e8722896d9,6.995,medium,afternoon,unknown,16000,25,3.574,True
librispeech_0134,librispeech_0134,6c4eda5dff9a56a65f4c2a12ba138db978851a06e43af334a9c220e8722896d9,2.695,short,evening,unknown,16000,7,2.597,True
librispeech_0135,librispeech_0135,6c4eda5dff9a56a65f4c2a12ba138db978851a06e43af334a9c220e8722896d9,5.965,medium,night,unknown,16000,26,4.359,True
librispeech_0136,librispeech_0136,6c4eda5dff9a56a65f4c2a12ba138db978851a06e43af334a9c220e8722896d9,9.42,long,morning,unknown,16000,25,2.654,True
librispeech_0137,librispeech_0137,6c4eda5dff9a56a65f4c2a12ba138db978851a06e43af334a9c220e8722896d9,2.795,short,afternoon,unknown,16000,12,4.293,True
librispeech_0138,librispeech_0138,6c4eda5dff9a56a65f4c2a12ba138db978851a06e43af334a9c220e8722896d9,3.1,medium,evening,unknown,16000,9,2.903,True
librispeech_0139,librispeech_0139,6c4eda5dff9a56a65f4c2a12ba138db978851a06e43af334a9c220e8722896d9,4.25,medium,night,unknown,16000,14,3.294,True
librispeech_0140,librispeech_0140,6c4eda5dff9a56a65f4c2a12ba138db978851a06e43af334a9c220e8722896d9,2.875,short,morning,unknown,16000,8,2.783,True
librispeech_0141,librispeech_0141,6c4eda5dff9a56a65f4c2a12ba138db978851a06e43af334a9c220e8722896d9,2.91,short,afternoon,unknown,16000,10,3.436,True
librispeech_0142,librispeech_0142,6c4eda5dff9a56a65f4c2a12ba138db978851a06e43af334a9c220e8722896d9,5.72,medium,evening,unknown,16000,18,3.147,True
librispeech_0143,librispeech_0143,6c4eda5dff9a56a65f4c2a12ba138db978851a06e43af334a9c220e8722896d9,4.025,medium,night,unknown,16000,11,2.733,True
librispeech_0144,librispeech_0144,6c4eda5dff9a56a65f4c2a12ba138db978851a06e43af334a9c220e8722896d9,4.98,medium,morning,unknown,16000,13,2.61,True
librispeech_0145,librispeech_0145,6c4eda5dff9a56a65f4c2a12ba138db978851a06e43af334a9c220e8722896d9,3.92,medium,afternoon,unknown,16000,13,3.316,True
librispeech_0146,librispeech_0146,6c4eda5dff9a56a65f4c2a12ba138db978851a06e43af334a9c220e8722896d9,2.785,short,evening,unknown,16000,7,2.513,True
librispeech_0147,librispeech_0147,6c4eda5dff9a56a65f4c2a12ba138db978851a06e43af334a9c220e8722896d9,3.265,medium,night,unknown,16000,10,3.063,True
librispeech_0148,librispeech_0148,6c4eda5dff9a56a65f4c2a12ba138db978851a06e43af334a9c220e8722896d9,2.01,short,morning,unknown,16000,5,2.488,True
librispeech_0149,librispeech_0149,6c4eda5dff9a56a65f4c2a12ba138db978851a06e43af334a9c220e8722896d9,5.59,medium,afternoon,unknown,16000,19,3.399,True
librispeech_0150,librispeech_0150,6c4eda5dff9a56a65f4c2a12ba138db978851a06e43af334a9c220e8722896d9,4.77,medium,evening,unknown,16000,12,2.516,True
librispeech_0151,librispeech_0151,6c4eda5dff9a56a65f4c2a12ba138db978851a06e43af334a9c220e8722896d9,3.63,medium,night,unknown,16000,12,3.306,True
librispeech_0152,librispeech_0152,6c4eda5dff9a56a65f4c2a12ba138db978851a06e43af334a9c220e8722896d9,10.895,long,morning,unknown,16000,31,2.845,True
librispeech_0153,librispeech_0153,6c4eda5dff9a56a65f4c2a12ba138db978851a06e43af334a9c220e8722896d9,3.415,medium,afternoon,unknown,16000,7,2.05,True
librispeech_0154,librispeech_0154,6c4eda5dff9a56a65f4c2a12ba138db978851a06e43af334a9c220e8722896d9,4.31,medium,evening,unknown,16000,15,3.48,True
librispeech_0155,librispeech_0155,6c4eda5dff9a56a65f4c2a12ba138db978851a06e43af334a9c220e8722896d9,3.81,medium,night,unknown,16000,8,2.1,True
librispeech_0156,librispeech_0156,6c4eda5dff9a56a65f4c2a12ba138db978851a06e43af334a9c220e8722896d9,5.525,medium,morning,unknown,16000,11,1.991,True
librispeech_0157,librispeech_0157,6c4eda5dff9a56a65f4c2a12ba138db978851a06e43af334a9c220e8722896d9,2.875,short,afternoon,unknown,16000,10,3.478,True
librispeech_0158,librispeech_0158,6c4eda5dff9a56a65f4c2a12ba138db978851a06e43af334a9c220e8722896d9,2.875,short,evening,unknown,16000,3,1.043,True
librispeech_0159,librispeech_0159,6c4eda5dff9a56a65f4c2a12ba138db978851a06e43af334a9c220e8722896d9,2.705,short,night,unknown,16000,3,1.109,True
librispeech_0160,librispeech_0160,6c4eda5dff9a56a65f4c2a12ba138db978851a06e43af334a9c220e8722896d9,3.73,medium,morning,unknown,16000,12,3.217,True
librispeech_0161,librispeech_0161,6c4eda5dff9a56a65f4c2a12ba138db978851a06e43af334a9c220e8722896d9,3.85,medium,afternoon,unknown,16000,15,3.896,True
librispeech_0162,librispeech_0162,6c4eda5dff9a56a65f4c2a12ba138db978851a06e43af334a9c220e8722896d9,3.55,medium,evening,unknown,16000,8,2.254,True
librispeech_0163,librispeech_0163,6c4eda5dff9a56a65f4c2a12ba138db978851a06e43af334a9c220e8722896d9,13.86,long,night,unknown,16000,38,2.742,True
librispeech_0164,librispeech_0164,6c4eda5dff9a56a65f4c2a12ba138db978851a06e43af334a9c220e8722896d9,1.945,short,morning,unknown,16000,7,3.599,True
librispeech_0165,librispeech_0165,6c4eda5dff9a56a65f4c2a12ba138db978851a06e43af334a9c220e8722896d9,2.805,short,afternoon,unknown,16000,7,2.496,True
librispeech_0166,librispeech_0166,6c4eda5dff9a56a65f4c2a12ba138db978851a06e43af334a9c220e8722896d9,5.445,medium,evening,unknown,16000,13,2.388,True
librispeech_0167,librispeech_0167,6c4eda5dff9a56a65f4c2a12ba138db978851a06e43af334a9c220e8722896d9,4.48,medium,night,unknown,16000,15,3.348,True
librispeech_0168,librispeech_0168,6c4eda5dff9a56a65f4c2a12ba138db978851a06e43af334a9c220e8722896d9,4.835,medium,morning,unknown,16000,16,3.309,True
librispeech_0169,librispeech_0169,6c4eda5dff9a56a65f4c2a12ba138db978851a06e43af334a9c220e8722896d9,4.715,medium,afternoon,unknown,16000,14,2.969,True
librispeech_0170,librispeech_0170,6c4eda5dff9a56a65f4c2a12ba138db978851a06e43af334a9c220e8722896d9,5.35,medium,evening,unknown,16000,18,3.364,True
librispeech_0171,librispeech_0171,6c4eda5dff9a56a65f4c2a12ba138db978851a06e43af334a9c220e8722896d9,4.94,medium,night,unknown,16000,14,2.834,True
librispeech_0172,librispeech_0172,6c4eda5dff9a56a65f4c2a12ba138db978851a06e43af334a9c220e8722896d9,9.81,long,morning,unknown,16000,30,3.058,True
librispeech_0173,librispeech_0173,6c4eda5dff9a56a65f4c2a12ba138db978851a06e43af334a9c220e8722896d9,6.97,medium,afternoon,unknown,16000,19,2.726,True
librispeech_0174,librispeech_0174,6c4eda5dff9a56a65f4c2a12ba138db978851a06e43af334a9c220e8722896d9,16.745,long,evening,unknown,16000,51,3.046,True
librispeech_0175,librispeech_0175,6c4eda5dff9a56a65f4c2a12ba138db978851a06e43af334a9c220e8722896d9,8.995,long,night,unknown,16000,25,2.779,True
librispeech_0176,librispeech_0176,6c4eda5dff9a56a65f4c2a12ba138db978851a06e43af334a9c220e8722896d9,15.22,long,morning,unknown,16000,46,3.022,True
librispeech_0177,librispeech_0177,6c4eda5dff9a56a65f4c2a12ba138db978851a06e43af334a9c220e8722896d9,12.095,long,afternoon,unknown,16000,34,2.811,True
librispeech_0178,librispeech_0178,6c4eda5dff9a56a65f4c2a12ba138db978851a06e43af334a9c220e8722896d9,19.78,long,evening,unknown,16000,52,2.629,True
librispeech_0179,librispeech_0179,6c4eda5dff9a56a65f4c2a12ba138db978851a06e43af334a9c220e8722896d9,16.01,long,night,unknown,16000,44,2.748,True
librispeech_0180,librispeech_0180,6c4eda5dff9a56a65f4c2a12ba138db978851a06e43af334a9c220e8722896d9,22.81,long,morning,unknown,16000,64,2.806,True
librispeech_0181,librispeech_0181,6c4eda5dff9a56a65f4c2a12ba138db978851a06e43af334a9c220e8722896d9,7.22,long,afternoon,unknown,16000,23,3.186,True
librispeech_0182,librispeech_0182,6c4eda5dff9a56a65f4c2a12ba138db978851a06e43af334a9c220e8722896d9,9.09,long,evening,unknown,16000,26,2.86,True
librispeech_0183,librispeech_0183,6c4eda5dff9a56a65f4c2a12ba138db978851a06e43af334a9c220e8722896d9,10.35,long,night,unknown,16000,32,3.092,True
librispeech_0184,librispeech_0184,6c4eda5dff9a56a65f4c2a12ba138db978851a06e43af334a9c220e8722896d9,5.24,medium,morning,unknown,16000,12,2.29,True
librispeech_0185,librispeech_0185,6c4eda5dff9a56a65f4c2a12ba138db978851a06e43af334a9c220e8722896d9,8.89,long,afternoon,unknown,16000,25,2.812,True
librispeech_0186,librispeech_0186,6c4eda5dff9a56a65f4c2a12ba138db978851a06e43af334a9c220e8722896d9,10.6,long,evening,unknown,16000,27,2.547,True
librispeech_0187,librispeech_0187,6c4eda5dff9a56a65f4c2a12ba138db978851a06e43af334a9c220e8722896d9,13.95,long,night,unknown,16000,41,2.939,True
librispeech_0188,librispeech_0188,6c4eda5dff9a56a65f4c2a12ba138db978851a06e43af334a9c220e8722896d9,19.43,long,morning,unknown,16000,52,2.676,True
librispeech_0189,librispeech_0189,6c4eda5dff9a56a65f4c2a12ba138db978851a06e43af334a9c220e8722896d9,14.995,long,afternoon,unknown,16000,48,3.201,True
librispeech_0190,librispeech_0190,6c4eda5dff9a56a65f4c2a12ba138db978851a06e43af334a9c220e8722896d9,17.57,long,evening,unknown,16000,55,3.13,True
librispeech_0191,librispeech_0191,6c4eda5dff9a56a65f4c2a12ba138db978851a06e43af334a9c220e8722896d9,9.58,long,night,unknown,16000,33,3.445,True
librispeech_0192,librispeech_0192,6c4eda5dff9a56a65f4c2a12ba138db978851a06e43af334a9c220e8722896d9,8.19,long,morning,unknown,16000,23,2.808,True
librispeech_0193,librispeech_0193,6c4eda5dff9a56a65f4c2a12ba138db978851a06e43af334a9c220e8722896d9,7.52,long,afternoon,unknown,16000,25,3.324,True
librispeech_0194,librispeech_0194,6c4eda5dff9a56a65f4c2a12ba138db978851a06e43af334a9c220e8722896d9,8.7,long,evening,unknown,16000,25,2.874,True
librispeech_0195,librispeech_0195,6c4eda5dff9a56a65f4c2a12ba138db978851a06e43af334a9c220e8722896d9,6.83,medium,night,unknown,16000,20,2.928,True
librispeech_0196,librispeech_0196,6c4eda5dff9a56a65f4c2a12ba138db978851a06e43af334a9c220e8722896d9,13.18,long,morning,unknown,16000,42,3.187,True
librispeech_0197,librispeech_0197,6c4eda5dff9a56a65f4c2a12ba138db978851a06e43af334a9c220e8722896d9,2.93,short,afternoon,unknown,16000,9,3.072,True
librispeech_0198,librispeech_0198,6c4eda5dff9a56a65f4c2a12ba138db978851a06e43af334a9c220e8722896d9,3.335,medium,evening,unknown,16000,12,3.598,True
librispeech_0199,librispeech_0199,6c4eda5dff9a56a65f4c2a12ba138db978851a06e43af334a9c220e8722896d9,9.265,long,night,unknown,16000,29,3.13,True
librispeech_0200,librispeech_0200,8d7e97064d1799eb6ca5bccdf2bc5fa8177c68b9a5b7b9ceac7c036a78474976,7.365,long,morning,unknown,16000,20,2.716,True
librispeech_0201,librispeech_0201,8d7e97064d1799eb6ca5bccdf2bc5fa8177c68b9a5b7b9ceac7c036a78474976,3.805,medium,afternoon,unknown,16000,11,2.891,True
librispeech_0202,librispeech_0202,8d7e97064d1799eb6ca5bccdf2bc5fa8177c68b9a5b7b9ceac7c036a78474976,10.255,long,evening,unknown,16000,33,3.218,True
librispeech_0203,librispeech_0203,8d7e97064d1799eb6ca5bccdf2bc5fa8177c68b9a5b7b9ceac7c036a78474976,4.81,medium,night,unknown,16000,11,2.287,True
librispeech_0204,librispeech_0204,8d7e97064d1799eb6ca5bccdf2bc5fa8177c68b9a5b7b9ceac7c036a78474976,4.245,medium,morning,unknown,16000,9,2.12,True
librispeech_0205,librispeech_0205,8d7e97064d1799eb6ca5bccdf2bc5fa8177c68b9a5b7b9ceac7c036a78474976,2.855,short,afternoon,unknown,16000,9,3.152,True
librispeech_0206,librispeech_0206,8d7e97064d1799eb6ca5bccdf2bc5fa8177c68b9a5b7b9ceac7c036a78474976,5.58,medium,evening,unknown,16000,18,3.226,True
librispeech_0207,librispeech_0207,8d7e97064d1799eb6ca5bccdf2bc5fa8177c68b9a5b7b9ceac7c036a78474976,8.1,long,night,unknown,16000,26,3.21,True
librispeech_0208,librispeech_0208,8d7e97064d1799eb6ca5bccdf2bc5fa8177c68b9a5b7b9ceac7c036a78474976,8.58,long,morning,unknown,16000,18,2.098,True
librispeech_0209,librispeech_0209,8d7e97064d1799eb6ca5bccdf2bc5fa8177c68b9a5b7b9ceac7c036a78474976,3.76,medium,afternoon,unknown,16000,13,3.457,True
librispeech_0210,librispeech_0210,8d7e97064d1799eb6ca5bccdf2bc5fa8177c68b9a5b7b9ceac7c036a78474976,7.435,long,evening,unknown,16000,24,3.228,True
librispeech_0211,librispeech_0211,8d7e97064d1799eb6ca5bccdf2bc5fa8177c68b9a5b7b9ceac7c036a78474976,5.91,medium,night,unknown,16000,22,3.723,True
librispeech_0212,librispeech_0212,8d7e97064d1799eb6ca5bccdf2bc5fa8177c68b9a5b7b9ceac7c036a78474976,10.55,long,morning,unknown,16000,30,2.844,True
librispeech_0213,librispeech_0213,8d7e97064d1799eb6ca5bccdf2bc5fa8177c68b9a5b7b9ceac7c036a78474976,6.32,medium,afternoon,unknown,16000,20,3.165,True
librispeech_0214,librispeech_0214,8d7e97064d1799eb6ca5bccdf2bc5fa8177c68b9a5b7b9ceac7c036a78474976,4.835,medium,evening,unknown,16000,18,3.723,True
librispeech_0215,librispeech_0215,8d7e97064d1799eb6ca5bccdf2bc5fa8177c68b9a5b7b9ceac7c036a78474976,4.35,medium,night,unknown,16000,11,2.529,True
librispeech_0216,librispeech_0216,8d7e97064d1799eb6ca5bccdf2bc5fa8177c68b9a5b7b9ceac7c036a78474976,2.48,short,morning,unknown,16000,6,2.419,True
librispeech_0217,librispeech_0217,8d7e97064d1799eb6ca5bccdf2bc5fa8177c68b9a5b7b9ceac7c036a78474976,6.7,medium,afternoon,unknown,16000,16,2.388,True
librispeech_0218,librispeech_0218,8d7e97064d1799eb6ca5bccdf2bc5fa8177c68b9a5b7b9ceac7c036a78474976,14.805,long,evening,unknown,16000,45,3.04,True
librispeech_0219,librispeech_0219,8d7e97064d1799eb6ca5bccdf2bc5fa8177c68b9a5b7b9ceac7c036a78474976,2.84,short,night,unknown,16000,12,4.225,True
librispeech_0220,librispeech_0220,8d7e97064d1799eb6ca5bccdf2bc5fa8177c68b9a5b7b9ceac7c036a78474976,2.77,short,morning,unknown,16000,7,2.527,True
librispeech_0221,librispeech_0221,8d7e97064d1799eb6ca5bccdf2bc5fa8177c68b9a5b7b9ceac7c036a78474976,3.95,medium,afternoon,unknown,16000,10,2.532,True
librispeech_0222,librispeech_0222,8d7e97064d1799eb6ca5bccdf2bc5fa8177c68b9a5b7b9ceac7c036a78474976,4.545,medium,evening,unknown,16000,12,2.64,True
librispeech_0223,librispeech_0223,8d7e97064d1799eb6ca5bccdf2bc5fa8177c68b9a5b7b9ceac7c036a78474976,3.415,medium,night,unknown,16000,12,3.514,True
librispeech_0224,librispeech_0224,8d7e97064d1799eb6ca5bccdf2bc5fa8177c68b9a5b7b9ceac7c036a78474976,3.92,medium,morning,unknown,16000,11,2.806,True
librispeech_0225,librispeech_0225,8d7e97064d1799eb6ca5bccdf2bc5fa8177c68b9a5b7b9ceac7c036a78474976,11.31,long,afternoon,unknown,16000,30,2.653,True
librispeech_0226,librispeech_0226,8d7e97064d1799eb6ca5bccdf2bc5fa8177c68b9a5b7b9ceac7c036a78474976,11.605,long,evening,unknown,16000,36,3.102,True
librispeech_0227,librispeech_0227,8d7e97064d1799eb6ca5bccdf2bc5fa8177c68b9a5b7b9ceac7c036a78474976,3.55,medium,night,unknown,16000,10,2.817,True
librispeech_0228,librispeech_0228,8d7e97064d1799eb6ca5bccdf2bc5fa8177c68b9a5b7b9ceac7c036a78474976,7.35,long,morning,unknown,16000,23,3.129,True
librispeech_0229,librispeech_0229,8d7e97064d1799eb6ca5bccdf2bc5fa8177c68b9a5b7b9ceac7c036a78474976,7.845,long,afternoon,unknown,16000,28,3.569,True
librispeech_0230,librispeech_0230,8d7e97064d1799eb6ca5bccdf2bc5fa8177c68b9a5b7b9ceac7c036a78474976,9.23,long,evening,unknown,16000,25,2.709,True
librispeech_0231,librispeech_0231,8d7e97064d1799eb6ca5bccdf2bc5fa8177c68b9a5b7b9ceac7c036a78474976,4.735,medium,night,unknown,16000,10,2.112,True
librispeech_0232,librispeech_0232,8d7e97064d1799eb6ca5bccdf2bc5fa8177c68b9a5b7b9ceac7c036a78474976,5.21,medium,morning,unknown,16000,13,2.495,True
librispeech_0233,librispeech_0233,8d7e97064d1799eb6ca5bccdf2bc5fa8177c68b9a5b7b9ceac7c036a78474976,10.62,long,afternoon,unknown,16000,31,2.919,True
librispeech_0234,librispeech_0234,8d7e97064d1799eb6ca5bccdf2bc5fa8177c68b9a5b7b9ceac7c036a78474976,2.74,short,evening,unknown,16000,9,3.285,True
librispeech_0235,librispeech_0235,8d7e97064d1799eb6ca5bccdf2bc5fa8177c68b9a5b7b9ceac7c036a78474976,5.295,medium,night,unknown,16000,18,3.399,True
librispeech_0236,librispeech_0236,8d7e97064d1799eb6ca5bccdf2bc5fa8177c68b9a5b7b9ceac7c036a78474976,4.81,medium,morning,unknown,16000,14,2.911,True
librispeech_0237,librispeech_0237,8d7e97064d1799eb6ca5bccdf2bc5fa8177c68b9a5b7b9ceac7c036a78474976,6.61,medium,afternoon,unknown,16000,18,2.723,True
librispeech_0238,librispeech_0238,8d7e97064d1799eb6ca5bccdf2bc5fa8177c68b9a5b7b9ceac7c036a78474976,5.47,medium,evening,unknown,16000,18,3.291,True
librispeech_0239,librispeech_0239,8d7e97064d1799eb6ca5bccdf2bc5fa8177c68b9a5b7b9ceac7c036a78474976,8.295,long,night,unknown,16000,26,3.134,True
librispeech_0240,librispeech_0240,8d7e97064d1799eb6ca5bccdf2bc5fa8177c68b9a5b7b9ceac7c036a78474976,6.555,medium,morning,unknown,16000,19,2.899,True
librispeech_0241,librispeech_0241,8d7e97064d1799eb6ca5bccdf2bc5fa8177c68b9a5b7b9ceac7c036a78474976,5.21,medium,afternoon,unknown,16000,16,3.071,True
librispeech_0242,librispeech_0242,8d7e97064d1799eb6ca5bccdf2bc5fa8177c68b9a5b7b9ceac7c036a78474976,5.35,medium,evening,unknown,16000,18,3.364,True
librispeech_0243,librispeech_0243,8d7e97064d1799eb6ca5bccdf2bc5fa8177c68b9a5b7b9ceac7c036a78474976,4.18,medium,night,unknown,16000,12,2.871,True
librispeech_0244,librispeech_0244,8d7e97064d1799eb6ca5bccdf2bc5fa8177c68b9a5b7b9ceac7c036a78474976,2.685,short,morning,unknown,16000,8,2.98,True
librispeech_0245,librispeech_0245,8d7e97064d1799eb6ca5bccdf2bc5fa8177c68b9a5b7b9ceac7c036a78474976,8.075,long,afternoon,unknown,16000,26,3.22,True
librispeech_0246,librispeech_0246,8d7e97064d1799eb6ca5bccdf2bc5fa8177c68b9a5b7b9ceac7c036a78474976,2.745,short,evening,unknown,16000,9,3.279,True
librispeech_0247,librispeech_0247,8d7e97064d1799eb6ca5bccdf2bc5fa8177c68b9a5b7b9ceac7c036a78474976,2.54,short,night,unknown,16000,8,3.15,True
librispeech_0248,librispeech_0248,8d7e97064d1799eb6ca5bccdf2bc5fa8177c68b9a5b7b9ceac7c036a78474976,3.365,medium,morning,unknown,16000,10,2.972,True
librispeech_0249,librispeech_0249,8d7e97064d1799eb6ca5bccdf2bc5fa8177c68b9a5b7b9ceac7c036a78474976,4.02,medium,afternoon,unknown,16000,13,3.234,True
librispeech_0250,librispeech_0250,8d7e97064d1799eb6ca5bccdf2bc5fa8177c68b9a5b7b9ceac7c036a78474976,3.44,medium,evening,unknown,16000,10,2.907,True
librispeech_0251,librispeech_0251,8d7e97064d1799eb6ca5bccdf2bc5fa8177c68b9a5b7b9ceac7c036a78474976,3.15,medium,night,unknown,16000,10,3.175,True
librispeech_0252,librispeech_0252,8d7e97064d1799eb6ca5bccdf2bc5fa8177c68b9a5b7b9ceac7c036a78474976,2.59,short,morning,unknown,16000,7,2.703,True
librispeech_0253,librispeech_0253,8d7e97064d1799eb6ca5bccdf2bc5fa8177c68b9a5b7b9ceac7c036a78474976,9.16,long,afternoon,unknown,16000,28,3.057,True
librispeech_0254,librispeech_0254,8d7e97064d1799eb6ca5bccdf2bc5fa8177c68b9a5b7b9ceac7c036a78474976,2.8,short,evening,unknown,16000,7,2.5,True
librispeech_0255,librispeech_0255,8d7e97064d1799eb6ca5bccdf2bc5fa8177c68b9a5b7b9ceac7c036a78474976,3.045,medium,night,unknown,16000,5,1.642,True
librispeech_0256,librispeech_0256,8d7e97064d1799eb6ca5bccdf2bc5fa8177c68b9a5b7b9ceac7c036a78474976,9.175,long,morning,unknown,16000,22,2.398,True
librispeech_0257,librispeech_0257,8d7e97064d1799eb6ca5bccdf2bc5fa8177c68b9a5b7b9ceac7c036a78474976,6.015,medium,afternoon,unknown,16000,15,2.494,True
librispeech_0258,librispeech_0258,8d7e97064d1799eb6ca5bccdf2bc5fa8177c68b9a5b7b9ceac7c036a78474976,5.56,medium,evening,unknown,16000,17,3.058,True
librispeech_0259,librispeech_0259,8d7e97064d1799eb6ca5bccdf2bc5fa8177c68b9a5b7b9ceac7c036a78474976,9.4,long,night,unknown,16000,27,2.872,True
librispeech_0260,librispeech_0260,8d7e97064d1799eb6ca5bccdf2bc5fa8177c68b9a5b7b9ceac7c036a78474976,6.48,medium,morning,unknown,16000,18,2.778,True
librispeech_0261,librispeech_0261,8d7e97064d1799eb6ca5bccdf2bc5fa8177c68b9a5b7b9ceac7c036a78474976,7.19,long,afternoon,unknown,16000,22,3.06,True
librispeech_0262,librispeech_0262,8d7e97064d1799eb6ca5bccdf2bc5fa8177c68b9a5b7b9ceac7c036a78474976,4.045,medium,evening,unknown,16000,14,3.461,True
librispeech_0263,librispeech_0263,8d7e97064d1799eb6ca5bccdf2bc5fa8177c68b9a5b7b9ceac7c036a78474976,4.525,medium,night,unknown,16000,11,2.431,True
librispeech_0264,librispeech_0264,8d7e97064d1799eb6ca5bccdf2bc5fa8177c68b9a5b7b9ceac7c036a78474976,6.425,medium,morning,unknown,16000,18,2.802,True
librispeech_0265,librispeech_0265,8d7e97064d1799eb6ca5bccdf2bc5fa8177c68b9a5b7b9ceac7c036a78474976,5.155,medium,afternoon,unknown,16000,14,2.716,True
librispeech_0266,librispeech_0266,8d7e97064d1799eb6ca5bccdf2bc5fa8177c68b9a5b7b9ceac7c036a78474976,10.025,long,evening,unknown,16000,28,2.793,True
librispeech_0267,librispeech_0267,8d7e97064d1799eb6ca5bccdf2bc5fa8177c68b9a5b7b9ceac7c036a78474976,7.49,long,night,unknown,16000,17,2.27,True
librispeech_0268,librispeech_0268,8d7e97064d1799eb6ca5bccdf2bc5fa8177c68b9a5b7b9ceac7c036a78474976,7.355,long,morning,unknown,16000,19,2.583,True
librispeech_0269,librispeech_0269,8d7e97064d1799eb6ca5bccdf2bc5fa8177c68b9a5b7b9ceac7c036a78474976,10.205,long,afternoon,unknown,16000,31,3.038,True
librispeech_0270,librispeech_0270,8d7e97064d1799eb6ca5bccdf2bc5fa8177c68b9a5b7b9ceac7c036a78474976,1.935,short,evening,unknown,16000,6,3.101,True
librispeech_0271,librispeech_0271,8d7e97064d1799eb6ca5bccdf2bc5fa8177c68b9a5b7b9ceac7c036a78474976,4.29,medium,night,unknown,16000,12,2.797,True
librispeech_0272,librispeech_0272,8d7e97064d1799eb6ca5bccdf2bc5fa8177c68b9a5b7b9ceac7c036a78474976,5.225,medium,morning,unknown,16000,12,2.297,True
librispeech_0273,librispeech_0273,8d7e97064d1799eb6ca5bccdf2bc5fa8177c68b9a5b7b9ceac7c036a78474976,2.09,short,afternoon,unknown,16000,6,2.871,True
librispeech_0274,librispeech_0274,8d7e97064d1799eb6ca5bccdf2bc5fa8177c68b9a5b7b9ceac7c036a78474976,4.655,medium,evening,unknown,16000,12,2.578,True
librispeech_0275,librispeech_0275,8d7e97064d1799eb6ca5bccdf2bc5fa8177c68b9a5b7b9ceac7c036a78474976,5.38,medium,night,unknown,16000,13,2.416,True
librispeech_0276,librispeech_0276,8d7e97064d1799eb6ca5bccdf2bc5fa8177c68b9a5b7b9ceac7c036a78474976,4.78,medium,morning,unknown,16000,12,2.51,True
librispeech_0277,librispeech_0277,8d7e97064d1799eb6ca5bccdf2bc5fa8177c68b9a5b7b9ceac7c036a78474976,6.135,medium,afternoon,unknown,16000,16,2.608,True
librispeech_0278,librispeech_0278,8d7e97064d1799eb6ca5bccdf2bc5fa8177c68b9a5b7b9ceac7c036a78474976,5.235,medium,evening,unknown,16000,15,2.865,True
librispeech_0279,librispeech_0279,8d7e97064d1799eb6ca5bccdf2bc5fa8177c68b9a5b7b9ceac7c036a78474976,3.55,medium,night,unknown,16000,6,1.69,True
librispeech_0280,librispeech_0280,8d7e97064d1799eb6ca5bccdf2bc5fa8177c68b9a5b7b9ceac7c036a78474976,6.675,medium,morning,unknown,16000,18,2.697,True
librispeech_0281,librispeech_0281,8d7e97064d1799eb6ca5bccdf2bc5fa8177c68b9a5b7b9ceac7c036a78474976,3.87,medium,afternoon,unknown,16000,11,2.842,True
librispeech_0282,librispeech_0282,8d7e97064d1799eb6ca5bccdf2bc5fa8177c68b9a5b7b9ceac7c036a78474976,11.79,long,evening,unknown,16000,34,2.884,True
librispeech_0283,librispeech_0283,8d7e97064d1799eb6ca5bccdf2bc5fa8177c68b9a5b7b9ceac7c036a78474976,15.22,long,night,unknown,16000,49,3.219,True
librispeech_0284,librispeech_0284,8d7e97064d1799eb6ca5bccdf2bc5fa8177c68b9a5b7b9ceac7c036a78474976,4.72,medium,morning,unknown,16000,16,3.39,True
librispeech_0285,librispeech_0285,8d7e97064d1799eb6ca5bccdf2bc5fa8177c68b9a5b7b9ceac7c036a78474976,7.12,long,afternoon,unknown,16000,21,2.949,True
librispeech_0286,librispeech_0286,8d7e97064d1799eb6ca5bccdf2bc5fa8177c68b9a5b7b9ceac7c036a78474976,6.1,medium,evening,unknown,16000,18,2.951,True
librispeech_0287,librispeech_0287,8d7e97064d1799eb6ca5bccdf2bc5fa8177c68b9a5b7b9ceac7c036a78474976,7.26,long,night,unknown,16000,24,3.306,True
librispeech_0288,librispeech_0288,8d7e97064d1799eb6ca5bccdf2bc5fa8177c68b9a5b7b9ceac7c036a78474976,7.795,long,morning,unknown,16000,24,3.079,True
librispeech_0289,librispeech_0289,8d7e97064d1799eb6ca5bccdf2bc5fa8177c68b9a5b7b9ceac7c036a78474976,7.815,long,afternoon,unknown,16000,26,3.327,True
librispeech_0290,librispeech_0290,8d7e97064d1799eb6ca5bccdf2bc5fa8177c68b9a5b7b9ceac7c036a78474976,6.705,medium,evening,unknown,16000,20,2.983,True
librispeech_0291,librispeech_0291,8d7e97064d1799eb6ca5bccdf2bc5fa8177c68b9a5b7b9ceac7c036a78474976,8.555,long,night,unknown,16000,29,3.39,True
librispeech_0292,librispeech_0292,8d7e97064d1799eb6ca5bccdf2bc5fa8177c68b9a5b7b9ceac7c036a78474976,6.725,medium,morning,unknown,16000,24,3.569,True
librispeech_0293,librispeech_0293,8d7e97064d1799eb6ca5bccdf2bc5fa8177c68b9a5b7b9ceac7c036a78474976,10.86,long,afternoon,unknown,16000,31,2.855,True
librispeech_0294,librispeech_0294,8d7e97064d1799eb6ca5bccdf2bc5fa8177c68b9a5b7b9ceac7c036a78474976,8.82,long,evening,unknown,16000,29,3.288,True
librispeech_0295,librispeech_0295,8d7e97064d1799eb6ca5bccdf2bc5fa8177c68b9a5b7b9ceac7c036a78474976,16.28,long,night,unknown,16000,55,3.378,True
librispeech_0296,librispeech_0296,8d7e97064d1799eb6ca5bccdf2bc5fa8177c68b9a5b7b9ceac7c036a78474976,9.32,long,morning,unknown,16000,31,3.326,True
librispeech_0297,librispeech_0297,8d7e97064d1799eb6ca5bccdf2bc5fa8177c68b9a5b7b9ceac7c036a78474976,6.295,medium,afternoon,unknown,16000,19,3.018,True
librispeech_0298,librispeech_0298,8d7e97064d1799eb6ca5bccdf2bc5fa8177c68b9a5b7b9ceac7c036a78474976,7.75,long,evening,unknown,16000,23,2.968,True
librispeech_0299,librispeech_0299,8d7e97064d1799eb6ca5bccdf2bc5fa8177c68b9a5b7b9ceac7c036a78474976,3.135,medium,night,unknown,16000,8,2.552,True
librispeech_0300,librispeech_0300,29d5c72583e552deace120e15dd95a34f0ee4fc533451f131b4b3fe84c8951a4,13.26,long,morning,unknown,16000,46,3.469,True
librispeech_0301,librispeech_0301,29d5c72583e552deace120e15dd95a34f0ee4fc533451f131b4b3fe84c8951a4,2.46,short,afternoon,unknown,16000,7,2.846,True
librispeech_0302,librispeech_0302,29d5c72583e552deace120e15dd95a34f0ee4fc533451f131b4b3fe84c8951a4,2.825,short,evening,unknown,16000,11,3.894,True
librispeech_0303,librispeech_0303,29d5c72583e552deace120e15dd95a34f0ee4fc533451f131b4b3fe84c8951a4,8.535,long,night,unknown,16000,27,3.163,True
librispeech_0304,librispeech_0304,29d5c72583e552deace120e15dd95a34f0ee4fc533451f131b4b3fe84c8951a4,5.035,medium,morning,unknown,16000,16,3.178,True
librispeech_0305,librispeech_0305,29d5c72583e552deace120e15dd95a34f0ee4fc533451f131b4b3fe84c8951a4,14.95,long,afternoon,unknown,16000,39,2.609,True
librispeech_0306,librispeech_0306,29d5c72583e552deace120e15dd95a34f0ee4fc533451f131b4b3fe84c8951a4,14.21,long,evening,unknown,16000,35,2.463,True
librispeech_0307,librispeech_0307,29d5c72583e552deace120e15dd95a34f0ee4fc533451f131b4b3fe84c8951a4,4.395,medium,night,unknown,16000,12,2.73,True
librispeech_0308,librispeech_0308,29d5c72583e552deace120e15dd95a34f0ee4fc533451f131b4b3fe84c8951a4,2.495,short,morning,unknown,16000,5,2.004,True
librispeech_0309,librispeech_0309,29d5c72583e552deace120e15dd95a34f0ee4fc533451f131b4b3fe84c8951a4,9.025,long,afternoon,unknown,16000,22,2.438,True
librispeech_0310,librispeech_0310,29d5c72583e552deace120e15dd95a34f0ee4fc533451f131b4b3fe84c8951a4,3.47,medium,evening,unknown,16000,6,1.729,True
librispeech_0311,librispeech_0311,29d5c72583e552deace120e15dd95a34f0ee4fc533451f131b4b3fe84c8951a4,5.38,medium,night,unknown,16000,13,2.416,True
librispeech_0312,librispeech_0312,29d5c72583e552deace120e15dd95a34f0ee4fc533451f131b4b3fe84c8951a4,5.865,medium,morning,unknown,16000,16,2.728,True
librispeech_0313,librispeech_0313,29d5c72583e552deace120e15dd95a34f0ee4fc533451f131b4b3fe84c8951a4,14.92,long,afternoon,unknown,16000,36,2.413,True
librispeech_0314,librispeech_0314,29d5c72583e552deace120e15dd95a34f0ee4fc533451f131b4b3fe84c8951a4,5.16,medium,evening,unknown,16000,13,2.519,True
librispeech_0315,librispeech_0315,29d5c72583e552deace120e15dd95a34f0ee4fc533451f131b4b3fe84c8951a4,3.855,medium,night,unknown,16000,10,2.594,True
librispeech_0316,librispeech_0316,29d5c72583e552deace120e15dd95a34f0ee4fc533451f131b4b3fe84c8951a4,5.23,medium,morning,unknown,16000,17,3.25,True
librispeech_0317,librispeech_0317,29d5c72583e552deace120e15dd95a34f0ee4fc533451f131b4b3fe84c8951a4,4.57,medium,afternoon,unknown,16000,15,3.282,True
librispeech_0318,librispeech_0318,29d5c72583e552deace120e15dd95a34f0ee4fc533451f131b4b3fe84c8951a4,2.89,short,evening,unknown,16000,9,3.114,True
librispeech_0319,librispeech_0319,29d5c72583e552deace120e15dd95a34f0ee4fc533451f131b4b3fe84c8951a4,2.185,short,night,unknown,16000,5,2.288,True
librispeech_0320,librispeech_0320,29d5c72583e552deace120e15dd95a34f0ee4fc533451f131b4b3fe84c8951a4,4.175,medium,morning,unknown,16000,11,2.635,True
librispeech_0321,librispeech_0321,29d5c72583e552deace120e15dd95a34f0ee4fc533451f131b4b3fe84c8951a4,3.17,medium,afternoon,unknown,16000,13,4.101,True
librispeech_0322,librispeech_0322,29d5c72583e552deace120e15dd95a34f0ee4fc533451f131b4b3fe84c8951a4,6.3,medium,evening,unknown,16000,23,3.651,True
librispeech_0323,librispeech_0323,29d5c72583e552deace120e15dd95a34f0ee4fc533451f131b4b3fe84c8951a4,3.535,medium,night,unknown,16000,11,3.112,True
librispeech_0324,librispeech_0324,29d5c72583e552deace120e15dd95a34f0ee4fc533451f131b4b3fe84c8951a4,6.135,medium,morning,unknown,16000,20,3.26,True
librispeech_0325,librispeech_0325,29d5c72583e552deace120e15dd95a34f0ee4fc533451f131b4b3fe84c8951a4,6.78,medium,afternoon,unknown,16000,22,3.245,True
librispeech_0326,librispeech_0326,29d5c72583e552deace120e15dd95a34f0ee4fc533451f131b4b3fe84c8951a4,4.935,medium,evening,unknown,16000,14,2.837,True
librispeech_0327,librispeech_0327,29d5c72583e552deace120e15dd95a34f0ee4fc533451f131b4b3fe84c8951a4,7.54,long,night,unknown,16000,17,2.255,True
librispeech_0328,librispeech_0328,29d5c72583e552deace120e15dd95a34f0ee4fc533451f131b4b3fe84c8951a4,4.14,medium,morning,unknown,16000,12,2.899,True
librispeech_0329,librispeech_0329,29d5c72583e552deace120e15dd95a34f0ee4fc533451f131b4b3fe84c8951a4,3.085,medium,afternoon,unknown,16000,10,3.241,True
librispeech_0330,librispeech_0330,29d5c72583e552deace120e15dd95a34f0ee4fc533451f131b4b3fe84c8951a4,2.41,short,evening,unknown,16000,6,2.49,True
librispeech_0331,librispeech_0331,29d5c72583e552deace120e15dd95a34f0ee4fc533451f131b4b3fe84c8951a4,6.915,medium,night,unknown,16000,26,3.76,True
librispeech_0332,librispeech_0332,29d5c72583e552deace120e15dd95a34f0ee4fc533451f131b4b3fe84c8951a4,7.73,long,morning,unknown,16000,26,3.364,True
librispeech_0333,librispeech_0333,29d5c72583e552deace120e15dd95a34f0ee4fc533451f131b4b3fe84c8951a4,5.88,medium,afternoon,unknown,16000,18,3.061,True
librispeech_0334,librispeech_0334,29d5c72583e552deace120e15dd95a34f0ee4fc533451f131b4b3fe84c8951a4,5.65,medium,evening,unknown,16000,16,2.832,True
librispeech_0335,librispeech_0335,29d5c72583e552deace120e15dd95a34f0ee4fc533451f131b4b3fe84c8951a4,16.825,long,night,unknown,16000,51,3.031,True
librispeech_0336,librispeech_0336,29d5c72583e552deace120e15dd95a34f0ee4fc533451f131b4b3fe84c8951a4,11.02,long,morning,unknown,16000,40,3.63,True
librispeech_0337,librispeech_0337,29d5c72583e552deace120e15dd95a34f0ee4fc533451f131b4b3fe84c8951a4,4.45,medium,afternoon,unknown,16000,12,2.697,True
librispeech_0338,librispeech_0338,29d5c72583e552deace120e15dd95a34f0ee4fc533451f131b4b3fe84c8951a4,5.58,medium,evening,unknown,16000,14,2.509,True
librispeech_0339,librispeech_0339,29d5c72583e552deace120e15dd95a34f0ee4fc533451f131b4b3fe84c8951a4,13.7,long,night,unknown,16000,44,3.212,True
librispeech_0340,librispeech_0340,29d5c72583e552deace120e15dd95a34f0ee4fc533451f131b4b3fe84c8951a4,16.35,long,morning,unknown,16000,54,3.303,True
librispeech_0341,librispeech_0341,29d5c72583e552deace120e15dd95a34f0ee4fc533451f131b4b3fe84c8951a4,22.865,long,afternoon,unknown,16000,64,2.799,True
librispeech_0342,librispeech_0342,29d5c72583e552deace120e15dd95a34f0ee4fc533451f131b4b3fe84c8951a4,7.44,long,evening,unknown,16000,19,2.554,True
librispeech_0343,librispeech_0343,29d5c72583e552deace120e15dd95a34f0ee4fc533451f131b4b3fe84c8951a4,6.815,medium,night,unknown,16000,17,2.494,True
librispeech_0344,librispeech_0344,29d5c72583e552deace120e15dd95a34f0ee4fc533451f131b4b3fe84c8951a4,7.4,long,morning,unknown,16000,27,3.649,True
librispeech_0345,librispeech_0345,29d5c72583e552deace120e15dd95a34f0ee4fc533451f131b4b3fe84c8951a4,8.685,long,afternoon,unknown,16000,24,2.763,True
librispeech_0346,librispeech_0346,29d5c72583e552deace120e15dd95a34f0ee4fc533451f131b4b3fe84c8951a4,9.55,long,evening,unknown,16000,25,2.618,True
librispeech_0347,librispeech_0347,29d5c72583e552deace120e15dd95a34f0ee4fc533451f131b4b3fe84c8951a4,13.655,long,night,unknown,16000,38,2.783,True
librispeech_0348,librispeech_0348,29d5c72583e552deace120e15dd95a34f0ee4fc533451f131b4b3fe84c8951a4,10.405,long,morning,unknown,16000,36,3.46,True
librispeech_0349,librispeech_0349,29d5c72583e552deace120e15dd95a34f0ee4fc533451f131b4b3fe84c8951a4,10.615,long,afternoon,unknown,16000,30,2.826,True
librispeech_0350,librispeech_0350,29d5c72583e552deace120e15dd95a34f0ee4fc533451f131b4b3fe84c8951a4,17.335,long,evening,unknown,16000,44,2.538,True
librispeech_0351,librispeech_0351,29d5c72583e552deace120e15dd95a34f0ee4fc533451f131b4b3fe84c8951a4,3.32,medium,night,unknown,16000,9,2.711,True
librispeech_0352,librispeech_0352,29d5c72583e552deace120e15dd95a34f0ee4fc533451f131b4b3fe84c8951a4,7.895,long,morning,unknown,16000,29,3.673,True
librispeech_0353,librispeech_0353,29d5c72583e552deace120e15dd95a34f0ee4fc533451f131b4b3fe84c8951a4,4.555,medium,afternoon,unknown,16000,19,4.171,True
librispeech_0354,librispeech_0354,29d5c72583e552deace120e15dd95a34f0ee4fc533451f131b4b3fe84c8951a4,5.16,medium,evening,unknown,16000,20,3.876,True
librispeech_0355,librispeech_0355,29d5c72583e552deace120e15dd95a34f0ee4fc533451f131b4b3fe84c8951a4,5.5,medium,night,unknown,16000,21,3.818,True
librispeech_0356,librispeech_0356,29d5c72583e552deace120e15dd95a34f0ee4fc533451f131b4b3fe84c8951a4,6.455,medium,morning,unknown,16000,17,2.634,True
librispeech_0357,librispeech_0357,29d5c72583e552deace120e15dd95a34f0ee4fc533451f131b4b3fe84c8951a4,1.98,short,afternoon,unknown,16000,4,2.02,True
librispeech_0358,librispeech_0358,29d5c72583e552deace120e15dd95a34f0ee4fc533451f131b4b3fe84c8951a4,5.28,medium,evening,unknown,16000,15,2.841,True
librispeech_0359,librispeech_0359,29d5c72583e552deace120e15dd95a34f0ee4fc533451f131b4b3fe84c8951a4,2.47,short,night,unknown,16000,9,3.644,True
librispeech_0360,librispeech_0360,29d5c72583e552deace120e15dd95a34f0ee4fc533451f131b4b3fe84c8951a4,6.52,medium,morning,unknown,16000,21,3.221,True
librispeech_0361,librispeech_0361,29d5c72583e552deace120e15dd95a34f0ee4fc533451f131b4b3fe84c8951a4,3.03,medium,afternoon,unknown,16000,4,1.32,True
librispeech_0362,librispeech_0362,29d5c72583e552deace120e15dd95a34f0ee4fc533451f131b4b3fe84c8951a4,9.69,long,evening,unknown,16000,24,2.477,True
librispeech_0363,librispeech_0363,29d5c72583e552deace120e15dd95a34f0ee4fc533451f131b4b3fe84c8951a4,3.64,medium,night,unknown,16000,16,4.396,True
librispeech_0364,librispeech_0364,29d5c72583e552deace120e15dd95a34f0ee4fc533451f131b4b3fe84c8951a4,5.535,medium,morning,unknown,16000,23,4.155,True
librispeech_0365,librispeech_0365,29d5c72583e552deace120e15dd95a34f0ee4fc533451f131b4b3fe84c8951a4,2.53,short,afternoon,unknown,16000,7,2.767,True
librispeech_0366,librispeech_0366,29d5c72583e552deace120e15dd95a34f0ee4fc533451f131b4b3fe84c8951a4,4.745,medium,evening,unknown,16000,14,2.95,True
librispeech_0367,librispeech_0367,29d5c72583e552deace120e15dd95a34f0ee4fc533451f131b4b3fe84c8951a4,2.455,short,night,unknown,16000,7,2.851,True
librispeech_0368,librispeech_0368,29d5c72583e552deace120e15dd95a34f0ee4fc533451f131b4b3fe84c8951a4,6.12,medium,morning,unknown,16000,24,3.922,True
librispeech_0369,librispeech_0369,29d5c72583e552deace120e15dd95a34f0ee4fc533451f131b4b3fe84c8951a4,5.35,medium,afternoon,unknown,16000,23,4.299,True
librispeech_0370,librispeech_0370,29d5c72583e552deace120e15dd95a34f0ee4fc533451f131b4b3fe84c8951a4,2.715,short,evening,unknown,16000,10,3.683,True
librispeech_0371,librispeech_0371,29d5c72583e552deace120e15dd95a34f0ee4fc533451f131b4b3fe84c8951a4,6.4,medium,night,unknown,16000,29,4.531,True
librispeech_0372,librispeech_0372,29d5c72583e552deace120e15dd95a34f0ee4fc533451f131b4b3fe84c8951a4,4.28,medium,morning,unknown,16000,15,3.505,True
librispeech_0373,librispeech_0373,29d5c72583e552deace120e15dd95a34f0ee4fc533451f131b4b3fe84c8951a4,2.765,short,afternoon,unknown,16000,11,3.978,True
librispeech_0374,librispeech_0374,29d5c72583e552deace120e15dd95a34f0ee4fc533451f131b4b3fe84c8951a4,4.32,medium,evening,unknown,16000,11,2.546,True
librispeech_0375,librispeech_0375,29d5c72583e552deace120e15dd95a34f0ee4fc533451f131b4b3fe84c8951a4,6.005,medium,night,unknown,16000,24,3.997,True
librispeech_0376,librispeech_0376,29d5c72583e552deace120e15dd95a34f0ee4fc533451f131b4b3fe84c8951a4,2.91,short,morning,unknown,16000,12,4.124,True
librispeech_0377,librispeech_0377,29d5c72583e552deace120e15dd95a34f0ee4fc533451f131b4b3fe84c8951a4,2.595,short,afternoon,unknown,16000,8,3.083,True
librispeech_0378,librispeech_0378,29d5c72583e552deace120e15dd95a34f0ee4fc533451f131b4b3fe84c8951a4,2.545,short,evening,unknown,16000,8,3.143,True
librispeech_0379,librispeech_0379,29d5c72583e552deace120e15dd95a34f0ee4fc533451f131b4b3fe84c8951a4,2.95,short,night,unknown,16000,7,2.373,True
librispeech_0380,librispeech_0380,29d5c72583e552deace120e15dd95a34f0ee4fc533451f131b4b3fe84c8951a4,2.74,short,morning,unknown,16000,5,1.825,True
librispeech_0381,librispeech_0381,29d5c72583e552deace120e15dd95a34f0ee4fc533451f131b4b3fe84c8951a4,2.3,short,afternoon,unknown,16000,6,2.609,True
librispeech_0382,librispeech_0382,29d5c72583e552deace120e15dd95a34f0ee4fc533451f131b4b3fe84c8951a4,5.06,medium,evening,unknown,16000,17,3.36,True
librispeech_0383,librispeech_0383,29d5c72583e552deace120e15dd95a34f0ee4fc533451f131b4b3fe84c8951a4,9.45,long,night,unknown,16000,29,3.069,True
librispeech_0384,librispeech_0384,29d5c72583e552deace120e15dd95a34f0ee4fc533451f131b4b3fe84c8951a4,4.255,medium,morning,unknown,16000,17,3.995,True
librispeech_0385,librispeech_0385,29d5c72583e552deace120e15dd95a34f0ee4fc533451f131b4b3fe84c8951a4,11.12,long,afternoon,unknown,16000,40,3.597,True
librispeech_0386,librispeech_0386,29d5c72583e552deace120e15dd95a34f0ee4fc533451f131b4b3fe84c8951a4,4.575,medium,evening,unknown,16000,15,3.279,True
librispeech_0387,librispeech_0387,29d5c72583e552deace120e15dd95a34f0ee4fc533451f131b4b3fe84c8951a4,12.255,long,night,unknown,16000,32,2.611,True
librispeech_0388,librispeech_0388,29d5c72583e552deace120e15dd95a34f0ee4fc533451f131b4b3fe84c8951a4,4.425,medium,morning,unknown,16000,11,2.486,True
librispeech_0389,librispeech_0389,29d5c72583e552deace120e15dd95a34f0ee4fc533451f131b4b3fe84c8951a4,4.815,medium,afternoon,unknown,16000,15,3.115,True
librispeech_0390,librispeech_0390,29d5c72583e552deace120e15dd95a34f0ee4fc533451f131b4b3fe84c8951a4,3.42,medium,evening,unknown,16000,12,3.509,True
librispeech_0391,librispeech_0391,29d5c72583e552deace120e15dd95a34f0ee4fc533451f131b4b3fe84c8951a4,7.45,long,night,unknown,16000,21,2.819,True
librispeech_0392,librispeech_0392,29d5c72583e552deace120e15dd95a34f0ee4fc533451f131b4b3fe84c8951a4,4.835,medium,morning,unknown,16000,11,2.275,True
librispeech_0393,librispeech_0393,29d5c72583e552deace120e15dd95a34f0ee4fc533451f131b4b3fe84c8951a4,15.15,long,afternoon,unknown,16000,40,2.64,True
librispeech_0394,librispeech_0394,29d5c72583e552deace120e15dd95a34f0ee4fc533451f131b4b3fe84c8951a4,7.42,long,evening,unknown,16000,28,3.774,True
librispeech_0395,librispeech_0395,29d5c72583e552deace120e15dd95a34f0ee4fc533451f131b4b3fe84c8951a4,9.51,long,night,unknown,16000,28,2.944,True
librispeech_0396,librispeech_0396,29d5c72583e552deace120e15dd95a34f0ee4fc533451f131b4b3fe84c8951a4,12.535,long,morning,unknown,16000,36,2.872,True
librispeech_0397,librispeech_0397,29d5c72583e552deace120e15dd95a34f0ee4fc533451f131b4b3fe84c8951a4,2.73,short,afternoon,unknown,16000,4,1.465,True
librispeech_0398,librispeech_0398,29d5c72583e552deace120e15dd95a34f0ee4fc533451f131b4b3fe84c8951a4,4.05,medium,evening,unknown,16000,12,2.963,True
librispeech_0399,librispeech_0399,29d5c72583e552deace120e15dd95a34f0ee4fc533451f131b4b3fe84c8951a4,4.94,medium,night,unknown,16000,12,2.429,True
librispeech_0400,librispeech_0400,950887d6823e0910932a531410a9dd5853a0688be44d4e192b640b62b5309d44,2.205,short,morning,unknown,16000,4,1.814,True
librispeech_0401,librispeech_0401,950887d6823e0910932a531410a9dd5853a0688be44d4e192b640b62b5309d44,3.635,medium,afternoon,unknown,16000,11,3.026,True
librispeech_0402,librispeech_0402,950887d6823e0910932a531410a9dd5853a0688be44d4e192b640b62b5309d44,3.02,medium,evening,unknown,16000,10,3.311,True
librispeech_0403,librispeech_0403,950887d6823e0910932a531410a9dd5853a0688be44d4e192b640b62b5309d44,7.02,long,night,unknown,16000,20,2.849,True
librispeech_0404,librispeech_0404,950887d6823e0910932a531410a9dd5853a0688be44d4e192b640b62b5309d44,13.6,long,morning,unknown,16000,42,3.088,True
librispeech_0405,librispeech_0405,950887d6823e0910932a531410a9dd5853a0688be44d4e192b640b62b5309d44,9.18,long,afternoon,unknown,16000,23,2.505,True
librispeech_0406,librispeech_0406,950887d6823e0910932a531410a9dd5853a0688be44d4e192b640b62b5309d44,1.97,short,evening,unknown,16000,6,3.046,True
librispeech_0407,librispeech_0407,950887d6823e0910932a531410a9dd5853a0688be44d4e192b640b62b5309d44,4.33,medium,night,unknown,16000,13,3.002,True
librispeech_0408,librispeech_0408,950887d6823e0910932a531410a9dd5853a0688be44d4e192b640b62b5309d44,12.77,long,morning,unknown,16000,37,2.897,True
librispeech_0409,librispeech_0409,950887d6823e0910932a531410a9dd5853a0688be44d4e192b640b62b5309d44,3.585,medium,afternoon,unknown,16000,12,3.347,True
librispeech_0410,librispeech_0410,950887d6823e0910932a531410a9dd5853a0688be44d4e192b640b62b5309d44,6.465,medium,evening,unknown,16000,21,3.248,True
librispeech_0411,librispeech_0411,950887d6823e0910932a531410a9dd5853a0688be44d4e192b640b62b5309d44,11.065,long,night,unknown,16000,36,3.254,True
librispeech_0412,librispeech_0412,950887d6823e0910932a531410a9dd5853a0688be44d4e192b640b62b5309d44,5.85,medium,morning,unknown,16000,14,2.393,True
librispeech_0413,librispeech_0413,950887d6823e0910932a531410a9dd5853a0688be44d4e192b640b62b5309d44,3.655,medium,afternoon,unknown,16000,6,1.642,True
librispeech_0414,librispeech_0414,950887d6823e0910932a531410a9dd5853a0688be44d4e192b640b62b5309d44,3.48,medium,evening,unknown,16000,8,2.299,True
librispeech_0415,librispeech_0415,950887d6823e0910932a531410a9dd5853a0688be44d4e192b640b62b5309d44,5.585,medium,night,unknown,16000,21,3.76,True
librispeech_0416,librispeech_0416,950887d6823e0910932a531410a9dd5853a0688be44d4e192b640b62b5309d44,9.07,long,morning,unknown,16000,26,2.867,True
librispeech_0417,librispeech_0417,950887d6823e0910932a531410a9dd5853a0688be44d4e192b640b62b5309d44,5.44,medium,afternoon,unknown,16000,15,2.757,True
librispeech_0418,librispeech_0418,950887d6823e0910932a531410a9dd5853a0688be44d4e192b640b62b5309d44,3.1,medium,evening,unknown,16000,7,2.258,True
librispeech_0419,librispeech_0419,950887d6823e0910932a531410a9dd5853a0688be44d4e192b640b62b5309d44,2.835,short,night,unknown,16000,10,3.527,True
librispeech_0420,librispeech_0420,950887d6823e0910932a531410a9dd5853a0688be44d4e192b640b62b5309d44,4.985,medium,morning,unknown,16000,18,3.611,True
librispeech_0421,librispeech_0421,950887d6823e0910932a531410a9dd5853a0688be44d4e192b640b62b5309d44,10.09,long,afternoon,unknown,16000,32,3.171,True
librispeech_0422,librispeech_0422,950887d6823e0910932a531410a9dd5853a0688be44d4e192b640b62b5309d44,5.57,medium,evening,unknown,16000,16,2.873,True
librispeech_0423,librispeech_0423,950887d6823e0910932a531410a9dd5853a0688be44d4e192b640b62b5309d44,2.535,short,night,unknown,16000,7,2.761,True
librispeech_0424,librispeech_0424,950887d6823e0910932a531410a9dd5853a0688be44d4e192b640b62b5309d44,4.025,medium,morning,unknown,16000,11,2.733,True
librispeech_0425,librispeech_0425,950887d6823e0910932a531410a9dd5853a0688be44d4e192b640b62b5309d44,11.975,long,afternoon,unknown,16000,26,2.171,True
librispeech_0426,librispeech_0426,950887d6823e0910932a531410a9dd5853a0688be44d4e192b640b62b5309d44,2.245,short,evening,unknown,16000,8,3.563,True
librispeech_0427,librispeech_0427,950887d6823e0910932a531410a9dd5853a0688be44d4e192b640b62b5309d44,8.125,long,night,unknown,16000,28,3.446,True
librispeech_0428,librispeech_0428,950887d6823e0910932a531410a9dd5853a0688be44d4e192b640b62b5309d44,5.975,medium,morning,unknown,16000,22,3.682,True
librispeech_0429,librispeech_0429,950887d6823e0910932a531410a9dd5853a0688be44d4e192b640b62b5309d44,2.25,short,afternoon,unknown,16000,4,1.778,True
librispeech_0430,librispeech_0430,950887d6823e0910932a531410a9dd5853a0688be44d4e192b640b62b5309d44,6.81,medium,evening,unknown,16000,22,3.231,True
librispeech_0431,librispeech_0431,950887d6823e0910932a531410a9dd5853a0688be44d4e192b640b62b5309d44,4.335,medium,night,unknown,16000,16,3.691,True
librispeech_0432,librispeech_0432,950887d6823e0910932a531410a9dd5853a0688be44d4e192b640b62b5309d44,4.95,medium,morning,unknown,16000,17,3.434,True
librispeech_0433,librispeech_0433,950887d6823e0910932a531410a9dd5853a0688be44d4e192b640b62b5309d44,4.66,medium,afternoon,unknown,16000,16,3.433,True
librispeech_0434,librispeech_0434,950887d6823e0910932a531410a9dd5853a0688be44d4e192b640b62b5309d44,3.03,medium,evening,unknown,16000,9,2.97,True
librispeech_0435,librispeech_0435,950887d6823e0910932a531410a9dd5853a0688be44d4e192b640b62b5309d44,3.855,medium,night,unknown,16000,12,3.113,True
librispeech_0436,librispeech_0436,950887d6823e0910932a531410a9dd5853a0688be44d4e192b640b62b5309d44,9.26,long,morning,unknown,16000,35,3.78,True
librispeech_0437,librispeech_0437,950887d6823e0910932a531410a9dd5853a0688be44d4e192b640b62b5309d44,10.975,long,afternoon,unknown,16000,36,3.28,True
librispeech_0438,librispeech_0438,950887d6823e0910932a531410a9dd5853a0688be44d4e192b640b62b5309d44,5.225,medium,evening,unknown,16000,18,3.445,True
librispeech_0439,librispeech_0439,950887d6823e0910932a531410a9dd5853a0688be44d4e192b640b62b5309d44,6.16,medium,night,unknown,16000,18,2.922,True
librispeech_0440,librispeech_0440,950887d6823e0910932a531410a9dd5853a0688be44d4e192b640b62b5309d44,7.895,long,morning,unknown,16000,26,3.293,True
librispeech_0441,librispeech_0441,950887d6823e0910932a531410a9dd5853a0688be44d4e192b640b62b5309d44,4.565,medium,afternoon,unknown,16000,16,3.505,True
librispeech_0442,librispeech_0442,950887d6823e0910932a531410a9dd5853a0688be44d4e192b640b62b5309d44,2.375,short,evening,unknown,16000,5,2.105,True
librispeech_0443,librispeech_0443,950887d6823e0910932a531410a9dd5853a0688be44d4e192b640b62b5309d44,18.17,long,night,unknown,16000,58,3.192,True
librispeech_0444,librispeech_0444,950887d6823e0910932a531410a9dd5853a0688be44d4e192b640b62b5309d44,5.86,medium,morning,unknown,16000,24,4.096,True
librispeech_0445,librispeech_0445,950887d6823e0910932a531410a9dd5853a0688be44d4e192b640b62b5309d44,5.225,medium,afternoon,unknown,16000,18,3.445,True
librispeech_0446,librispeech_0446,950887d6823e0910932a531410a9dd5853a0688be44d4e192b640b62b5309d44,11.595,long,evening,unknown,16000,38,3.277,True
librispeech_0447,librispeech_0447,950887d6823e0910932a531410a9dd5853a0688be44d4e192b640b62b5309d44,5.245,medium,night,unknown,16000,16,3.051,True
librispeech_0448,librispeech_0448,950887d6823e0910932a531410a9dd5853a0688be44d4e192b640b62b5309d44,2.765,short,morning,unknown,16000,11,3.978,True
librispeech_0449,librispeech_0449,950887d6823e0910932a531410a9dd5853a0688be44d4e192b640b62b5309d44,4.945,medium,afternoon,unknown,16000,26,5.258,True
librispeech_0450,librispeech_0450,950887d6823e0910932a531410a9dd5853a0688be44d4e192b640b62b5309d44,7.315,long,evening,unknown,16000,25,3.418,True
librispeech_0451,librispeech_0451,950887d6823e0910932a531410a9dd5853a0688be44d4e192b640b62b5309d44,2.305,short,night,unknown,16000,6,2.603,True
librispeech_0452,librispeech_0452,950887d6823e0910932a531410a9dd5853a0688be44d4e192b640b62b5309d44,2.71,short,morning,unknown,16000,6,2.214,True
librispeech_0453,librispeech_0453,950887d6823e0910932a531410a9dd5853a0688be44d4e192b640b62b5309d44,3.8,medium,afternoon,unknown,16000,15,3.947,True
librispeech_0454,librispeech_0454,950887d6823e0910932a531410a9dd5853a0688be44d4e192b640b62b5309d44,3.48,medium,evening,unknown,16000,11,3.161,True
librispeech_0455,librispeech_0455,950887d6823e0910932a531410a9dd5853a0688be44d4e192b640b62b5309d44,4.495,medium,night,unknown,16000,17,3.782,True
librispeech_0456,librispeech_0456,950887d6823e0910932a531410a9dd5853a0688be44d4e192b640b62b5309d44,4.26,medium,morning,unknown,16000,13,3.052,True
librispeech_0457,librispeech_0457,950887d6823e0910932a531410a9dd5853a0688be44d4e192b640b62b5309d44,2.405,short,afternoon,unknown,16000,8,3.326,True
librispeech_0458,librispeech_0458,950887d6823e0910932a531410a9dd5853a0688be44d4e192b640b62b5309d44,2.27,short,evening,unknown,16000,10,4.405,True
librispeech_0459,librispeech_0459,950887d6823e0910932a531410a9dd5853a0688be44d4e192b640b62b5309d44,10.04,long,night,unknown,16000,38,3.785,True
librispeech_0460,librispeech_0460,950887d6823e0910932a531410a9dd5853a0688be44d4e192b640b62b5309d44,2.535,short,morning,unknown,16000,9,3.55,True
librispeech_0461,librispeech_0461,950887d6823e0910932a531410a9dd5853a0688be44d4e192b640b62b5309d44,1.505,short,afternoon,unknown,16000,2,1.329,True
librispeech_0462,librispeech_0462,950887d6823e0910932a531410a9dd5853a0688be44d4e192b640b62b5309d44,2.09,short,evening,unknown,16000,4,1.914,True
librispeech_0463,librispeech_0463,950887d6823e0910932a531410a9dd5853a0688be44d4e192b640b62b5309d44,3.99,medium,night,unknown,16000,13,3.258,True
librispeech_0464,librispeech_0464,950887d6823e0910932a531410a9dd5853a0688be44d4e192b640b62b5309d44,13.69,long,morning,unknown,16000,49,3.579,True
librispeech_0465,librispeech_0465,950887d6823e0910932a531410a9dd5853a0688be44d4e192b640b62b5309d44,6.8,medium,afternoon,unknown,16000,18,2.647,True
librispeech_0466,librispeech_0466,950887d6823e0910932a531410a9dd5853a0688be44d4e192b640b62b5309d44,4.4,medium,evening,unknown,16000,13,2.955,True
librispeech_0467,librispeech_0467,950887d6823e0910932a531410a9dd5853a0688be44d4e192b640b62b5309d44,15.96,long,night,unknown,16000,48,3.008,True
librispeech_0468,librispeech_0468,950887d6823e0910932a531410a9dd5853a0688be44d4e192b640b62b5309d44,5.62,medium,morning,unknown,16000,14,2.491,True
librispeech_0469,librispeech_0469,950887d6823e0910932a531410a9dd5853a0688be44d4e192b640b62b5309d44,2.0,short,afternoon,unknown,16000,5,2.5,True
librispeech_0470,librispeech_0470,950887d6823e0910932a531410a9dd5853a0688be44d4e192b640b62b5309d44,7.015,long,evening,unknown,16000,20,2.851,True
librispeech_0471,librispeech_0471,950887d6823e0910932a531410a9dd5853a0688be44d4e192b640b62b5309d44,2.695,short,night,unknown,16000,7,2.597,True
librispeech_0472,librispeech_0472,950887d6823e0910932a531410a9dd5853a0688be44d4e192b640b62b5309d44,7.19,long,morning,unknown,16000,22,3.06,True
librispeech_0473,librispeech_0473,950887d6823e0910932a531410a9dd5853a0688be44d4e192b640b62b5309d44,3.25,medium,afternoon,unknown,16000,6,1.846,True
librispeech_0474,librispeech_0474,950887d6823e0910932a531410a9dd5853a0688be44d4e192b640b62b5309d44,2.56,short,evening,unknown,16000,9,3.516,True
librispeech_0475,librispeech_0475,950887d6823e0910932a531410a9dd5853a0688be44d4e192b640b62b5309d44,2.4,short,night,unknown,16000,3,1.25,True
librispeech_0476,librispeech_0476,950887d6823e0910932a531410a9dd5853a0688be44d4e192b640b62b5309d44,2.885,short,morning,unknown,16000,5,1.733,True
librispeech_0477,librispeech_0477,950887d6823e0910932a531410a9dd5853a0688be44d4e192b640b62b5309d44,3.035,medium,afternoon,unknown,16000,6,1.977,True
librispeech_0478,librispeech_0478,950887d6823e0910932a531410a9dd5853a0688be44d4e192b640b62b5309d44,8.41,long,evening,unknown,16000,28,3.329,True
librispeech_0479,librispeech_0479,950887d6823e0910932a531410a9dd5853a0688be44d4e192b640b62b5309d44,9.375,long,night,unknown,16000,33,3.52,True
librispeech_0480,librispeech_0480,950887d6823e0910932a531410a9dd5853a0688be44d4e192b640b62b5309d44,3.55,medium,morning,unknown,16000,11,3.099,True
librispeech_0481,librispeech_0481,950887d6823e0910932a531410a9dd5853a0688be44d4e192b640b62b5309d44,2.435,short,afternoon,unknown,16000,9,3.696,True
librispeech_0482,librispeech_0482,950887d6823e0910932a531410a9dd5853a0688be44d4e192b640b62b5309d44,6.92,medium,evening,unknown,16000,21,3.035,True
librispeech_0483,librispeech_0483,950887d6823e0910932a531410a9dd5853a0688be44d4e192b640b62b5309d44,4.815,medium,night,unknown,16000,17,3.531,True
librispeech_0484,librispeech_0484,950887d6823e0910932a531410a9dd5853a0688be44d4e192b640b62b5309d44,2.61,short,morning,unknown,16000,8,3.065,True
librispeech_0485,librispeech_0485,950887d6823e0910932a531410a9dd5853a0688be44d4e192b640b62b5309d44,4.685,medium,afternoon,unknown,16000,12,2.561,True
librispeech_0486,librispeech_0486,950887d6823e0910932a531410a9dd5853a0688be44d4e192b640b62b5309d44,10.38,long,evening,unknown,16000,35,3.372,True
librispeech_0487,librispeech_0487,950887d6823e0910932a531410a9dd5853a0688be44d4e192b640b62b5309d44,6.255,medium,night,unknown,16000,25,3.997,True
librispeech_0488,librispeech_0488,950887d6823e0910932a531410a9dd5853a0688be44d4e192b640b62b5309d44,13.94,long,morning,unknown,16000,56,4.017,True
librispeech_0489,librispeech_0489,950887d6823e0910932a531410a9dd5853a0688be44d4e192b640b62b5309d44,3.07,medium,afternoon,unknown,16000,13,4.235,True
librispeech_0490,librispeech_0490,950887d6823e0910932a531410a9dd5853a0688be44d4e192b640b62b5309d44,4.76,medium,evening,unknown,16000,20,4.202,True
librispeech_0491,librispeech_0491,950887d6823e0910932a531410a9dd5853a0688be44d4e192b640b62b5309d44,8.435,long,night,unknown,16000,24,2.845,True
librispeech_0492,librispeech_0492,950887d6823e0910932a531410a9dd5853a0688be44d4e192b640b62b5309d44,7.975,long,morning,unknown,16000,23,2.884,True
librispeech_0493,librispeech_0493,950887d6823e0910932a531410a9dd5853a0688be44d4e192b640b62b5309d44,8.265,long,afternoon,unknown,16000,21,2.541,True
librispeech_0494,librispeech_0494,950887d6823e0910932a531410a9dd5853a0688be44d4e192b640b62b5309d44,8.16,long,evening,unknown,16000,25,3.064,True
librispeech_0495,librispeech_0495,950887d6823e0910932a531410a9dd5853a0688be44d4e192b640b62b5309d44,7.965,long,night,unknown,16000,21,2.637,True
librispeech_0496,librispeech_0496,950887d6823e0910932a531410a9dd5853a0688be44d4e192b640b62b5309d44,8.715,long,morning,unknown,16000,19,2.18,True
librispeech_0497,librispeech_0497,950887d6823e0910932a531410a9dd5853a0688be44d4e192b640b62b5309d44,8.83,long,afternoon,unknown,16000,21,2.378,True
librispeech_0498,librispeech_0498,950887d6823e0910932a531410a9dd5853a0688be44d4e192b640b62b5309d44,9.525,long,evening,unknown,16000,24,2.52,True
librispeech_0499,librispeech_0499,950887d6823e0910932a531410a9dd5853a0688be44d4e192b640b62b5309d44,8.445,long,night,unknown,16000,22,2.605,True
librispeech_0500,librispeech_0500,04b6d9d5c8f81aeb4f89691a9af25557128036702d66da863c673d7e1bd8909e,8.615,long,morning,unknown,16000,26,3.018,True
librispeech_0501,librispeech_0501,04b6d9d5c8f81aeb4f89691a9af25557128036702d66da863c673d7e1bd8909e,8.33,long,afternoon,unknown,16000,20,2.401,True
librispeech_0502,librispeech_0502,04b6d9d5c8f81aeb4f89691a9af25557128036702d66da863c673d7e1bd8909e,9.355,long,evening,unknown,16000,24,2.565,True
librispeech_0503,librispeech_0503,04b6d9d5c8f81aeb4f89691a9af25557128036702d66da863c673d7e1bd8909e,9.24,long,night,unknown,16000,25,2.706,True
librispeech_0504,librispeech_0504,04b6d9d5c8f81aeb4f89691a9af25557128036702d66da863c673d7e1bd8909e,19.11,long,morning,unknown,16000,45,2.355,True
librispeech_0505,librispeech_0505,04b6d9d5c8f81aeb4f89691a9af25557128036702d66da863c673d7e1bd8909e,8.185,long,afternoon,unknown,16000,23,2.81,True
librispeech_0506,librispeech_0506,04b6d9d5c8f81aeb4f89691a9af25557128036702d66da863c673d7e1bd8909e,8.155,long,evening,unknown,16000,20,2.452,True
librispeech_0507,librispeech_0507,04b6d9d5c8f81aeb4f89691a9af25557128036702d66da863c673d7e1bd8909e,8.955,long,night,unknown,16000,23,2.568,True
librispeech_0508,librispeech_0508,04b6d9d5c8f81aeb4f89691a9af25557128036702d66da863c673d7e1bd8909e,8.645,long,morning,unknown,16000,25,2.892,True
librispeech_0509,librispeech_0509,04b6d9d5c8f81aeb4f89691a9af25557128036702d66da863c673d7e1bd8909e,9.46,long,afternoon,unknown,16000,24,2.537,True
librispeech_0510,librispeech_0510,04b6d9d5c8f81aeb4f89691a9af25557128036702d66da863c673d7e1bd8909e,9.28,long,evening,unknown,16000,25,2.694,True
librispeech_0511,librispeech_0511,04b6d9d5c8f81aeb4f89691a9af25557128036702d66da863c673d7e1bd8909e,8.39,long,night,unknown,16000,22,2.622,True
librispeech_0512,librispeech_0512,04b6d9d5c8f81aeb4f89691a9af25557128036702d66da863c673d7e1bd8909e,8.71,long,morning,unknown,16000,22,2.526,True
librispeech_0513,librispeech_0513,04b6d9d5c8f81aeb4f89691a9af25557128036702d66da863c673d7e1bd8909e,7.65,long,afternoon,unknown,16000,25,3.268,True
librispeech_0514,librispeech_0514,04b6d9d5c8f81aeb4f89691a9af25557128036702d66da863c673d7e1bd8909e,7.215,long,evening,unknown,16000,27,3.742,True
librispeech_0515,librispeech_0515,04b6d9d5c8f81aeb4f89691a9af25557128036702d66da863c673d7e1bd8909e,8.63,long,night,unknown,16000,24,2.781,True
librispeech_0516,librispeech_0516,04b6d9d5c8f81aeb4f89691a9af25557128036702d66da863c673d7e1bd8909e,9.84,long,morning,unknown,16000,22,2.236,True
librispeech_0517,librispeech_0517,04b6d9d5c8f81aeb4f89691a9af25557128036702d66da863c673d7e1bd8909e,9.35,long,afternoon,unknown,16000,20,2.139,True
librispeech_0518,librispeech_0518,04b6d9d5c8f81aeb4f89691a9af25557128036702d66da863c673d7e1bd8909e,3.995,medium,evening,unknown,16000,9,2.253,True
librispeech_0519,librispeech_0519,04b6d9d5c8f81aeb4f89691a9af25557128036702d66da863c673d7e1bd8909e,7.64,long,night,unknown,16000,26,3.403,True
librispeech_0520,librispeech_0520,04b6d9d5c8f81aeb4f89691a9af25557128036702d66da863c673d7e1bd8909e,8.385,long,morning,unknown,16000,26,3.101,True
librispeech_0521,librispeech_0521,04b6d9d5c8f81aeb4f89691a9af25557128036702d66da863c673d7e1bd8909e,8.925,long,afternoon,unknown,16000,23,2.577,True
librispeech_0522,librispeech_0522,04b6d9d5c8f81aeb4f89691a9af25557128036702d66da863c673d7e1bd8909e,8.655,long,evening,unknown,16000,25,2.889,True
librispeech_0523,librispeech_0523,04b6d9d5c8f81aeb4f89691a9af25557128036702d66da863c673d7e1bd8909e,8.25,long,night,unknown,16000,20,2.424,True
librispeech_0524,librispeech_0524,04b6d9d5c8f81aeb4f89691a9af25557128036702d66da863c673d7e1bd8909e,8.02,long,morning,unknown,16000,22,2.743,True
librispeech_0525,librispeech_0525,04b6d9d5c8f81aeb4f89691a9af25557128036702d66da863c673d7e1bd8909e,8.945,long,afternoon,unknown,16000,26,2.907,True
librispeech_0526,librispeech_0526,04b6d9d5c8f81aeb4f89691a9af25557128036702d66da863c673d7e1bd8909e,8.22,long,evening,unknown,16000,21,2.555,True
librispeech_0527,librispeech_0527,04b6d9d5c8f81aeb4f89691a9af25557128036702d66da863c673d7e1bd8909e,14.675,long,night,unknown,16000,40,2.726,True
librispeech_0528,librispeech_0528,04b6d9d5c8f81aeb4f89691a9af25557128036702d66da863c673d7e1bd8909e,14.05,long,morning,unknown,16000,37,2.633,True
librispeech_0529,librispeech_0529,04b6d9d5c8f81aeb4f89691a9af25557128036702d66da863c673d7e1bd8909e,7.85,long,afternoon,unknown,16000,19,2.42,True
librispeech_0530,librispeech_0530,04b6d9d5c8f81aeb4f89691a9af25557128036702d66da863c673d7e1bd8909e,11.355,long,evening,unknown,16000,32,2.818,True
librispeech_0531,librispeech_0531,04b6d9d5c8f81aeb4f89691a9af25557128036702d66da863c673d7e1bd8909e,19.915,long,night,unknown,16000,60,3.013,True
librispeech_0532,librispeech_0532,04b6d9d5c8f81aeb4f89691a9af25557128036702d66da863c673d7e1bd8909e,11.74,long,morning,unknown,16000,34,2.896,True
librispeech_0533,librispeech_0533,04b6d9d5c8f81aeb4f89691a9af25557128036702d66da863c673d7e1bd8909e,15.92,long,afternoon,unknown,16000,50,3.141,True
librispeech_0534,librispeech_0534,04b6d9d5c8f81aeb4f89691a9af25557128036702d66da863c673d7e1bd8909e,7.095,long,evening,unknown,16000,19,2.678,True
librispeech_0535,librispeech_0535,04b6d9d5c8f81aeb4f89691a9af25557128036702d66da863c673d7e1bd8909e,17.65,long,night,unknown,16000,45,2.55,True
librispeech_0536,librispeech_0536,04b6d9d5c8f81aeb4f89691a9af25557128036702d66da863c673d7e1bd8909e,16.46,long,morning,unknown,16000,57,3.463,True
librispeech_0537,librispeech_0537,04b6d9d5c8f81aeb4f89691a9af25557128036702d66da863c673d7e1bd8909e,11.995,long,afternoon,unknown,16000,35,2.918,True
librispeech_0538,librispeech_0538,04b6d9d5c8f81aeb4f89691a9af25557128036702d66da863c673d7e1bd8909e,16.415,long,evening,unknown,16000,47,2.863,True
librispeech_0539,librispeech_0539,04b6d9d5c8f81aeb4f89691a9af25557128036702d66da863c673d7e1bd8909e,14.47,long,night,unknown,16000,45,3.11,True
librispeech_0540,librispeech_0540,04b6d9d5c8f81aeb4f89691a9af25557128036702d66da863c673d7e1bd8909e,15.52,long,morning,unknown,16000,43,2.771,True
librispeech_0541,librispeech_0541,04b6d9d5c8f81aeb4f89691a9af25557128036702d66da863c673d7e1bd8909e,13.985,long,afternoon,unknown,16000,39,2.789,True
librispeech_0542,librispeech_0542,04b6d9d5c8f81aeb4f89691a9af25557128036702d66da863c673d7e1bd8909e,6.305,medium,evening,unknown,16000,17,2.696,True
librispeech_0543,librispeech_0543,04b6d9d5c8f81aeb4f89691a9af25557128036702d66da863c673d7e1bd8909e,14.455,long,night,unknown,16000,38,2.629,True
librispeech_0544,librispeech_0544,04b6d9d5c8f81aeb4f89691a9af25557128036702d66da863c673d7e1bd8909e,8.43,long,morning,unknown,16000,24,2.847,True
librispeech_0545,librispeech_0545,04b6d9d5c8f81aeb4f89691a9af25557128036702d66da863c673d7e1bd8909e,12.655,long,afternoon,unknown,16000,40,3.161,True
librispeech_0546,librispeech_0546,04b6d9d5c8f81aeb4f89691a9af25557128036702d66da863c673d7e1bd8909e,15.485,long,evening,unknown,16000,42,2.712,True
librispeech_0547,librispeech_0547,04b6d9d5c8f81aeb4f89691a9af25557128036702d66da863c673d7e1bd8909e,15.02,long,night,unknown,16000,40,2.663,True
librispeech_0548,librispeech_0548,04b6d9d5c8f81aeb4f89691a9af25557128036702d66da863c673d7e1bd8909e,9.35,long,morning,unknown,16000,23,2.46,True
librispeech_0549,librispeech_0549,04b6d9d5c8f81aeb4f89691a9af25557128036702d66da863c673d7e1bd8909e,8.895,long,afternoon,unknown,16000,25,2.811,True
librispeech_0550,librispeech_0550,04b6d9d5c8f81aeb4f89691a9af25557128036702d66da863c673d7e1bd8909e,13.03,long,evening,unknown,16000,35,2.686,True
librispeech_0551,librispeech_0551,04b6d9d5c8f81aeb4f89691a9af25557128036702d66da863c673d7e1bd8909e,11.18,long,night,unknown,16000,31,2.773,True
librispeech_0552,librispeech_0552,04b6d9d5c8f81aeb4f89691a9af25557128036702d66da863c673d7e1bd8909e,12.07,long,morning,unknown,16000,34,2.817,True
librispeech_0553,librispeech_0553,04b6d9d5c8f81aeb4f89691a9af25557128036702d66da863c673d7e1bd8909e,9.895,long,afternoon,unknown,16000,31,3.133,True
librispeech_0554,librispeech_0554,04b6d9d5c8f81aeb4f89691a9af25557128036702d66da863c673d7e1bd8909e,8.535,long,evening,unknown,16000,25,2.929,True
librispeech_0555,librispeech_0555,04b6d9d5c8f81aeb4f89691a9af25557128036702d66da863c673d7e1bd8909e,5.16,medium,night,unknown,16000,13,2.519,True
librispeech_0556,librispeech_0556,04b6d9d5c8f81aeb4f89691a9af25557128036702d66da863c673d7e1bd8909e,4.275,medium,morning,unknown,16000,11,2.573,True
librispeech_0557,librispeech_0557,04b6d9d5c8f81aeb4f89691a9af25557128036702d66da863c673d7e1bd8909e,3.6,medium,afternoon,unknown,16000,11,3.056,True
librispeech_0558,librispeech_0558,04b6d9d5c8f81aeb4f89691a9af25557128036702d66da863c673d7e1bd8909e,12.0,long,evening,unknown,16000,40,3.333,True
librispeech_0559,librispeech_0559,04b6d9d5c8f81aeb4f89691a9af25557128036702d66da863c673d7e1bd8909e,14.195,long,night,unknown,16000,41,2.888,True
librispeech_0560,librispeech_0560,04b6d9d5c8f81aeb4f89691a9af25557128036702d66da863c673d7e1bd8909e,9.33,long,morning,unknown,16000,26,2.787,True
librispeech_0561,librispeech_0561,04b6d9d5c8f81aeb4f89691a9af25557128036702d66da863c673d7e1bd8909e,6.675,medium,afternoon,unknown,16000,20,2.996,True
librispeech_0562,librispeech_0562,04b6d9d5c8f81aeb4f89691a9af25557128036702d66da863c673d7e1bd8909e,9.395,long,evening,unknown,16000,26,2.767,True
librispeech_0563,librispeech_0563,04b6d9d5c8f81aeb4f89691a9af25557128036702d66da863c673d7e1bd8909e,6.345,medium,night,unknown,16000,17,2.679,True
librispeech_0564,librispeech_0564,04b6d9d5c8f81aeb4f89691a9af25557128036702d66da863c673d7e1bd8909e,15.285,long,morning,unknown,16000,46,3.009,True
librispeech_0565,librispeech_0565,04b6d9d5c8f81aeb4f89691a9af25557128036702d66da863c673d7e1bd8909e,7.055,long,afternoon,unknown,16000,22,3.118,True
librispeech_0566,librispeech_0566,04b6d9d5c8f81aeb4f89691a9af25557128036702d66da863c673d7e1bd8909e,4.265,medium,evening,unknown,16000,13,3.048,True
librispeech_0567,librispeech_0567,04b6d9d5c8f81aeb4f89691a9af25557128036702d66da863c673d7e1bd8909e,15.695,long,night,unknown,16000,47,2.995,True
librispeech_0568,librispeech_0568,04b6d9d5c8f81aeb4f89691a9af25557128036702d66da863c673d7e1bd8909e,16.32,long,morning,unknown,16000,52,3.186,True
librispeech_0569,librispeech_0569,04b6d9d5c8f81aeb4f89691a9af25557128036702d66da863c673d7e1bd8909e,3.58,medium,afternoon,unknown,16000,7,1.955,True
librispeech_0570,librispeech_0570,04b6d9d5c8f81aeb4f89691a9af25557128036702d66da863c673d7e1bd8909e,4.64,medium,evening,unknown,16000,13,2.802,True
librispeech_0571,librispeech_0571,04b6d9d5c8f81aeb4f89691a9af25557128036702d66da863c673d7e1bd8909e,7.94,long,night,unknown,16000,26,3.275,True
librispeech_0572,librispeech_0572,04b6d9d5c8f81aeb4f89691a9af25557128036702d66da863c673d7e1bd8909e,11.245,long,morning,unknown,16000,25,2.223,True
librispeech_0573,librispeech_0573,04b6d9d5c8f81aeb4f89691a9af25557128036702d66da863c673d7e1bd8909e,3.28,medium,afternoon,unknown,16000,6,1.829,True
librispeech_0574,librispeech_0574,04b6d9d5c8f81aeb4f89691a9af25557128036702d66da863c673d7e1bd8909e,15.18,long,evening,unknown,16000,30,1.976,True
librispeech_0575,librispeech_0575,04b6d9d5c8f81aeb4f89691a9af25557128036702d66da863c673d7e1bd8909e,6.68,medium,night,unknown,16000,15,2.246,True
librispeech_0576,librispeech_0576,04b6d9d5c8f81aeb4f89691a9af25557128036702d66da863c673d7e1bd8909e,9.82,long,morning,unknown,16000,22,2.24,True
librispeech_0577,librispeech_0577,04b6d9d5c8f81aeb4f89691a9af25557128036702d66da863c673d7e1bd8909e,7.84,long,afternoon,unknown,16000,17,2.168,True
librispeech_0578,librispeech_0578,04b6d9d5c8f81aeb4f89691a9af25557128036702d66da863c673d7e1bd8909e,8.25,long,evening,unknown,16000,14,1.697,True
librispeech_0579,librispeech_0579,04b6d9d5c8f81aeb4f89691a9af25557128036702d66da863c673d7e1bd8909e,13.68,long,night,unknown,16000,29,2.12,True
librispeech_0580,librispeech_0580,04b6d9d5c8f81aeb4f89691a9af25557128036702d66da863c673d7e1bd8909e,5.17,medium,morning,unknown,16000,18,3.482,True
librispeech_0581,librispeech_0581,04b6d9d5c8f81aeb4f89691a9af25557128036702d66da863c673d7e1bd8909e,5.7,medium,afternoon,unknown,16000,13,2.281,True
librispeech_0582,librispeech_0582,04b6d9d5c8f81aeb4f89691a9af25557128036702d66da863c673d7e1bd8909e,12.19,long,evening,unknown,16000,28,2.297,True
librispeech_0583,librispeech_0583,04b6d9d5c8f81aeb4f89691a9af25557128036702d66da863c673d7e1bd8909e,10.22,long,night,unknown,16000,23,2.25,True
librispeech_0584,librispeech_0584,04b6d9d5c8f81aeb4f89691a9af25557128036702d66da863c673d7e1bd8909e,10.34,long,morning,unknown,16000,26,2.515,True
librispeech_0585,librispeech_0585,04b6d9d5c8f81aeb4f89691a9af25557128036702d66da863c673d7e1bd8909e,9.76,long,afternoon,unknown,16000,19,1.947,True
librispeech_0586,librispeech_0586,04b6d9d5c8f81aeb4f89691a9af25557128036702d66da863c673d7e1bd8909e,5.24,medium,evening,unknown,16000,16,3.053,True
librispeech_0587,librispeech_0587,04b6d9d5c8f81aeb4f89691a9af25557128036702d66da863c673d7e1bd8909e,6.655,medium,night,unknown,16000,20,3.005,True
librispeech_0588,librispeech_0588,04b6d9d5c8f81aeb4f89691a9af25557128036702d66da863c673d7e1bd8909e,2.78,short,morning,unknown,16000,5,1.799,True
librispeech_0589,librispeech_0589,04b6d9d5c8f81aeb4f89691a9af25557128036702d66da863c673d7e1bd8909e,14.0,long,afternoon,unknown,16000,32,2.286,True
librispeech_0590,librispeech_0590,04b6d9d5c8f81aeb4f89691a9af25557128036702d66da863c673d7e1bd8909e,4.49,medium,evening,unknown,16000,10,2.227,True
librispeech_0591,librispeech_0591,04b6d9d5c8f81aeb4f89691a9af25557128036702d66da863c673d7e1bd8909e,4.04,medium,night,unknown,16000,9,2.228,True
librispeech_0592,librispeech_0592,04b6d9d5c8f81aeb4f89691a9af25557128036702d66da863c673d7e1bd8909e,2.48,short,morning,unknown,16000,5,2.016,True
librispeech_0593,librispeech_0593,04b6d9d5c8f81aeb4f89691a9af25557128036702d66da863c673d7e1bd8909e,7.61,long,afternoon,unknown,16000,21,2.76,True
librispeech_0594,librispeech_0594,04b6d9d5c8f81aeb4f89691a9af25557128036702d66da863c673d7e1bd8909e,4.76,medium,evening,unknown,16000,13,2.731,True
librispeech_0595,librispeech_0595,04b6d9d5c8f81aeb4f89691a9af25557128036702d66da863c673d7e1bd8909e,4.97,medium,night,unknown,16000,8,1.61,True
librispeech_0596,librispeech_0596,04b6d9d5c8f81aeb4f89691a9af25557128036702d66da863c673d7e1bd8909e,3.135,medium,morning,unknown,16000,9,2.871,True
librispeech_0597,librispeech_0597,04b6d9d5c8f81aeb4f89691a9af25557128036702d66da863c673d7e1bd8909e,18.085,long,afternoon,unknown,16000,46,2.544,True
librispeech_0598,librispeech_0598,04b6d9d5c8f81aeb4f89691a9af25557128036702d66da863c673d7e1bd8909e,3.22,medium,evening,unknown,16000,8,2.484,True
librispeech_0599,librispeech_0599,04b6d9d5c8f81aeb4f89691a9af25557128036702d66da863c673d7e1bd8909e,2.87,short,night,unknown,16000,10,3.484,True
librispeech_0600,librispeech_0600,56a094b1ce8908c202c91f650207c02bd1d7786afbcd6cae3498ecba64861c28,3.7,medium,morning,unknown,16000,7,1.892,True
librispeech_0601,librispeech_0601,56a094b1ce8908c202c91f650207c02bd1d7786afbcd6cae3498ecba64861c28,2.205,short,afternoon,unknown,16000,5,2.268,True
librispeech_0602,librispeech_0602,56a094b1ce8908c202c91f650207c02bd1d7786afbcd6cae3498ecba64861c28,7.88,long,evening,unknown,16000,19,2.411,True
librispeech_0603,librispeech_0603,56a094b1ce8908c202c91f650207c02bd1d7786afbcd6cae3498ecba64861c28,4.47,medium,night,unknown,16000,10,2.237,True
librispeech_0604,librispeech_0604,56a094b1ce8908c202c91f650207c02bd1d7786afbcd6cae3498ecba64861c28,4.81,medium,morning,unknown,16000,10,2.079,True
librispeech_0605,librispeech_0605,56a094b1ce8908c202c91f650207c02bd1d7786afbcd6cae3498ecba64861c28,2.255,short,afternoon,unknown,16000,5,2.217,True
librispeech_0606,librispeech_0606,56a094b1ce8908c202c91f650207c02bd1d7786afbcd6cae3498ecba64861c28,2.6,short,evening,unknown,16000,7,2.692,True
librispeech_0607,librispeech_0607,56a094b1ce8908c202c91f650207c02bd1d7786afbcd6cae3498ecba64861c28,3.665,medium,night,unknown,16000,8,2.183,True
librispeech_0608,librispeech_0608,56a094b1ce8908c202c91f650207c02bd1d7786afbcd6cae3498ecba64861c28,4.88,medium,morning,unknown,16000,16,3.279,True
librispeech_0609,librispeech_0609,56a094b1ce8908c202c91f650207c02bd1d7786afbcd6cae3498ecba64861c28,4.89,medium,afternoon,unknown,16000,14,2.863,True
librispeech_0610,librispeech_0610,56a094b1ce8908c202c91f650207c02bd1d7786afbcd6cae3498ecba64861c28,8.75,long,evening,unknown,16000,25,2.857,True
librispeech_0611,librispeech_0611,56a094b1ce8908c202c91f650207c02bd1d7786afbcd6cae3498ecba64861c28,10.47,long,night,unknown,16000,28,2.674,True
librispeech_0612,librispeech_0612,56a094b1ce8908c202c91f650207c02bd1d7786afbcd6cae3498ecba64861c28,6.625,medium,morning,unknown,16000,16,2.415,True
librispeech_0613,librispeech_0613,56a094b1ce8908c202c91f650207c02bd1d7786afbcd6cae3498ecba64861c28,8.85,long,afternoon,unknown,16000,19,2.147,True
librispeech_0614,librispeech_0614,56a094b1ce8908c202c91f650207c02bd1d7786afbcd6cae3498ecba64861c28,3.55,medium,evening,unknown,16000,10,2.817,True
librispeech_0615,librispeech_0615,56a094b1ce8908c202c91f650207c02bd1d7786afbcd6cae3498ecba64861c28,11.65,long,night,unknown,16000,24,2.06,True
librispeech_0616,librispeech_0616,56a094b1ce8908c202c91f650207c02bd1d7786afbcd6cae3498ecba64861c28,8.14,long,morning,unknown,16000,22,2.703,True
librispeech_0617,librispeech_0617,56a094b1ce8908c202c91f650207c02bd1d7786afbcd6cae3498ecba64861c28,6.915,medium,afternoon,unknown,16000,16,2.314,True
librispeech_0618,librispeech_0618,56a094b1ce8908c202c91f650207c02bd1d7786afbcd6cae3498ecba64861c28,3.795,medium,evening,unknown,16000,10,2.635,True
librispeech_0619,librispeech_0619,56a094b1ce8908c202c91f650207c02bd1d7786afbcd6cae3498ecba64861c28,3.22,medium,night,unknown,16000,6,1.863,True
librispeech_0620,librispeech_0620,56a094b1ce8908c202c91f650207c02bd1d7786afbcd6cae3498ecba64861c28,6.145,medium,morning,unknown,16000,22,3.58,True
librispeech_0621,librispeech_0621,56a094b1ce8908c202c91f650207c02bd1d7786afbcd6cae3498ecba64861c28,3.105,medium,afternoon,unknown,16000,7,2.254,True
librispeech_0622,librispeech_0622,56a094b1ce8908c202c91f650207c02bd1d7786afbcd6cae3498ecba64861c28,9.33,long,evening,unknown,16000,26,2.787,True
librispeech_0623,librispeech_0623,56a094b1ce8908c202c91f650207c02bd1d7786afbcd6cae3498ecba64861c28,2.925,short,night,unknown,16000,9,3.077,True
librispeech_0624,librispeech_0624,56a094b1ce8908c202c91f650207c02bd1d7786afbcd6cae3498ecba64861c28,3.335,medium,morning,unknown,16000,5,1.499,True
librispeech_0625,librispeech_0625,56a094b1ce8908c202c91f650207c02bd1d7786afbcd6cae3498ecba64861c28,8.44,long,afternoon,unknown,16000,20,2.37,True
librispeech_0626,librispeech_0626,56a094b1ce8908c202c91f650207c02bd1d7786afbcd6cae3498ecba64861c28,6.81,medium,evening,unknown,16000,20,2.937,True
librispeech_0627,librispeech_0627,56a094b1ce8908c202c91f650207c02bd1d7786afbcd6cae3498ecba64861c28,8.52,long,night,unknown,16000,19,2.23,True
librispeech_0628,librispeech_0628,56a094b1ce8908c202c91f650207c02bd1d7786afbcd6cae3498ecba64861c28,8.91,long,morning,unknown,16000,24,2.694,True
librispeech_0629,librispeech_0629,56a094b1ce8908c202c91f650207c02bd1d7786afbcd6cae3498ecba64861c28,7.845,long,afternoon,unknown,16000,18,2.294,True
librispeech_0630,librispeech_0630,56a094b1ce8908c202c91f650207c02bd1d7786afbcd6cae3498ecba64861c28,6.2,medium,evening,unknown,16000,14,2.258,True
librispeech_0631,librispeech_0631,56a094b1ce8908c202c91f650207c02bd1d7786afbcd6cae3498ecba64861c28,6.93,medium,night,unknown,16000,16,2.309,True
librispeech_0632,librispeech_0632,56a094b1ce8908c202c91f650207c02bd1d7786afbcd6cae3498ecba64861c28,1.775,short,morning,unknown,16000,1,0.563,True
librispeech_0633,librispeech_0633,56a094b1ce8908c202c91f650207c02bd1d7786afbcd6cae3498ecba64861c28,6.69,medium,afternoon,unknown,16000,18,2.691,True
librispeech_0634,librispeech_0634,56a094b1ce8908c202c91f650207c02bd1d7786afbcd6cae3498ecba64861c28,3.28,medium,evening,unknown,16000,8,2.439,True
librispeech_0635,librispeech_0635,56a094b1ce8908c202c91f650207c02bd1d7786afbcd6cae3498ecba64861c28,7.78,long,night,unknown,16000,17,2.185,True
librispeech_0636,librispeech_0636,56a094b1ce8908c202c91f650207c02bd1d7786afbcd6cae3498ecba64861c28,3.18,medium,morning,unknown,16000,6,1.887,True
librispeech_0637,librispeech_0637,56a094b1ce8908c202c91f650207c02bd1d7786afbcd6cae3498ecba64861c28,3.455,medium,afternoon,unknown,16000,6,1.737,True
librispeech_0638,librispeech_0638,56a094b1ce8908c202c91f650207c02bd1d7786afbcd6cae3498ecba64861c28,3.15,medium,evening,unknown,16000,7,2.222,True
librispeech_0639,librispeech_0639,56a094b1ce8908c202c91f650207c02bd1d7786afbcd6cae3498ecba64861c28,3.65,medium,night,unknown,16000,6,1.644,True
librispeech_0640,librispeech_0640,56a094b1ce8908c202c91f650207c02bd1d7786afbcd6cae3498ecba64861c28,10.46,long,morning,unknown,16000,24,2.294,True
librispeech_0641,librispeech_0641,56a094b1ce8908c202c91f650207c02bd1d7786afbcd6cae3498ecba64861c28,2.34,short,afternoon,unknown,16000,4,1.709,True
librispeech_0642,librispeech_0642,56a094b1ce8908c202c91f650207c02bd1d7786afbcd6cae3498ecba64861c28,4.835,medium,evening,unknown,16000,13,2.689,True
librispeech_0643,librispeech_0643,56a094b1ce8908c202c91f650207c02bd1d7786afbcd6cae3498ecba64861c28,10.305,long,night,unknown,16000,29,2.814,True
librispeech_0644,librispeech_0644,56a094b1ce8908c202c91f650207c02bd1d7786afbcd6cae3498ecba64861c28,3.175,medium,morning,unknown,16000,6,1.89,True
librispeech_0645,librispeech_0645,56a094b1ce8908c202c91f650207c02bd1d7786afbcd6cae3498ecba64861c28,9.875,long,afternoon,unknown,16000,25,2.532,True
librispeech_0646,librispeech_0646,56a094b1ce8908c202c91f650207c02bd1d7786afbcd6cae3498ecba64861c28,10.11,long,evening,unknown,16000,24,2.374,True
librispeech_0647,librispeech_0647,56a094b1ce8908c202c91f650207c02bd1d7786afbcd6cae3498ecba64861c28,6.04,medium,night,unknown,16000,16,2.649,True
librispeech_0648,librispeech_0648,56a094b1ce8908c202c91f650207c02bd1d7786afbcd6cae3498ecba64861c28,5.825,medium,morning,unknown,16000,17,2.918,True
librispeech_0649,librispeech_0649,56a094b1ce8908c202c91f650207c02bd1d7786afbcd6cae3498ecba64861c28,14.065,long,afternoon,unknown,16000,33,2.346,True
librispeech_0650,librispeech_0650,56a094b1ce8908c202c91f650207c02bd1d7786afbcd6cae3498ecba64861c28,10.41,long,evening,unknown,16000,28,2.69,True
librispeech_0651,librispeech_0651,56a094b1ce8908c202c91f650207c02bd1d7786afbcd6cae3498ecba64861c28,9.42,long,night,unknown,16000,26,2.76,True
librispeech_0652,librispeech_0652,56a094b1ce8908c202c91f650207c02bd1d7786afbcd6cae3498ecba64861c28,20.39,long,morning,unknown,16000,55,2.697,True
librispeech_0653,librispeech_0653,56a094b1ce8908c202c91f650207c02bd1d7786afbcd6cae3498ecba64861c28,8.065,long,afternoon,unknown,16000,28,3.472,True
librispeech_0654,librispeech_0654,56a094b1ce8908c202c91f650207c02bd1d7786afbcd6cae3498ecba64861c28,8.14,long,evening,unknown,16000,22,2.703,True
librispeech_0655,librispeech_0655,56a094b1ce8908c202c91f650207c02bd1d7786afbcd6cae3498ecba64861c28,7.59,long,night,unknown,16000,20,2.635,True
librispeech_0656,librispeech_0656,56a094b1ce8908c202c91f650207c02bd1d7786afbcd6cae3498ecba64861c28,3.385,medium,morning,unknown,16000,13,3.84,True
librispeech_0657,librispeech_0657,56a094b1ce8908c202c91f650207c02bd1d7786afbcd6cae3498ecba64861c28,10.4,long,afternoon,unknown,16000,32,3.077,True
librispeech_0658,librispeech_0658,56a094b1ce8908c202c91f650207c02bd1d7786afbcd6cae3498ecba64861c28,2.83,short,evening,unknown,16000,7,2.473,True
librispeech_0659,librispeech_0659,56a094b1ce8908c202c91f650207c02bd1d7786afbcd6cae3498ecba64861c28,5.96,medium,night,unknown,16000,18,3.02,True
librispeech_0660,librispeech_0660,56a094b1ce8908c202c91f650207c02bd1d7786afbcd6cae3498ecba64861c28,2.425,short,morning,unknown,16000,5,2.062,True
librispeech_0661,librispeech_0661,56a094b1ce8908c202c91f650207c02bd1d7786afbcd6cae3498ecba64861c28,13.805,long,afternoon,unknown,16000,46,3.332,True
librispeech_0662,librispeech_0662,56a094b1ce8908c202c91f650207c02bd1d7786afbcd6cae3498ecba64861c28,12.065,long,evening,unknown,16000,37,3.067,True
librispeech_0663,librispeech_0663,56a094b1ce8908c202c91f650207c02bd1d7786afbcd6cae3498ecba64861c28,5.26,medium,night,unknown,16000,18,3.422,True
librispeech_0664,librispeech_0664,56a094b1ce8908c202c91f650207c02bd1d7786afbcd6cae3498ecba64861c28,3.35,medium,morning,unknown,16000,10,2.985,True
librispeech_0665,librispeech_0665,56a094b1ce8908c202c91f650207c02bd1d7786afbcd6cae3498ecba64861c28,10.36,long,afternoon,unknown,16000,33,3.185,True
librispeech_0666,librispeech_0666,56a094b1ce8908c202c91f650207c02bd1d7786afbcd6cae3498ecba64861c28,11.04,long,evening,unknown,16000,29,2.627,True
librispeech_0667,librispeech_0667,56a094b1ce8908c202c91f650207c02bd1d7786afbcd6cae3498ecba64861c28,12.265,long,night,unknown,16000,38,3.098,True
librispeech_0668,librispeech_0668,56a094b1ce8908c202c91f650207c02bd1d7786afbcd6cae3498ecba64861c28,6.32,medium,morning,unknown,16000,20,3.165,True
librispeech_0669,librispeech_0669,56a094b1ce8908c202c91f650207c02bd1d7786afbcd6cae3498ecba64861c28,6.755,medium,afternoon,unknown,16000,19,2.813,True
librispeech_0670,librispeech_0670,56a094b1ce8908c202c91f650207c02bd1d7786afbcd6cae3498ecba64861c28,4.34,medium,evening,unknown,16000,14,3.226,True
librispeech_0671,librispeech_0671,56a094b1ce8908c202c91f650207c02bd1d7786afbcd6cae3498ecba64861c28,17.175,long,night,unknown,16000,52,3.028,True
librispeech_0672,librispeech_0672,56a094b1ce8908c202c91f650207c02bd1d7786afbcd6cae3498ecba64861c28,2.69,short,morning,unknown,16000,9,3.346,True
librispeech_0673,librispeech_0673,56a094b1ce8908c202c91f650207c02bd1d7786afbcd6cae3498ecba64861c28,6.645,medium,afternoon,unknown,16000,21,3.16,True
librispeech_0674,librispeech_0674,56a094b1ce8908c202c91f650207c02bd1d7786afbcd6cae3498ecba64861c28,3.775,medium,evening,unknown,16000,11,2.914,True
librispeech_0675,librispeech_0675,56a094b1ce8908c202c91f650207c02bd1d7786afbcd6cae3498ecba64861c28,19.275,long,night,unknown,16000,62,3.217,True
librispeech_0676,librispeech_0676,56a094b1ce8908c202c91f650207c02bd1d7786afbcd6cae3498ecba64861c28,4.815,medium,morning,unknown,16000,17,3.531,True
librispeech_0677,librispeech_0677,56a094b1ce8908c202c91f650207c02bd1d7786afbcd6cae3498ecba64861c28,6.645,medium,afternoon,unknown,16000,21,3.16,True
librispeech_0678,librispeech_0678,56a094b1ce8908c202c91f650207c02bd1d7786afbcd6cae3498ecba64861c28,4.545,medium,evening,unknown,16000,13,2.86,True
librispeech_0679,librispeech_0679,56a094b1ce8908c202c91f650207c02bd1d7786afbcd6cae3498ecba64861c28,4.625,medium,night,unknown,16000,16,3.459,True
librispeech_0680,librispeech_0680,56a094b1ce8908c202c91f650207c02bd1d7786afbcd6cae3498ecba64861c28,6.05,medium,morning,unknown,16000,20,3.306,True
librispeech_0681,librispeech_0681,56a094b1ce8908c202c91f650207c02bd1d7786afbcd6cae3498ecba64861c28,5.51,medium,afternoon,unknown,16000,20,3.63,True
librispeech_0682,librispeech_0682,56a094b1ce8908c202c91f650207c02bd1d7786afbcd6cae3498ecba64861c28,5.98,medium,evening,unknown,16000,20,3.344,True
librispeech_0683,librispeech_0683,56a094b1ce8908c202c91f650207c02bd1d7786afbcd6cae3498ecba64861c28,2.82,short,night,unknown,16000,6,2.128,True
librispeech_0684,librispeech_0684,56a094b1ce8908c202c91f650207c02bd1d7786afbcd6cae3498ecba64861c28,7.14,long,morning,unknown,16000,23,3.221,True
librispeech_0685,librispeech_0685,56a094b1ce8908c202c91f650207c02bd1d7786afbcd6cae3498ecba64861c28,7.02,long,afternoon,unknown,16000,22,3.134,True
librispeech_0686,librispeech_0686,56a094b1ce8908c202c91f650207c02bd1d7786afbcd6cae3498ecba64861c28,10.21,long,evening,unknown,16000,35,3.428,True
librispeech_0687,librispeech_0687,56a094b1ce8908c202c91f650207c02bd1d7786afbcd6cae3498ecba64861c28,9.375,long,night,unknown,16000,29,3.093,True
librispeech_0688,librispeech_0688,56a094b1ce8908c202c91f650207c02bd1d7786afbcd6cae3498ecba64861c28,16.56,long,morning,unknown,16000,60,3.623,True
librispeech_0689,librispeech_0689,56a094b1ce8908c202c91f650207c02bd1d7786afbcd6cae3498ecba64861c28,11.985,long,afternoon,unknown,16000,39,3.254,True
librispeech_0690,librispeech_0690,56a094b1ce8908c202c91f650207c02bd1d7786afbcd6cae3498ecba64861c28,9.9,long,evening,unknown,16000,37,3.737,True
librispeech_0691,librispeech_0691,56a094b1ce8908c202c91f650207c02bd1d7786afbcd6cae3498ecba64861c28,10.29,long,night,unknown,16000,35,3.401,True
librispeech_0692,librispeech_0692,56a094b1ce8908c202c91f650207c02bd1d7786afbcd6cae3498ecba64861c28,20.88,long,morning,unknown,16000,63,3.017,True
librispeech_0693,librispeech_0693,56a094b1ce8908c202c91f650207c02bd1d7786afbcd6cae3498ecba64861c28,10.26,long,afternoon,unknown,16000,30,2.924,True
librispeech_0694,librispeech_0694,56a094b1ce8908c202c91f650207c02bd1d7786afbcd6cae3498ecba64861c28,2.09,short,evening,unknown,16000,7,3.349,True
librispeech_0695,librispeech_0695,56a094b1ce8908c202c91f650207c02bd1d7786afbcd6cae3498ecba64861c28,3.265,medium,night,unknown,16000,8,2.45,True
librispeech_0696,librispeech_0696,56a094b1ce8908c202c91f650207c02bd1d7786afbcd6cae3498ecba64861c28,7.425,long,morning,unknown,16000,25,3.367,True
librispeech_0697,librispeech_0697,56a094b1ce8908c202c91f650207c02bd1d7786afbcd6cae3498ecba64861c28,11.345,long,afternoon,unknown,16000,38,3.349,True
librispeech_0698,librispeech_0698,56a094b1ce8908c202c91f650207c02bd1d7786afbcd6cae3498ecba64861c28,4.74,medium,evening,unknown,16000,15,3.165,True
librispeech_0699,librispeech_0699,56a094b1ce8908c202c91f650207c02bd1d7786afbcd6cae3498ecba64861c28,6.825,medium,night,unknown,16000,20,2.93,True
librispeech_0700,librispeech_0700,ab1aef5e5cbac2290c00cc9a362e540a6d5b30d6deeae10dd16fbfd77aef8d1b,9.195,long,morning,unknown,16000,32,3.48,True
librispeech_0701,librispeech_0701,ab1aef5e5cbac2290c00cc9a362e540a6d5b30d6deeae10dd16fbfd77aef8d1b,7.89,long,afternoon,unknown,16000,27,3.422,True
librispeech_0702,librispeech_0702,ab1aef5e5cbac2290c00cc9a362e540a6d5b30d6deeae10dd16fbfd77aef8d1b,7.25,long,evening,unknown,16000,30,4.138,True
librispeech_0703,librispeech_0703,ab1aef5e5cbac2290c00cc9a362e540a6d5b30d6deeae10dd16fbfd77aef8d1b,9.88,long,night,unknown,16000,27,2.733,True
librispeech_0704,librispeech_0704,ab1aef5e5cbac2290c00cc9a362e540a6d5b30d6deeae10dd16fbfd77aef8d1b,8.625,long,morning,unknown,16000,31,3.594,True
librispeech_0705,librispeech_0705,ab1aef5e5cbac2290c00cc9a362e540a6d5b30d6deeae10dd16fbfd77aef8d1b,7.55,long,afternoon,unknown,16000,24,3.179,True
librispeech_0706,librispeech_0706,ab1aef5e5cbac2290c00cc9a362e540a6d5b30d6deeae10dd16fbfd77aef8d1b,5.535,medium,evening,unknown,16000,16,2.891,True
librispeech_0707,librispeech_0707,ab1aef5e5cbac2290c00cc9a362e540a6d5b30d6deeae10dd16fbfd77aef8d1b,4.415,medium,night,unknown,16000,16,3.624,True
librispeech_0708,librispeech_0708,ab1aef5e5cbac2290c00cc9a362e540a6d5b30d6deeae10dd16fbfd77aef8d1b,10.36,long,morning,unknown,16000,26,2.51,True
librispeech_0709,librispeech_0709,ab1aef5e5cbac2290c00cc9a362e540a6d5b30d6deeae10dd16fbfd77aef8d1b,3.065,medium,afternoon,unknown,16000,10,3.263,True
librispeech_0710,librispeech_0710,ab1aef5e5cbac2290c00cc9a362e540a6d5b30d6deeae10dd16fbfd77aef8d1b,4.37,medium,evening,unknown,16000,14,3.204,True
librispeech_0711,librispeech_0711,ab1aef5e5cbac2290c00cc9a362e540a6d5b30d6deeae10dd16fbfd77aef8d1b,4.03,medium,night,unknown,16000,11,2.73,True
librispeech_0712,librispeech_0712,ab1aef5e5cbac2290c00cc9a362e540a6d5b30d6deeae10dd16fbfd77aef8d1b,6.125,medium,morning,unknown,16000,29,4.735,True
librispeech_0713,librispeech_0713,ab1aef5e5cbac2290c00cc9a362e540a6d5b30d6deeae10dd16fbfd77aef8d1b,4.45,medium,afternoon,unknown,16000,13,2.921,True
librispeech_0714,librispeech_0714,ab1aef5e5cbac2290c00cc9a362e540a6d5b30d6deeae10dd16fbfd77aef8d1b,2.13,short,evening,unknown,16000,8,3.756,True
librispeech_0715,librispeech_0715,ab1aef5e5cbac2290c00cc9a362e540a6d5b30d6deeae10dd16fbfd77aef8d1b,5.925,medium,night,unknown,16000,19,3.207,True
librispeech_0716,librispeech_0716,ab1aef5e5cbac2290c00cc9a362e540a6d5b30d6deeae10dd16fbfd77aef8d1b,2.575,short,morning,unknown,16000,7,2.718,True
librispeech_0717,librispeech_0717,ab1aef5e5cbac2290c00cc9a362e540a6d5b30d6deeae10dd16fbfd77aef8d1b,6.095,medium,afternoon,unknown,16000,24,3.938,True
librispeech_0718,librispeech_0718,ab1aef5e5cbac2290c00cc9a362e540a6d5b30d6deeae10dd16fbfd77aef8d1b,6.025,medium,evening,unknown,16000,19,3.154,True
librispeech_0719,librispeech_0719,ab1aef5e5cbac2290c00cc9a362e540a6d5b30d6deeae10dd16fbfd77aef8d1b,6.72,medium,night,unknown,16000,26,3.869,True
librispeech_0720,librispeech_0720,ab1aef5e5cbac2290c00cc9a362e540a6d5b30d6deeae10dd16fbfd77aef8d1b,6.585,medium,morning,unknown,16000,17,2.582,True
librispeech_0721,librispeech_0721,ab1aef5e5cbac2290c00cc9a362e540a6d5b30d6deeae10dd16fbfd77aef8d1b,6.2,medium,afternoon,unknown,16000,30,4.839,True
librispeech_0722,librispeech_0722,ab1aef5e5cbac2290c00cc9a362e540a6d5b30d6deeae10dd16fbfd77aef8d1b,3.815,medium,evening,unknown,16000,11,2.883,True
librispeech_0723,librispeech_0723,ab1aef5e5cbac2290c00cc9a362e540a6d5b30d6deeae10dd16fbfd77aef8d1b,3.16,medium,night,unknown,16000,11,3.481,True
librispeech_0724,librispeech_0724,ab1aef5e5cbac2290c00cc9a362e540a6d5b30d6deeae10dd16fbfd77aef8d1b,2.165,short,morning,unknown,16000,8,3.695,True
librispeech_0725,librispeech_0725,ab1aef5e5cbac2290c00cc9a362e540a6d5b30d6deeae10dd16fbfd77aef8d1b,2.57,short,afternoon,unknown,16000,8,3.113,True
librispeech_0726,librispeech_0726,ab1aef5e5cbac2290c00cc9a362e540a6d5b30d6deeae10dd16fbfd77aef8d1b,5.53,medium,evening,unknown,16000,24,4.34,True
librispeech_0727,librispeech_0727,ab1aef5e5cbac2290c00cc9a362e540a6d5b30d6deeae10dd16fbfd77aef8d1b,2.535,short,night,unknown,16000,8,3.156,True
librispeech_0728,librispeech_0728,ab1aef5e5cbac2290c00cc9a362e540a6d5b30d6deeae10dd16fbfd77aef8d1b,2.935,short,morning,unknown,16000,13,4.429,True
librispeech_0729,librispeech_0729,ab1aef5e5cbac2290c00cc9a362e540a6d5b30d6deeae10dd16fbfd77aef8d1b,5.19,medium,afternoon,unknown,16000,20,3.854,True
librispeech_0730,librispeech_0730,ab1aef5e5cbac2290c00cc9a362e540a6d5b30d6deeae10dd16fbfd77aef8d1b,6.425,medium,evening,unknown,16000,27,4.202,True
librispeech_0731,librispeech_0731,ab1aef5e5cbac2290c00cc9a362e540a6d5b30d6deeae10dd16fbfd77aef8d1b,1.94,short,night,unknown,16000,5,2.577,True
librispeech_0732,librispeech_0732,ab1aef5e5cbac2290c00cc9a362e540a6d5b30d6deeae10dd16fbfd77aef8d1b,13.135,long,morning,unknown,16000,45,3.426,True
librispeech_0733,librispeech_0733,ab1aef5e5cbac2290c00cc9a362e540a6d5b30d6deeae10dd16fbfd77aef8d1b,20.995,long,afternoon,unknown,16000,68,3.239,True
librispeech_0734,librispeech_0734,ab1aef5e5cbac2290c00cc9a362e540a6d5b30d6deeae10dd16fbfd77aef8d1b,14.46,long,evening,unknown,16000,45,3.112,True
librispeech_0735,librispeech_0735,ab1aef5e5cbac2290c00cc9a362e540a6d5b30d6deeae10dd16fbfd77aef8d1b,5.13,medium,night,unknown,16000,17,3.314,True
librispeech_0736,librispeech_0736,ab1aef5e5cbac2290c00cc9a362e540a6d5b30d6deeae10dd16fbfd77aef8d1b,2.49,short,morning,unknown,16000,8,3.213,True
librispeech_0737,librispeech_0737,ab1aef5e5cbac2290c00cc9a362e540a6d5b30d6deeae10dd16fbfd77aef8d1b,3.17,medium,afternoon,unknown,16000,7,2.208,True
librispeech_0738,librispeech_0738,ab1aef5e5cbac2290c00cc9a362e540a6d5b30d6deeae10dd16fbfd77aef8d1b,4.515,medium,evening,unknown,16000,16,3.544,True
librispeech_0739,librispeech_0739,ab1aef5e5cbac2290c00cc9a362e540a6d5b30d6deeae10dd16fbfd77aef8d1b,4.6,medium,night,unknown,16000,13,2.826,True
librispeech_0740,librispeech_0740,ab1aef5e5cbac2290c00cc9a362e540a6d5b30d6deeae10dd16fbfd77aef8d1b,5.125,medium,morning,unknown,16000,22,4.293,True
librispeech_0741,librispeech_0741,ab1aef5e5cbac2290c00cc9a362e540a6d5b30d6deeae10dd16fbfd77aef8d1b,2.96,short,afternoon,unknown,16000,12,4.054,True
librispeech_0742,librispeech_0742,ab1aef5e5cbac2290c00cc9a362e540a6d5b30d6deeae10dd16fbfd77aef8d1b,2.57,short,evening,unknown,16000,9,3.502,True
librispeech_0743,librispeech_0743,ab1aef5e5cbac2290c00cc9a362e540a6d5b30d6deeae10dd16fbfd77aef8d1b,5.535,medium,night,unknown,16000,23,4.155,True
librispeech_0744,librispeech_0744,ab1aef5e5cbac2290c00cc9a362e540a6d5b30d6deeae10dd16fbfd77aef8d1b,4.325,medium,morning,unknown,16000,17,3.931,True
librispeech_0745,librispeech_0745,ab1aef5e5cbac2290c00cc9a362e540a6d5b30d6deeae10dd16fbfd77aef8d1b,2.565,short,afternoon,unknown,16000,7,2.729,True
librispeech_0746,librispeech_0746,ab1aef5e5cbac2290c00cc9a362e540a6d5b30d6deeae10dd16fbfd77aef8d1b,10.815,long,evening,unknown,16000,48,4.438,True
librispeech_0747,librispeech_0747,ab1aef5e5cbac2290c00cc9a362e540a6d5b30d6deeae10dd16fbfd77aef8d1b,2.24,short,night,unknown,16000,6,2.679,True
librispeech_0748,librispeech_0748,ab1aef5e5cbac2290c00cc9a362e540a6d5b30d6deeae10dd16fbfd77aef8d1b,8.32,long,morning,unknown,16000,28,3.365,True
librispeech_0749,librispeech_0749,ab1aef5e5cbac2290c00cc9a362e540a6d5b30d6deeae10dd16fbfd77aef8d1b,4.215,medium,afternoon,unknown,16000,17,4.033,True
librispeech_0750,librispeech_0750,ab1aef5e5cbac2290c00cc9a362e540a6d5b30d6deeae10dd16fbfd77aef8d1b,7.475,long,evening,unknown,16000,39,5.217,True
librispeech_0751,librispeech_0751,ab1aef5e5cbac2290c00cc9a362e540a6d5b30d6deeae10dd16fbfd77aef8d1b,4.405,medium,night,unknown,16000,21,4.767,True
librispeech_0752,librispeech_0752,ab1aef5e5cbac2290c00cc9a362e540a6d5b30d6deeae10dd16fbfd77aef8d1b,7.67,long,morning,unknown,16000,23,2.999,True
librispeech_0753,librispeech_0753,ab1aef5e5cbac2290c00cc9a362e540a6d5b30d6deeae10dd16fbfd77aef8d1b,6.735,medium,afternoon,unknown,16000,20,2.97,True
librispeech_0754,librispeech_0754,ab1aef5e5cbac2290c00cc9a362e540a6d5b30d6deeae10dd16fbfd77aef8d1b,3.785,medium,evening,unknown,16000,12,3.17,True
librispeech_0755,librispeech_0755,ab1aef5e5cbac2290c00cc9a362e540a6d5b30d6deeae10dd16fbfd77aef8d1b,10.11,long,night,unknown,16000,40,3.956,True
librispeech_0756,librispeech_0756,ab1aef5e5cbac2290c00cc9a362e540a6d5b30d6deeae10dd16fbfd77aef8d1b,11.85,long,morning,unknown,16000,43,3.629,True
librispeech_0757,librispeech_0757,ab1aef5e5cbac2290c00cc9a362e540a6d5b30d6deeae10dd16fbfd77aef8d1b,9.365,long,afternoon,unknown,16000,37,3.951,True
librispeech_0758,librispeech_0758,ab1aef5e5cbac2290c00cc9a362e540a6d5b30d6deeae10dd16fbfd77aef8d1b,11.55,long,evening,unknown,16000,38,3.29,True
librispeech_0759,librispeech_0759,ab1aef5e5cbac2290c00cc9a362e540a6d5b30d6deeae10dd16fbfd77aef8d1b,11.055,long,night,unknown,16000,36,3.256,True
librispeech_0760,librispeech_0760,ab1aef5e5cbac2290c00cc9a362e540a6d5b30d6deeae10dd16fbfd77aef8d1b,21.93,long,morning,unknown,16000,69,3.146,True
librispeech_0761,librispeech_0761,ab1aef5e5cbac2290c00cc9a362e540a6d5b30d6deeae10dd16fbfd77aef8d1b,10.045,long,afternoon,unknown,16000,27,2.688,True
librispeech_0762,librispeech_0762,ab1aef5e5cbac2290c00cc9a362e540a6d5b30d6deeae10dd16fbfd77aef8d1b,8.78,long,evening,unknown,16000,27,3.075,True
librispeech_0763,librispeech_0763,ab1aef5e5cbac2290c00cc9a362e540a6d5b30d6deeae10dd16fbfd77aef8d1b,6.05,medium,night,unknown,16000,23,3.802,True
librispeech_0764,librispeech_0764,ab1aef5e5cbac2290c00cc9a362e540a6d5b30d6deeae10dd16fbfd77aef8d1b,7.665,long,morning,unknown,16000,24,3.131,True
librispeech_0765,librispeech_0765,ab1aef5e5cbac2290c00cc9a362e540a6d5b30d6deeae10dd16fbfd77aef8d1b,9.125,long,afternoon,unknown,16000,28,3.068,True
librispeech_0766,librispeech_0766,ab1aef5e5cbac2290c00cc9a362e540a6d5b30d6deeae10dd16fbfd77aef8d1b,5.84,medium,evening,unknown,16000,17,2.911,True
librispeech_0767,librispeech_0767,ab1aef5e5cbac2290c00cc9a362e540a6d5b30d6deeae10dd16fbfd77aef8d1b,3.205,medium,night,unknown,16000,12,3.744,True
librispeech_0768,librispeech_0768,ab1aef5e5cbac2290c00cc9a362e540a6d5b30d6deeae10dd16fbfd77aef8d1b,12.385,long,morning,unknown,16000,35,2.826,True
librispeech_0769,librispeech_0769,ab1aef5e5cbac2290c00cc9a362e540a6d5b30d6deeae10dd16fbfd77aef8d1b,3.985,medium,afternoon,unknown,16000,9,2.258,True
librispeech_0770,librispeech_0770,ab1aef5e5cbac2290c00cc9a362e540a6d5b30d6deeae10dd16fbfd77aef8d1b,8.83,long,evening,unknown,16000,32,3.624,True
librispeech_0771,librispeech_0771,ab1aef5e5cbac2290c00cc9a362e540a6d5b30d6deeae10dd16fbfd77aef8d1b,2.815,short,night,unknown,16000,9,3.197,True
librispeech_0772,librispeech_0772,ab1aef5e5cbac2290c00cc9a362e540a6d5b30d6deeae10dd16fbfd77aef8d1b,6.295,medium,morning,unknown,16000,20,3.177,True
librispeech_0773,librispeech_0773,ab1aef5e5cbac2290c00cc9a362e540a6d5b30d6deeae10dd16fbfd77aef8d1b,3.085,medium,afternoon,unknown,16000,11,3.566,True
librispeech_0774,librispeech_0774,ab1aef5e5cbac2290c00cc9a362e540a6d5b30d6deeae10dd16fbfd77aef8d1b,2.29,short,evening,unknown,16000,8,3.493,True
librispeech_0775,librispeech_0775,ab1aef5e5cbac2290c00cc9a362e540a6d5b30d6deeae10dd16fbfd77aef8d1b,5.78,medium,night,unknown,16000,15,2.595,True
librispeech_0776,librispeech_0776,ab1aef5e5cbac2290c00cc9a362e540a6d5b30d6deeae10dd16fbfd77aef8d1b,2.83,short,morning,unknown,16000,8,2.827,True
librispeech_0777,librispeech_0777,ab1aef5e5cbac2290c00cc9a362e540a6d5b30d6deeae10dd16fbfd77aef8d1b,4.785,medium,afternoon,unknown,16000,18,3.762,True
librispeech_0778,librispeech_0778,ab1aef5e5cbac2290c00cc9a362e540a6d5b30d6deeae10dd16fbfd77aef8d1b,7.72,long,evening,unknown,16000,19,2.461,True
librispeech_0779,librispeech_0779,ab1aef5e5cbac2290c00cc9a362e540a6d5b30d6deeae10dd16fbfd77aef8d1b,2.86,short,night,unknown,16000,8,2.797,True
librispeech_0780,librispeech_0780,ab1aef5e5cbac2290c00cc9a362e540a6d5b30d6deeae10dd16fbfd77aef8d1b,3.105,medium,morning,unknown,16000,4,1.288,True
librispeech_0781,librispeech_0781,ab1aef5e5cbac2290c00cc9a362e540a6d5b30d6deeae10dd16fbfd77aef8d1b,7.885,long,afternoon,unknown,16000,17,2.156,True
librispeech_0782,librispeech_0782,ab1aef5e5cbac2290c00cc9a362e540a6d5b30d6deeae10dd16fbfd77aef8d1b,6.105,medium,evening,unknown,16000,16,2.621,True
librispeech_0783,librispeech_0783,ab1aef5e5cbac2290c00cc9a362e540a6d5b30d6deeae10dd16fbfd77aef8d1b,3.245,medium,night,unknown,16000,10,3.082,True
librispeech_0784,librispeech_0784,ab1aef5e5cbac2290c00cc9a362e540a6d5b30d6deeae10dd16fbfd77aef8d1b,12.315,long,morning,unknown,16000,34,2.761,True
librispeech_0785,librispeech_0785,ab1aef5e5cbac2290c00cc9a362e540a6d5b30d6deeae10dd16fbfd77aef8d1b,4.4,medium,afternoon,unknown,16000,13,2.955,True
librispeech_0786,librispeech_0786,ab1aef5e5cbac2290c00cc9a362e540a6d5b30d6deeae10dd16fbfd77aef8d1b,2.84,short,evening,unknown,16000,6,2.113,True
librispeech_0787,librispeech_0787,ab1aef5e5cbac2290c00cc9a362e540a6d5b30d6deeae10dd16fbfd77aef8d1b,4.59,medium,night,unknown,16000,12,2.614,True
librispeech_0788,librispeech_0788,ab1aef5e5cbac2290c00cc9a362e540a6d5b30d6deeae10dd16fbfd77aef8d1b,13.4,long,morning,unknown,16000,33,2.463,True
librispeech_0789,librispeech_0789,ab1aef5e5cbac2290c00cc9a362e540a6d5b30d6deeae10dd16fbfd77aef8d1b,8.265,long,afternoon,unknown,16000,22,2.662,True
librispeech_0790,librispeech_0790,ab1aef5e5cbac2290c00cc9a362e540a6d5b30d6deeae10dd16fbfd77aef8d1b,10.09,long,evening,unknown,16000,27,2.676,True
librispeech_0791,librispeech_0791,ab1aef5e5cbac2290c00cc9a362e540a6d5b30d6deeae10dd16fbfd77aef8d1b,2.525,short,night,unknown,16000,8,3.168,True
librispeech_0792,librispeech_0792,ab1aef5e5cbac2290c00cc9a362e540a6d5b30d6deeae10dd16fbfd77aef8d1b,4.58,medium,morning,unknown,16000,13,2.838,True
librispeech_0793,librispeech_0793,ab1aef5e5cbac2290c00cc9a362e540a6d5b30d6deeae10dd16fbfd77aef8d1b,6.71,medium,afternoon,unknown,16000,13,1.937,True
librispeech_0794,librispeech_0794,ab1aef5e5cbac2290c00cc9a362e540a6d5b30d6deeae10dd16fbfd77aef8d1b,2.02,short,evening,unknown,16000,6,2.97,True
librispeech_0795,librispeech_0795,ab1aef5e5cbac2290c00cc9a362e540a6d5b30d6deeae10dd16fbfd77aef8d1b,2.235,short,night,unknown,16000,4,1.79,True
librispeech_0796,librispeech_0796,ab1aef5e5cbac2290c00cc9a362e540a6d5b30d6deeae10dd16fbfd77aef8d1b,11.51,long,morning,unknown,16000,40,3.475,True
librispeech_0797,librispeech_0797,ab1aef5e5cbac2290c00cc9a362e540a6d5b30d6deeae10dd16fbfd77aef8d1b,8.55,long,afternoon,unknown,16000,24,2.807,True
librispeech_0798,librispeech_0798,ab1aef5e5cbac2290c00cc9a362e540a6d5b30d6deeae10dd16fbfd77aef8d1b,5.325,medium,evening,unknown,16000,19,3.568,True
librispeech_0799,librispeech_0799,ab1aef5e5cbac2290c00cc9a362e540a6d5b30d6deeae10dd16fbfd77aef8d1b,4.015,medium,night,unknown,16000,9,2.242,True
librispeech_0800,librispeech_0800,575f6677b437d6a2f0f8359b7a5644c32db1b809e8d9360caad1c05150609bf4,7.44,long,morning,unknown,16000,26,3.495,True
librispeech_0801,librispeech_0801,575f6677b437d6a2f0f8359b7a5644c32db1b809e8d9360caad1c05150609bf4,2.97,short,afternoon,unknown,16000,11,3.704,True
librispeech_0802,librispeech_0802,575f6677b437d6a2f0f8359b7a5644c32db1b809e8d9360caad1c05150609bf4,7.675,long,evening,unknown,16000,21,2.736,True
librispeech_0803,librispeech_0803,575f6677b437d6a2f0f8359b7a5644c32db1b809e8d9360caad1c05150609bf4,3.41,medium,night,unknown,16000,13,3.812,True
librispeech_0804,librispeech_0804,575f6677b437d6a2f0f8359b7a5644c32db1b809e8d9360caad1c05150609bf4,4.195,medium,morning,unknown,16000,10,2.384,True
librispeech_0805,librispeech_0805,575f6677b437d6a2f0f8359b7a5644c32db1b809e8d9360caad1c05150609bf4,5.99,medium,afternoon,unknown,16000,16,2.671,True
librispeech_0806,librispeech_0806,575f6677b437d6a2f0f8359b7a5644c32db1b809e8d9360caad1c05150609bf4,3.34,medium,evening,unknown,16000,9,2.695,True
librispeech_0807,librispeech_0807,575f6677b437d6a2f0f8359b7a5644c32db1b809e8d9360caad1c05150609bf4,2.42,short,night,unknown,16000,6,2.479,True
librispeech_0808,librispeech_0808,575f6677b437d6a2f0f8359b7a5644c32db1b809e8d9360caad1c05150609bf4,2.56,short,morning,unknown,16000,7,2.734,True
librispeech_0809,librispeech_0809,575f6677b437d6a2f0f8359b7a5644c32db1b809e8d9360caad1c05150609bf4,3.71,medium,afternoon,unknown,16000,15,4.043,True
librispeech_0810,librispeech_0810,575f6677b437d6a2f0f8359b7a5644c32db1b809e8d9360caad1c05150609bf4,5.545,medium,evening,unknown,16000,18,3.246,True
librispeech_0811,librispeech_0811,575f6677b437d6a2f0f8359b7a5644c32db1b809e8d9360caad1c05150609bf4,4.75,medium,night,unknown,16000,16,3.368,True
librispeech_0812,librispeech_0812,575f6677b437d6a2f0f8359b7a5644c32db1b809e8d9360caad1c05150609bf4,3.94,medium,morning,unknown,16000,13,3.299,True
librispeech_0813,librispeech_0813,575f6677b437d6a2f0f8359b7a5644c32db1b809e8d9360caad1c05150609bf4,10.25,long,afternoon,unknown,16000,30,2.927,True
librispeech_0814,librispeech_0814,575f6677b437d6a2f0f8359b7a5644c32db1b809e8d9360caad1c05150609bf4,3.42,medium,evening,unknown,16000,9,2.632,True
librispeech_0815,librispeech_0815,575f6677b437d6a2f0f8359b7a5644c32db1b809e8d9360caad1c05150609bf4,3.195,medium,night,unknown,16000,9,2.817,True
librispeech_0816,librispeech_0816,575f6677b437d6a2f0f8359b7a5644c32db1b809e8d9360caad1c05150609bf4,7.215,long,morning,unknown,16000,25,3.465,True
librispeech_0817,librispeech_0817,575f6677b437d6a2f0f8359b7a5644c32db1b809e8d9360caad1c05150609bf4,5.18,medium,afternoon,unknown,16000,14,2.703,True
librispeech_0818,librispeech_0818,575f6677b437d6a2f0f8359b7a5644c32db1b809e8d9360caad1c05150609bf4,9.33,long,evening,unknown,16000,27,2.894,True
librispeech_0819,librispeech_0819,575f6677b437d6a2f0f8359b7a5644c32db1b809e8d9360caad1c05150609bf4,9.145,long,night,unknown,16000,28,3.062,True
librispeech_0820,librispeech_0820,575f6677b437d6a2f0f8359b7a5644c32db1b809e8d9360caad1c05150609bf4,3.905,medium,morning,unknown,16000,11,2.817,True
librispeech_0821,librispeech_0821,575f6677b437d6a2f0f8359b7a5644c32db1b809e8d9360caad1c05150609bf4,17.65,long,afternoon,unknown,16000,41,2.323,True
librispeech_0822,librispeech_0822,575f6677b437d6a2f0f8359b7a5644c32db1b809e8d9360caad1c05150609bf4,4.73,medium,evening,unknown,16000,12,2.537,True
librispeech_0823,librispeech_0823,575f6677b437d6a2f0f8359b7a5644c32db1b809e8d9360caad1c05150609bf4,6.72,medium,night,unknown,16000,16,2.381,True
librispeech_0824,librispeech_0824,575f6677b437d6a2f0f8359b7a5644c32db1b809e8d9360caad1c05150609bf4,6.77,medium,morning,unknown,16000,22,3.25,True
librispeech_0825,librispeech_0825,575f6677b437d6a2f0f8359b7a5644c32db1b809e8d9360caad1c05150609bf4,3.77,medium,afternoon,unknown,16000,7,1.857,True
librispeech_0826,librispeech_0826,575f6677b437d6a2f0f8359b7a5644c32db1b809e8d9360caad1c05150609bf4,6.43,medium,evening,unknown,16000,14,2.177,True
librispeech_0827,librispeech_0827,575f6677b437d6a2f0f8359b7a5644c32db1b809e8d9360caad1c05150609bf4,6.54,medium,night,unknown,16000,16,2.446,True
librispeech_0828,librispeech_0828,575f6677b437d6a2f0f8359b7a5644c32db1b809e8d9360caad1c05150609bf4,4.395,medium,morning,unknown,16000,12,2.73,True
librispeech_0829,librispeech_0829,575f6677b437d6a2f0f8359b7a5644c32db1b809e8d9360caad1c05150609bf4,2.8,short,afternoon,unknown,16000,7,2.5,True
librispeech_0830,librispeech_0830,575f6677b437d6a2f0f8359b7a5644c32db1b809e8d9360caad1c05150609bf4,3.005,medium,evening,unknown,16000,10,3.328,True
librispeech_0831,librispeech_0831,575f6677b437d6a2f0f8359b7a5644c32db1b809e8d9360caad1c05150609bf4,8.05,long,night,unknown,16000,20,2.484,True
librispeech_0832,librispeech_0832,575f6677b437d6a2f0f8359b7a5644c32db1b809e8d9360caad1c05150609bf4,10.08,long,morning,unknown,16000,28,2.778,True
librispeech_0833,librispeech_0833,575f6677b437d6a2f0f8359b7a5644c32db1b809e8d9360caad1c05150609bf4,6.515,medium,afternoon,unknown,16000,12,1.842,True
librispeech_0834,librispeech_0834,575f6677b437d6a2f0f8359b7a5644c32db1b809e8d9360caad1c05150609bf4,6.0,medium,evening,unknown,16000,14,2.333,True
librispeech_0835,librispeech_0835,575f6677b437d6a2f0f8359b7a5644c32db1b809e8d9360caad1c05150609bf4,4.57,medium,night,unknown,16000,7,1.532,True
librispeech_0836,librispeech_0836,575f6677b437d6a2f0f8359b7a5644c32db1b809e8d9360caad1c05150609bf4,7.295,long,morning,unknown,16000,20,2.742,True
librispeech_0837,librispeech_0837,575f6677b437d6a2f0f8359b7a5644c32db1b809e8d9360caad1c05150609bf4,6.85,medium,afternoon,unknown,16000,15,2.19,True
librispeech_0838,librispeech_0838,575f6677b437d6a2f0f8359b7a5644c32db1b809e8d9360caad1c05150609bf4,5.485,medium,evening,unknown,16000,12,2.188,True
librispeech_0839,librispeech_0839,575f6677b437d6a2f0f8359b7a5644c32db1b809e8d9360caad1c05150609bf4,9.945,long,night,unknown,16000,26,2.614,True
librispeech_0840,librispeech_0840,575f6677b437d6a2f0f8359b7a5644c32db1b809e8d9360caad1c05150609bf4,9.865,long,morning,unknown,16000,17,1.723,True
librispeech_0841,librispeech_0841,575f6677b437d6a2f0f8359b7a5644c32db1b809e8d9360caad1c05150609bf4,5.94,medium,afternoon,unknown,16000,15,2.525,True
librispeech_0842,librispeech_0842,575f6677b437d6a2f0f8359b7a5644c32db1b809e8d9360caad1c05150609bf4,8.17,long,evening,unknown,16000,18,2.203,True
librispeech_0843,librispeech_0843,575f6677b437d6a2f0f8359b7a5644c32db1b809e8d9360caad1c05150609bf4,10.66,long,night,unknown,16000,28,2.627,True
librispeech_0844,librispeech_0844,575f6677b437d6a2f0f8359b7a5644c32db1b809e8d9360caad1c05150609bf4,20.82,long,morning,unknown,16000,51,2.45,True
librispeech_0845,librispeech_0845,575f6677b437d6a2f0f8359b7a5644c32db1b809e8d9360caad1c05150609bf4,6.465,medium,afternoon,unknown,16000,20,3.094,True
librispeech_0846,librispeech_0846,575f6677b437d6a2f0f8359b7a5644c32db1b809e8d9360caad1c05150609bf4,5.705,medium,evening,unknown,16000,11,1.928,True
librispeech_0847,librispeech_0847,575f6677b437d6a2f0f8359b7a5644c32db1b809e8d9360caad1c05150609bf4,10.43,long,night,unknown,16000,26,2.493,True
librispeech_0848,librispeech_0848,575f6677b437d6a2f0f8359b7a5644c32db1b809e8d9360caad1c05150609bf4,6.4,medium,morning,unknown,16000,15,2.344,True
librispeech_0849,librispeech_0849,575f6677b437d6a2f0f8359b7a5644c32db1b809e8d9360caad1c05150609bf4,10.65,long,afternoon,unknown,16000,26,2.441,True
librispeech_0850,librispeech_0850,575f6677b437d6a2f0f8359b7a5644c32db1b809e8d9360caad1c05150609bf4,11.505,long,evening,unknown,16000,32,2.781,True
librispeech_0851,librispeech_0851,575f6677b437d6a2f0f8359b7a5644c32db1b809e8d9360caad1c05150609bf4,5.455,medium,night,unknown,16000,10,1.833,True
librispeech_0852,librispeech_0852,575f6677b437d6a2f0f8359b7a5644c32db1b809e8d9360caad1c05150609bf4,6.76,medium,morning,unknown,16000,13,1.923,True
librispeech_0853,librispeech_0853,575f6677b437d6a2f0f8359b7a5644c32db1b809e8d9360caad1c05150609bf4,2.59,short,afternoon,unknown,16000,6,2.317,True
librispeech_0854,librispeech_0854,575f6677b437d6a2f0f8359b7a5644c32db1b809e8d9360caad1c05150609bf4,2.355,short,evening,unknown,16000,12,5.096,True
librispeech_0855,librispeech_0855,575f6677b437d6a2f0f8359b7a5644c32db1b809e8d9360caad1c05150609bf4,4.5,medium,night,unknown,16000,18,4.0,True
librispeech_0856,librispeech_0856,575f6677b437d6a2f0f8359b7a5644c32db1b809e8d9360caad1c05150609bf4,3.075,medium,morning,unknown,16000,8,2.602,True
librispeech_0857,librispeech_0857,575f6677b437d6a2f0f8359b7a5644c32db1b809e8d9360caad1c05150609bf4,4.58,medium,afternoon,unknown,16000,13,2.838,True
librispeech_0858,librispeech_0858,575f6677b437d6a2f0f8359b7a5644c32db1b809e8d9360caad1c05150609bf4,3.26,medium,evening,unknown,16000,14,4.294,True
librispeech_0859,librispeech_0859,575f6677b437d6a2f0f8359b7a5644c32db1b809e8d9360caad1c05150609bf4,4.64,medium,night,unknown,16000,17,3.664,True
librispeech_0860,librispeech_0860,575f6677b437d6a2f0f8359b7a5644c32db1b809e8d9360caad1c05150609bf4,3.005,medium,morning,unknown,16000,10,3.328,True
librispeech_0861,librispeech_0861,575f6677b437d6a2f0f8359b7a5644c32db1b809e8d9360caad1c05150609bf4,4.93,medium,afternoon,unknown,16000,17,3.448,True
librispeech_0862,librispeech_0862,575f6677b437d6a2f0f8359b7a5644c32db1b809e8d9360caad1c05150609bf4,4.49,medium,evening,unknown,16000,13,2.895,True
librispeech_0863,librispeech_0863,575f6677b437d6a2f0f8359b7a5644c32db1b809e8d9360caad1c05150609bf4,2.71,short,night,unknown,16000,5,1.845,True
librispeech_0864,librispeech_0864,575f6677b437d6a2f0f8359b7a5644c32db1b809e8d9360caad1c05150609bf4,3.805,medium,morning,unknown,16000,21,5.519,True
librispeech_0865,librispeech_0865,575f6677b437d6a2f0f8359b7a5644c32db1b809e8d9360caad1c05150609bf4,5.12,medium,afternoon,unknown,16000,20,3.906,True
librispeech_0866,librispeech_0866,575f6677b437d6a2f0f8359b7a5644c32db1b809e8d9360caad1c05150609bf4,2.29,short,evening,unknown,16000,4,1.747,True
librispeech_0867,librispeech_0867,575f6677b437d6a2f0f8359b7a5644c32db1b809e8d9360caad1c05150609bf4,2.06,short,night,unknown,16000,7,3.398,True
librispeech_0868,librispeech_0868,575f6677b437d6a2f0f8359b7a5644c32db1b809e8d9360caad1c05150609bf4,3.785,medium,morning,unknown,16000,11,2.906,True
librispeech_0869,librispeech_0869,575f6677b437d6a2f0f8359b7a5644c32db1b809e8d9360caad1c05150609bf4,8.23,long,afternoon,unknown,16000,23,2.795,True
librispeech_0870,librispeech_0870,575f6677b437d6a2f0f8359b7a5644c32db1b809e8d9360caad1c05150609bf4,7.445,long,evening,unknown,16000,26,3.492,True
librispeech_0871,librispeech_0871,575f6677b437d6a2f0f8359b7a5644c32db1b809e8d9360caad1c05150609bf4,5.065,medium,night,unknown,16000,15,2.962,True
librispeech_0872,librispeech_0872,575f6677b437d6a2f0f8359b7a5644c32db1b809e8d9360caad1c05150609bf4,2.955,short,morning,unknown,16000,9,3.046,True
librispeech_0873,librispeech_0873,575f6677b437d6a2f0f8359b7a5644c32db1b809e8d9360caad1c05150609bf4,4.69,medium,afternoon,unknown,16000,14,2.985,True
librispeech_0874,librispeech_0874,575f6677b437d6a2f0f8359b7a5644c32db1b809e8d9360caad1c05150609bf4,2.99,short,evening,unknown,16000,15,5.017,True
librispeech_0875,librispeech_0875,575f6677b437d6a2f0f8359b7a5644c32db1b809e8d9360caad1c05150609bf4,4.975,medium,night,unknown,16000,18,3.618,True
librispeech_0876,librispeech_0876,575f6677b437d6a2f0f8359b7a5644c32db1b809e8d9360caad1c05150609bf4,7.78,long,morning,unknown,16000,28,3.599,True
librispeech_0877,librispeech_0877,575f6677b437d6a2f0f8359b7a5644c32db1b809e8d9360caad1c05150609bf4,9.35,long,afternoon,unknown,16000,35,3.743,True
librispeech_0878,librispeech_0878,575f6677b437d6a2f0f8359b7a5644c32db1b809e8d9360caad1c05150609bf4,4.41,medium,evening,unknown,16000,16,3.628,True
librispeech_0879,librispeech_0879,575f6677b437d6a2f0f8359b7a5644c32db1b809e8d9360caad1c05150609bf4,5.32,medium,night,unknown,16000,15,2.82,True
librispeech_0880,librispeech_0880,575f6677b437d6a2f0f8359b7a5644c32db1b809e8d9360caad1c05150609bf4,2.27,short,morning,unknown,16000,5,2.203,True
librispeech_0881,librispeech_0881,575f6677b437d6a2f0f8359b7a5644c32db1b809e8d9360caad1c05150609bf4,14.47,long,afternoon,unknown,16000,47,3.248,True
librispeech_0882,librispeech_0882,575f6677b437d6a2f0f8359b7a5644c32db1b809e8d9360caad1c05150609bf4,2.89,short,evening,unknown,16000,7,2.422,True
librispeech_0883,librispeech_0883,575f6677b437d6a2f0f8359b7a5644c32db1b809e8d9360caad1c05150609bf4,2.97,short,night,unknown,16000,10,3.367,True
librispeech_0884,librispeech_0884,575f6677b437d6a2f0f8359b7a5644c32db1b809e8d9360caad1c05150609bf4,3.005,medium,morning,unknown,16000,9,2.995,True
librispeech_0885,librispeech_0885,575f6677b437d6a2f0f8359b7a5644c32db1b809e8d9360caad1c05150609bf4,2.975,short,afternoon,unknown,16000,7,2.353,True
librispeech_0886,librispeech_0886,575f6677b437d6a2f0f8359b7a5644c32db1b809e8d9360caad1c05150609bf4,5.565,medium,evening,unknown,16000,23,4.133,True
librispeech_0887,librispeech_0887,575f6677b437d6a2f0f8359b7a5644c32db1b809e8d9360caad1c05150609bf4,5.81,medium,night,unknown,16000,22,3.787,True
librispeech_0888,librispeech_0888,575f6677b437d6a2f0f8359b7a5644c32db1b809e8d9360caad1c05150609bf4,2.445,short,morning,unknown,16000,10,4.09,True
librispeech_0889,librispeech_0889,575f6677b437d6a2f0f8359b7a5644c32db1b809e8d9360caad1c05150609bf4,3.7,medium,afternoon,unknown,16000,17,4.595,True
librispeech_0890,librispeech_0890,575f6677b437d6a2f0f8359b7a5644c32db1b809e8d9360caad1c05150609bf4,2.345,short,evening,unknown,16000,4,1.706,True
librispeech_0891,librispeech_0891,575f6677b437d6a2f0f8359b7a5644c32db1b809e8d9360caad1c05150609bf4,6.4,medium,night,unknown,16000,22,3.438,True
librispeech_0892,librispeech_0892,575f6677b437d6a2f0f8359b7a5644c32db1b809e8d9360caad1c05150609bf4,6.63,medium,morning,unknown,16000,24,3.62,True
librispeech_0893,librispeech_0893,575f6677b437d6a2f0f8359b7a5644c32db1b809e8d9360caad1c05150609bf4,4.025,medium,afternoon,unknown,16000,14,3.478,True
librispeech_0894,librispeech_0894,575f6677b437d6a2f0f8359b7a5644c32db1b809e8d9360caad1c05150609bf4,6.59,medium,evening,unknown,16000,23,3.49,True
librispeech_0895,librispeech_0895,575f6677b437d6a2f0f8359b7a5644c32db1b809e8d9360caad1c05150609bf4,11.81,long,night,unknown,16000,41,3.472,True
librispeech_0896,librispeech_0896,575f6677b437d6a2f0f8359b7a5644c32db1b809e8d9360caad1c05150609bf4,7.515,long,morning,unknown,16000,21,2.794,True
librispeech_0897,librispeech_0897,575f6677b437d6a2f0f8359b7a5644c32db1b809e8d9360caad1c05150609bf4,3.38,medium,afternoon,unknown,16000,9,2.663,True
librispeech_0898,librispeech_0898,575f6677b437d6a2f0f8359b7a5644c32db1b809e8d9360caad1c05150609bf4,4.35,medium,evening,unknown,16000,16,3.678,True
librispeech_0899,librispeech_0899,575f6677b437d6a2f0f8359b7a5644c32db1b809e8d9360caad1c05150609bf4,5.055,medium,night,unknown,16000,17,3.363,True
librispeech_0900,librispeech_0900,8ba7382111ef7d3e3b12cc6ecf2cf94b07fa32eb95204f9363b5c234737e74c3,6.195,medium,morning,unknown,16000,19,3.067,True
librispeech_0901,librispeech_0901,8ba7382111ef7d3e3b12cc6ecf2cf94b07fa32eb95204f9363b5c234737e74c3,3.095,medium,afternoon,unknown,16000,8,2.585,True
librispeech_0902,librispeech_0902,8ba7382111ef7d3e3b12cc6ecf2cf94b07fa32eb95204f9363b5c234737e74c3,2.315,short,evening,unknown,16000,6,2.592,True
librispeech_0903,librispeech_0903,8ba7382111ef7d3e3b12cc6ecf2cf94b07fa32eb95204f9363b5c234737e74c3,11.925,long,night,unknown,16000,42,3.522,True
librispeech_0904,librispeech_0904,8ba7382111ef7d3e3b12cc6ecf2cf94b07fa32eb95204f9363b5c234737e74c3,6.295,medium,morning,unknown,16000,23,3.654,True
librispeech_0905,librispeech_0905,8ba7382111ef7d3e3b12cc6ecf2cf94b07fa32eb95204f9363b5c234737e74c3,3.255,medium,afternoon,unknown,16000,6,1.843,True
librispeech_0906,librispeech_0906,8ba7382111ef7d3e3b12cc6ecf2cf94b07fa32eb95204f9363b5c234737e74c3,4.375,medium,evening,unknown,16000,14,3.2,True
librispeech_0907,librispeech_0907,8ba7382111ef7d3e3b12cc6ecf2cf94b07fa32eb95204f9363b5c234737e74c3,3.795,medium,night,unknown,16000,8,2.108,True
librispeech_0908,librispeech_0908,8ba7382111ef7d3e3b12cc6ecf2cf94b07fa32eb95204f9363b5c234737e74c3,4.43,medium,morning,unknown,16000,17,3.837,True
librispeech_0909,librispeech_0909,8ba7382111ef7d3e3b12cc6ecf2cf94b07fa32eb95204f9363b5c234737e74c3,3.505,medium,afternoon,unknown,16000,12,3.424,True
librispeech_0910,librispeech_0910,8ba7382111ef7d3e3b12cc6ecf2cf94b07fa32eb95204f9363b5c234737e74c3,3.795,medium,evening,unknown,16000,11,2.899,True
librispeech_0911,librispeech_0911,8ba7382111ef7d3e3b12cc6ecf2cf94b07fa32eb95204f9363b5c234737e74c3,6.695,medium,night,unknown,16000,22,3.286,True
librispeech_0912,librispeech_0912,8ba7382111ef7d3e3b12cc6ecf2cf94b07fa32eb95204f9363b5c234737e74c3,2.265,short,morning,unknown,16000,3,1.325,True
librispeech_0913,librispeech_0913,8ba7382111ef7d3e3b12cc6ecf2cf94b07fa32eb95204f9363b5c234737e74c3,2.205,short,afternoon,unknown,16000,8,3.628,True
librispeech_0914,librispeech_0914,8ba7382111ef7d3e3b12cc6ecf2cf94b07fa32eb95204f9363b5c234737e74c3,2.815,short,evening,unknown,16000,11,3.908,True
librispeech_0915,librispeech_0915,8ba7382111ef7d3e3b12cc6ecf2cf94b07fa32eb95204f9363b5c234737e74c3,11.8,long,night,unknown,16000,35,2.966,True
librispeech_0916,librispeech_0916,8ba7382111ef7d3e3b12cc6ecf2cf94b07fa32eb95204f9363b5c234737e74c3,3.67,medium,morning,unknown,16000,13,3.542,True
librispeech_0917,librispeech_0917,8ba7382111ef7d3e3b12cc6ecf2cf94b07fa32eb95204f9363b5c234737e74c3,5.45,medium,afternoon,unknown,16000,21,3.853,True
librispeech_0918,librispeech_0918,8ba7382111ef7d3e3b12cc6ecf2cf94b07fa32eb95204f9363b5c234737e74c3,3.9,medium,evening,unknown,16000,13,3.333,True
librispeech_0919,librispeech_0919,8ba7382111ef7d3e3b12cc6ecf2cf94b07fa32eb95204f9363b5c234737e74c3,4.58,medium,night,unknown,16000,11,2.402,True
librispeech_0920,librispeech_0920,8ba7382111ef7d3e3b12cc6ecf2cf94b07fa32eb95204f9363b5c234737e74c3,2.96,short,morning,unknown,16000,8,2.703,True
librispeech_0921,librispeech_0921,8ba7382111ef7d3e3b12cc6ecf2cf94b07fa32eb95204f9363b5c234737e74c3,2.455,short,afternoon,unknown,16000,10,4.073,True
librispeech_0922,librispeech_0922,8ba7382111ef7d3e3b12cc6ecf2cf94b07fa32eb95204f9363b5c234737e74c3,5.07,medium,evening,unknown,16000,18,3.55,True
librispeech_0923,librispeech_0923,8ba7382111ef7d3e3b12cc6ecf2cf94b07fa32eb95204f9363b5c234737e74c3,4.78,medium,night,unknown,16000,12,2.51,True
librispeech_0924,librispeech_0924,8ba7382111ef7d3e3b12cc6ecf2cf94b07fa32eb95204f9363b5c234737e74c3,4.23,medium,morning,unknown,16000,14,3.31,True
librispeech_0925,librispeech_0925,8ba7382111ef7d3e3b12cc6ecf2cf94b07fa32eb95204f9363b5c234737e74c3,2.215,short,afternoon,unknown,16000,7,3.16,True
librispeech_0926,librispeech_0926,8ba7382111ef7d3e3b12cc6ecf2cf94b07fa32eb95204f9363b5c234737e74c3,3.09,medium,evening,unknown,16000,7,2.265,True
librispeech_0927,librispeech_0927,8ba7382111ef7d3e3b12cc6ecf2cf94b07fa32eb95204f9363b5c234737e74c3,3.605,medium,night,unknown,16000,17,4.716,True
librispeech_0928,librispeech_0928,8ba7382111ef7d3e3b12cc6ecf2cf94b07fa32eb95204f9363b5c234737e74c3,11.335,long,morning,unknown,16000,38,3.352,True
librispeech_0929,librispeech_0929,8ba7382111ef7d3e3b12cc6ecf2cf94b07fa32eb95204f9363b5c234737e74c3,7.52,long,afternoon,unknown,16000,28,3.723,True
librispeech_0930,librispeech_0930,8ba7382111ef7d3e3b12cc6ecf2cf94b07fa32eb95204f9363b5c234737e74c3,7.475,long,evening,unknown,16000,25,3.344,True
librispeech_0931,librispeech_0931,8ba7382111ef7d3e3b12cc6ecf2cf94b07fa32eb95204f9363b5c234737e74c3,8.685,long,night,unknown,16000,28,3.224,True
librispeech_0932,librispeech_0932,8ba7382111ef7d3e3b12cc6ecf2cf94b07fa32eb95204f9363b5c234737e74c3,5.705,medium,morning,unknown,16000,21,3.681,True
librispeech_0933,librispeech_0933,8ba7382111ef7d3e3b12cc6ecf2cf94b07fa32eb95204f9363b5c234737e74c3,2.46,short,afternoon,unknown,16000,6,2.439,True
librispeech_0934,librispeech_0934,8ba7382111ef7d3e3b12cc6ecf2cf94b07fa32eb95204f9363b5c234737e74c3,6.98,medium,evening,unknown,16000,20,2.865,True
librispeech_0935,librispeech_0935,8ba7382111ef7d3e3b12cc6ecf2cf94b07fa32eb95204f9363b5c234737e74c3,12.905,long,night,unknown,16000,43,3.332,True
librispeech_0936,librispeech_0936,8ba7382111ef7d3e3b12cc6ecf2cf94b07fa32eb95204f9363b5c234737e74c3,4.29,medium,morning,unknown,16000,13,3.03,True
librispeech_0937,librispeech_0937,8ba7382111ef7d3e3b12cc6ecf2cf94b07fa32eb95204f9363b5c234737e74c3,5.25,medium,afternoon,unknown,16000,19,3.619,True
librispeech_0938,librispeech_0938,8ba7382111ef7d3e3b12cc6ecf2cf94b07fa32eb95204f9363b5c234737e74c3,7.925,long,evening,unknown,16000,26,3.281,True
librispeech_0939,librispeech_0939,8ba7382111ef7d3e3b12cc6ecf2cf94b07fa32eb95204f9363b5c234737e74c3,4.67,medium,night,unknown,16000,16,3.426,True
librispeech_0940,librispeech_0940,8ba7382111ef7d3e3b12cc6ecf2cf94b07fa32eb95204f9363b5c234737e74c3,11.69,long,morning,unknown,16000,38,3.251,True
librispeech_0941,librispeech_0941,8ba7382111ef7d3e3b12cc6ecf2cf94b07fa32eb95204f9363b5c234737e74c3,5.16,medium,afternoon,unknown,16000,12,2.326,True
librispeech_0942,librispeech_0942,8ba7382111ef7d3e3b12cc6ecf2cf94b07fa32eb95204f9363b5c234737e74c3,2.32,short,evening,unknown,16000,5,2.155,True
librispeech_0943,librispeech_0943,8ba7382111ef7d3e3b12cc6ecf2cf94b07fa32eb95204f9363b5c234737e74c3,7.07,long,night,unknown,16000,27,3.819,True
librispeech_0944,librispeech_0944,8ba7382111ef7d3e3b12cc6ecf2cf94b07fa32eb95204f9363b5c234737e74c3,3.435,medium,morning,unknown,16000,7,2.038,True
librispeech_0945,librispeech_0945,8ba7382111ef7d3e3b12cc6ecf2cf94b07fa32eb95204f9363b5c234737e74c3,5.425,medium,afternoon,unknown,16000,15,2.765,True
librispeech_0946,librispeech_0946,8ba7382111ef7d3e3b12cc6ecf2cf94b07fa32eb95204f9363b5c234737e74c3,1.86,short,evening,unknown,16000,7,3.763,True
librispeech_0947,librispeech_0947,8ba7382111ef7d3e3b12cc6ecf2cf94b07fa32eb95204f9363b5c234737e74c3,9.065,long,night,unknown,16000,33,3.64,True
librispeech_0948,librispeech_0948,8ba7382111ef7d3e3b12cc6ecf2cf94b07fa32eb95204f9363b5c234737e74c3,7.96,long,morning,unknown,16000,32,4.02,True
librispeech_0949,librispeech_0949,8ba7382111ef7d3e3b12cc6ecf2cf94b07fa32eb95204f9363b5c234737e74c3,4.2,medium,afternoon,unknown,16000,16,3.81,True
librispeech_0950,librispeech_0950,8ba7382111ef7d3e3b12cc6ecf2cf94b07fa32eb95204f9363b5c234737e74c3,4.55,medium,evening,unknown,16000,9,1.978,True
librispeech_0951,librispeech_0951,8ba7382111ef7d3e3b12cc6ecf2cf94b07fa32eb95204f9363b5c234737e74c3,9.05,long,night,unknown,16000,24,2.652,True
librispeech_0952,librispeech_0952,8ba7382111ef7d3e3b12cc6ecf2cf94b07fa32eb95204f9363b5c234737e74c3,2.785,short,morning,unknown,16000,4,1.436,True
librispeech_0953,librispeech_0953,8ba7382111ef7d3e3b12cc6ecf2cf94b07fa32eb95204f9363b5c234737e74c3,2.73,short,afternoon,unknown,16000,4,1.465,True
librispeech_0954,librispeech_0954,8ba7382111ef7d3e3b12cc6ecf2cf94b07fa32eb95204f9363b5c234737e74c3,6.195,medium,evening,unknown,16000,18,2.906,True
librispeech_0955,librispeech_0955,8ba7382111ef7d3e3b12cc6ecf2cf94b07fa32eb95204f9363b5c234737e74c3,5.21,medium,night,unknown,16000,12,2.303,True
librispeech_0956,librispeech_0956,8ba7382111ef7d3e3b12cc6ecf2cf94b07fa32eb95204f9363b5c234737e74c3,4.93,medium,morning,unknown,16000,10,2.028,True
librispeech_0957,librispeech_0957,8ba7382111ef7d3e3b12cc6ecf2cf94b07fa32eb95204f9363b5c234737e74c3,3.7,medium,afternoon,unknown,16000,15,4.054,True
librispeech_0958,librispeech_0958,8ba7382111ef7d3e3b12cc6ecf2cf94b07fa32eb95204f9363b5c234737e74c3,9.25,long,evening,unknown,16000,28,3.027,True
librispeech_0959,librispeech_0959,8ba7382111ef7d3e3b12cc6ecf2cf94b07fa32eb95204f9363b5c234737e74c3,10.295,long,night,unknown,16000,32,3.108,True
librispeech_0960,librispeech_0960,8ba7382111ef7d3e3b12cc6ecf2cf94b07fa32eb95204f9363b5c234737e74c3,6.625,medium,morning,unknown,16000,20,3.019,True
librispeech_0961,librispeech_0961,8ba7382111ef7d3e3b12cc6ecf2cf94b07fa32eb95204f9363b5c234737e74c3,3.105,medium,afternoon,unknown,16000,8,2.576,True
librispeech_0962,librispeech_0962,8ba7382111ef7d3e3b12cc6ecf2cf94b07fa32eb95204f9363b5c234737e74c3,3.025,medium,evening,unknown,16000,9,2.975,True
librispeech_0963,librispeech_0963,8ba7382111ef7d3e3b12cc6ecf2cf94b07fa32eb95204f9363b5c234737e74c3,11.25,long,night,unknown,16000,30,2.667,True
librispeech_0964,librispeech_0964,8ba7382111ef7d3e3b12cc6ecf2cf94b07fa32eb95204f9363b5c234737e74c3,1.845,short,morning,unknown,16000,4,2.168,True
librispeech_0965,librispeech_0965,8ba7382111ef7d3e3b12cc6ecf2cf94b07fa32eb95204f9363b5c234737e74c3,5.33,medium,afternoon,unknown,16000,14,2.627,True
librispeech_0966,librispeech_0966,8ba7382111ef7d3e3b12cc6ecf2cf94b07fa32eb95204f9363b5c234737e74c3,3.37,medium,evening,unknown,16000,11,3.264,True
librispeech_0967,librispeech_0967,8ba7382111ef7d3e3b12cc6ecf2cf94b07fa32eb95204f9363b5c234737e74c3,5.01,medium,night,unknown,16000,14,2.794,True
librispeech_0968,librispeech_0968,8ba7382111ef7d3e3b12cc6ecf2cf94b07fa32eb95204f9363b5c234737e74c3,7.96,long,morning,unknown,16000,26,3.266,True
librispeech_0969,librispeech_0969,8ba7382111ef7d3e3b12cc6ecf2cf94b07fa32eb95204f9363b5c234737e74c3,3.115,medium,afternoon,unknown,16000,9,2.889,True
librispeech_0970,librispeech_0970,8ba7382111ef7d3e3b12cc6ecf2cf94b07fa32eb95204f9363b5c234737e74c3,10.675,long,evening,unknown,16000,32,2.998,True
librispeech_0971,librispeech_0971,8ba7382111ef7d3e3b12cc6ecf2cf94b07fa32eb95204f9363b5c234737e74c3,7.515,long,night,unknown,16000,19,2.528,True
librispeech_0972,librispeech_0972,8ba7382111ef7d3e3b12cc6ecf2cf94b07fa32eb95204f9363b5c234737e74c3,10.08,long,morning,unknown,16000,33,3.274,True
librispeech_0973,librispeech_0973,8ba7382111ef7d3e3b12cc6ecf2cf94b07fa32eb95204f9363b5c234737e74c3,2.795,short,afternoon,unknown,16000,5,1.789,True
librispeech_0974,librispeech_0974,8ba7382111ef7d3e3b12cc6ecf2cf94b07fa32eb95204f9363b5c234737e74c3,5.985,medium,evening,unknown,16000,18,3.008,True
librispeech_0975,librispeech_0975,8ba7382111ef7d3e3b12cc6ecf2cf94b07fa32eb95204f9363b5c234737e74c3,1.94,short,night,unknown,16000,5,2.577,True
librispeech_0976,librispeech_0976,8ba7382111ef7d3e3b12cc6ecf2cf94b07fa32eb95204f9363b5c234737e74c3,15.925,long,morning,unknown,16000,55,3.454,True
librispeech_0977,librispeech_0977,8ba7382111ef7d3e3b12cc6ecf2cf94b07fa32eb95204f9363b5c234737e74c3,3.97,medium,afternoon,unknown,16000,14,3.526,True
librispeech_0978,librispeech_0978,8ba7382111ef7d3e3b12cc6ecf2cf94b07fa32eb95204f9363b5c234737e74c3,4.59,medium,evening,unknown,16000,14,3.05,True
librispeech_0979,librispeech_0979,8ba7382111ef7d3e3b12cc6ecf2cf94b07fa32eb95204f9363b5c234737e74c3,7.58,long,night,unknown,16000,23,3.034,True
librispeech_0980,librispeech_0980,8ba7382111ef7d3e3b12cc6ecf2cf94b07fa32eb95204f9363b5c234737e74c3,4.33,medium,morning,unknown,16000,18,4.157,True
librispeech_0981,librispeech_0981,8ba7382111ef7d3e3b12cc6ecf2cf94b07fa32eb95204f9363b5c234737e74c3,7.75,long,afternoon,unknown,16000,22,2.839,True
librispeech_0982,librispeech_0982,8ba7382111ef7d3e3b12cc6ecf2cf94b07fa32eb95204f9363b5c234737e74c3,9.275,long,evening,unknown,16000,34,3.666,True
librispeech_0983,librispeech_0983,8ba7382111ef7d3e3b12cc6ecf2cf94b07fa32eb95204f9363b5c234737e74c3,2.075,short,night,unknown,16000,7,3.373,True
librispeech_0984,librispeech_0984,8ba7382111ef7d3e3b12cc6ecf2cf94b07fa32eb95204f9363b5c234737e74c3,10.025,long,morning,unknown,16000,27,2.693,True
librispeech_0985,librispeech_0985,8ba7382111ef7d3e3b12cc6ecf2cf94b07fa32eb95204f9363b5c234737e74c3,7.605,long,afternoon,unknown,16000,19,2.498,True
librispeech_0986,librispeech_0986,8ba7382111ef7d3e3b12cc6ecf2cf94b07fa32eb95204f9363b5c234737e74c3,32.145,long,evening,unknown,16000,90,2.8,True
librispeech_0987,librispeech_0987,8ba7382111ef7d3e3b12cc6ecf2cf94b07fa32eb95204f9363b5c234737e74c3,11.575,long,night,unknown,16000,33,2.851,True
librispeech_0988,librispeech_0988,8ba7382111ef7d3e3b12cc6ecf2cf94b07fa32eb95204f9363b5c234737e74c3,23.51,long,morning,unknown,16000,55,2.339,True
librispeech_0989,librispeech_0989,8ba7382111ef7d3e3b12cc6ecf2cf94b07fa32eb95204f9363b5c234737e74c3,17.77,long,afternoon,unknown,16000,42,2.364,True
librispeech_0990,librispeech_0990,8ba7382111ef7d3e3b12cc6ecf2cf94b07fa32eb95204f9363b5c234737e74c3,11.585,long,evening,unknown,16000,36,3.107,True
librispeech_0991,librispeech_0991,8ba7382111ef7d3e3b12cc6ecf2cf94b07fa32eb95204f9363b5c234737e74c3,10.08,long,night,unknown,16000,29,2.877,True
librispeech_0992,librispeech_0992,8ba7382111ef7d3e3b12cc6ecf2cf94b07fa32eb95204f9363b5c234737e74c3,9.68,long,morning,unknown,16000,29,2.996,True
librispeech_0993,librispeech_0993,8ba7382111ef7d3e3b12cc6ecf2cf94b07fa32eb95204f9363b5c234737e74c3,4.255,medium,afternoon,unknown,16000,9,2.115,True
librispeech_0994,librispeech_0994,8ba7382111ef7d3e3b12cc6ecf2cf94b07fa32eb95204f9363b5c234737e74c3,3.89,medium,evening,unknown,16000,10,2.571,True
librispeech_0995,librispeech_0995,8ba7382111ef7d3e3b12cc6ecf2cf94b07fa32eb95204f9363b5c234737e74c3,6.93,medium,night,unknown,16000,21,3.03,True
librispeech_0996,librispeech_0996,8ba7382111ef7d3e3b12cc6ecf2cf94b07fa32eb95204f9363b5c234737e74c3,4.3,medium,morning,unknown,16000,13,3.023,True
librispeech_0997,librispeech_0997,8ba7382111ef7d3e3b12cc6ecf2cf94b07fa32eb95204f9363b5c234737e74c3,8.085,long,afternoon,unknown,16000,21,2.597,True
librispeech_0998,librispeech_0998,8ba7382111ef7d3e3b12cc6ecf2cf94b07fa32eb95204f9363b5c234737e74c3,12.295,long,evening,unknown,16000,34,2.765,True
librispeech_0999,librispeech_0999,8ba7382111ef7d3e3b12cc6ecf2cf94b07fa32eb95204f9363b5c234737e74c3,3.45,medium,night,unknown,16000,5,1.449,True
